record_id	tier	year	journal	title	doi	accession_codes	n_accessions_resolved	n_samples_in_repository	disease_field	disease_field_source	disease_field_is_free_text	disease_group	healthy_cohort	body_site	sequencing_type	country	tier_source	needs_curator_check
MMC2-00037	1	2020	Gut microbes	Establishing high-accuracy biomarkers for colorectal cancer by comparing fecal microbiomes in patients with healthy families.	10.1080/19490976.2020.1712986	PRJEB10878; PRJEB6070; PRJNA429097	3	746	Diagnosis	disease_key		Cancer		Gut	Both	China	reviewer_agrees	
MMC2-00038	1	2020	Gut	Influence of gastrectomy for gastric cancer treatment on faecal microbiome and metabolome profiles.	10.1136/gutjnl-2019-319188	DRA006684; DRA007281; DRA008156; DRA008243	4	695	host_disease_stat	disease_key		Cancer		Gut	Shotgun	Japan	reviewer_agrees	
MMC2-00047	1	2018	American journal of respiratory and critical care medicine	Airway Microbiota Is Associated with Upregulation of the PI3K Pathway in Lung Cancer.	10.1164/rccm.201710-2118OC	PRJNA397867; PRJNA412846	2	254	sample_title; under	reviewer_note	yes	Cancer		Pulmonary	Amplicon	United States	no_identifies_disease_field	
MMC2-00067	1	2025	mSystems	Gut microbiome mediates the associations between lifestyle factors and risk of colorectal high-risk adenoma: results from a population-based cohort study.	10.1128/msystems.00933-25	CRA028528; DRA006684; DRA008156	2	645	host_disease_stat	disease_key		Cancer		Gut	Shotgun	Japan	reviewer_agrees	
MMC2-00139	1	2014	Molecular systems biology	Potential of fecal microbiota for early-stage detection of colorectal cancer.	10.15252/msb.20145645	PRJEB4336; PRJEB6070	2	716	Diagnosis	disease_key		Cancer		Gut	Both	Denmark	reviewer_agrees	
MMC2-00150	1	2022	Frontiers in cellular and infection microbiology	Oral microbiota and periodontitis severity among Hispanic adults.	10.3389/fcimb.2022.965159	PRJEB42371	1	138	perio_3_categories; perio_4_categories	reviewer_note		Cancer		Oral	Amplicon	Puerto Rico	no_identifies_disease_field	
MMC2-00197	1	2025	Scientific reports	Distinct functional and compositional properties in the gut microbiome of children with acute lymphoblastic leukaemia identified by shotgun metagenomics.	10.1038/s41598-025-27280-7	PRJEB35526; PRJNA1226574; PRJNA421352; PRJNA533024	4	543	Condition; host_phenotype	disease_key		Cancer		Gut	Both	United States	reviewer_agrees	
MMC2-00200	1	2021	Genome medicine	The colorectal cancer-associated faecal microbiome of developing countries resembles that of developed countries.	10.1186/s13073-021-00844-8	PRJEB36789	1	155	sample_type	reviewer_note		Cancer		Gut	Amplicon	United Kingdom	no_identifies_disease_field	
MMC2-00203	1	2021	Clinical cancer research : an official journal of the American Association for           Cancer Research	Microbiome Analysis of More Than 2,000 NHS Bowel Cancer Screening Programme Samples Shows the Potential to Improve Screening Accuracy.	10.1158/1078-0432.CCR-20-3807	PRJEB37635	1	2276	Colonoscopy_status	disease_key		Cancer		Multiple	Amplicon	United States	reviewer_agrees	
MMC2-00214	1	2023	Microbiology spectrum	The Local Tumor Microbiome Is Associated with Survival in Late-Stage Colorectal Cancer Patients.	10.1128/spectrum.05066-22	PRJEB47197; PRJEB57580	2	655	tissue_type	reviewer_note		Cancer		Gut	Amplicon	Sweden [GAZ	reviewer_agrees	
MMC2-00215	1	2014	PloS one	Changes in abundance of oral microbiota associated with oral cancer.	10.1371/journal.pone.0098741	PRJEB4953	1	96	sample_title; tissue	reviewer_note	yes	Cancer		Oral	Both	United States	reviewer_unsure	FLAG_unsure
MMC2-00216	1	2014	PloS one	Mycoplasma salivarium as a dominant coloniser of Fanconi anaemia associated oral carcinoma.	10.1371/journal.pone.0092297	PRJEB5069	1	13	sample_title	reviewer_note	yes	Cancer		Oral	Amplicon	Germany	reviewer_agrees	
MMC2-00225	1	2025	Gut microbes	Atovaquone-proguanil and reduced digestive cancer risk: a Toxoplasma gondii connection.	10.1080/19490976.2025.2545412	PRJEB6070	1	424	Diagnosis	disease_key		Cancer		Gut	Both	France	reviewer_agrees	
MMC2-00274	1	2025	Frontiers in cellular and infection microbiology	Multiomics insights into BMI-related intratumoral microbiota in gastric cancer.	10.3389/fcimb.2025.1511900	PRJNA1061213	1	695	sample_description; tissue	reviewer_note	yes	Cancer		Other	Amplicon	China	no_identifies_disease_field	
MMC2-00299	1	2024	Journal of translational medicine	Urinary microbiome dysbiosis is associated with an inflammatory environment and perturbed fatty acids metabolism in the pathogenesis of bladder cancer.	10.1186/s12967-024-05446-7	PRJNA1104398	1	42	Experiment Title; experiment_title; Sample Alias; sample_alias; Experiment	reviewer_note	yes	Cancer	yes	Other	Amplicon		no_identifies_disease_field	
MMC2-00307	1	2025	European journal of gastroenterology & hepatology	Distinct composition and metabolic potential of biliary microbiota in patients with malignant bile duct obstruction.	10.1097/MEG.0000000000002948	PRJNA1121599	1	56	disease	disease_key		Cancer		Other	Amplicon	China	reviewer_agrees	
MMC2-00311	1	2025	World journal of gastroenterology	Multi-omics reveals the associations among the fecal metabolome, intestinal bacteria, and serum indicators in patients with hepatocellular carcinoma.	10.3748/wjg.v31.i15.104996	PRJNA1127013	1	57	isolate	reviewer_note		Cancer		Gut	Amplicon	China	no_identifies_disease_field	
MMC2-00332	1	2025	Scientific data	Oral microbiome and mycobiome dynamics in cancer therapy-induced oral mucositis.	10.1038/s41597-025-04671-z	PRJNA1158838	1	289	host_disease; host_tissue_sampled	reviewer_note		Cancer		Oral	Amplicon	United States	reviewer_agrees	
MMC2-00387	1	2018	Gut	Gastric microbial community profiling reveals a dysbiotic cancer-associated microbiota.	10.1136/gutjnl-2017-314205	PRJNA310127	1	291	isolation_source	reviewer_note	yes	Cancer		Multiple	Amplicon	China	no_identifies_disease_field	
MMC2-00398	1	2018	Journal of cystic fibrosis : official journal of the European Cystic Fibrosis           Society	16S rRNA gene sequencing reveals site-specific signatures of the upper and lower airways of cystic fibrosis patients.	10.1016/j.jcf.2017.08.007	PRJNA374847	1	24	env_feature	reviewer_note		Respiratory		Multiple	Amplicon	United States	reviewer_agrees	
MMC2-00404	1	2018	PloS one	Evaluation of bloodstream infections, Clostridium difficile infections, and gut microbiota in pediatric oncology patients.	10.1371/journal.pone.0191232	PRJNA411831	1	42	CANCER_TYPE	disease_key		Cancer		Gut	Amplicon	United States	reviewer_agrees	
MMC2-00427	1	2021	Genome medicine	Bacteroides vulgatus and Bacteroides dorei predict immune-related adverse events in immune checkpoint blockade treatment of metastatic melanoma.	10.1186/s13073-021-00974-z	PRJNA541981	1	48	stage; immunotherapy	reviewer_note		Cancer		Gut	Both	United States	no_identifies_disease_field	
MMC2-00438	1	2019	Scientific reports	Fecal microbiome signatures of pancreatic cancer patients.	10.1038/s41598-019-53041-4	PRJNA575620	1	66	sample_description	reviewer_note	yes	Cancer		Gut	Amplicon	Israel	no_identifies_disease_field	
MMC2-00458	1	2021	Communications biology	Development of a robust protocol for the characterization of the pulmonary microbiota.	10.1038/s42003-021-01690-5	PRJNA632856	1	93	tissue; sample_type	reviewer_note		Cancer	yes	Pulmonary	Amplicon	Canada	reviewer_agrees	
MMC2-00477	1	2021	Nutrients	Effect of the Interaction between Dietary Patterns and the Gastric Microbiome on the Risk of Gastric Cancer.	10.3390/nu13082692	PRJNA678287	1	556	Disease_status; isolate	reviewer_note		Cancer		Other	Amplicon		no_identifies_disease_field	
MMC2-00478	1	2021	Prostaglandins, leukotrienes, and essential fatty acids	Altered tissue specialized pro-resolving mediators in chronic rhinosinusitis.	10.1016/j.plefa.2020.102218	PRJNA678776	1	56				Cancer		Nasal	Amplicon	United States	no_without_note	FLAG_empty_note
MMC2-00496	1	2025	mSystems	Temporal network analysis of gut microbiota unveils aging trajectories associated with colon cancer.	10.1128/msystems.01188-24	PRJNA731589; PRJNA763023	2	1410	experiment_title	reviewer_note	yes	Cancer	yes	Gut	Both	China	no_identifies_disease_field	
MMC2-00549	1	2023	Cancer epidemiology, biomarkers & prevention : a publication of the American           Association for Cancer Research, cosponsored by the American Society of            Preventive Oncology	Prospective and Cross-sectional Associations of the Rectal Tissue Microbiome with Colorectal Adenoma Recurrence.	10.1158/1055-9965.EPI-22-0608	PRJNA810087	1	1030	crc_subtype; recur_aden_t1; recur_aden_type	reviewer_note		Cancer		Gut	Shotgun	United States	no_means_disease_present	
MMC2-00557	1	2024	BMC microbiology	Unique genital microbiota in male lichen sclerosus urethral stricture associated with urine exposure.	10.1186/s12866-024-03659-w	PRJNA843054	1	126	sample_alias; isolate	reviewer_note	yes	Healthy	yes	Multiple	Amplicon	China	no_means_disease_present	
MMC2-00559	1	2023	Oral oncology	Oral microbiome and risk of incident head and neck cancer: A nested case-control study.	10.1016/j.oraloncology.2022.106305	PRJNA846182	1	233	Head and neck cancer	disease_key		Cancer		Oral	Both	United States	reviewer_agrees	
MMC2-00579	1	2023	Frontiers in immunology	HPV-related anal cancer is associated with changes in the anorectal microbiome during cancer development.	10.3389/fimmu.2023.1051431	PRJNA880301	1	72	host disease group	disease_key		Cancer		Multiple	Amplicon	United States	reviewer_agrees	
MMC2-00642	1	2015	PloS one	The Oral Bacterial Communities of Children with Well-Controlled HIV Infection and without HIV Infection.	10.1371/journal.pone.0131615	PRJNA278076	1	140	host_disease	disease_key		Cancer		Oral	Amplicon	United States	reviewer_agrees	
MMC2-00940	1	2018	Microbiome	Breast cancer in postmenopausal women is associated with an altered gut metagenome.	10.1186/s40168-018-0515-3		0	0	host_disease	disease_key		Cancer		Gut	Shotgun	China	t4_reviewer_accepts_proposal	
MMC2-01397	1	2022	Journal of gastroenterology and hepatology	Alterations in gut microbiota of esophageal squamous cell carcinoma patients.	10.1111/jgh.15941		0	0	host_disease; alcohol_drinking_status; smoking_status	disease_key		Cancer		Gut	Amplicon	China	reviewer_named_tier	
MMC2-01411	1	2019	Nature medicine	Metagenomic and metabolomic analyses reveal distinct stage-specific phenotypes of the gut microbiota in colorectal cancer.	10.1038/s41591-019-0458-7	DRA006684; DRA008156	2	645	host_disease_stat	disease_key		Cancer		Gut	Shotgun	Japan	no_identifies_disease_field	
MMC2-01414	1	2023	International journal of cancer	Convergent dysbiosis of upper aerodigestive microbiota between patients with esophageal and oral cavity squamous cell carcinoma.	10.1002/ijc.34460	PRJNA870048	1	322	host_disease	disease_key		Cancer		Oral	Amplicon	China	reviewer_agrees	
MMC2-01621	1	2024	Inflammatory bowel diseases	A Gradient of Intestinal Inflammation in Primary Sclerosing Cholangitis.	10.1093/ibd/izad137		0	0	gastrointestinal tract disorder; host disease status; liver disorder	disease_key		Cancer		Multiple	Amplicon	Germany	t4_reviewer_accepts_proposal	
MMC2-01634	1	2022	Gastroenterology	Metagenomic Identification of Microbial Signatures Predicting Pancreatic Cancer From a Multinational Study.	10.1053/j.gastro.2022.03.054	PRJNA832909	1	560	host_disease	disease_key		Cancer		Multiple	Both	Spain	reviewer_agrees	FLAG_age_sex_note
MMC2-02018	1	2022	BMC oral health	Salivary microbiome in children with Down syndrome: a case-control study.	10.1186/s12903-022-02480-z	DRA012575	1	54	host_disease_stat	disease_key		Oral		Oral	Amplicon	Japan	reviewer_agrees	
MMC2-02184	1	2019	Applied and environmental microbiology	Metagenomic Signatures of Gut Infections Caused by Different Escherichia coli Pathotypes.	10.1128/AEM.01820-19	PRJNA486009	1	752	gastrointest_disord	reviewer_note		Gastrointestinal		Gut	Both	Ecuador	no_identifies_disease_field	
MMC2-02206	1	2019	Clinical infectious diseases : an official publication of the Infectious Diseases           Society of America	Increased Relative Abundance of Klebsiella pneumoniae Carbapenemase-producing Klebsiella pneumoniae Within the Gut Microbiota Is Associated With Risk of Bloodstream Infection in Long-term Acute Care H	10.1093/cid/ciy796	PRJNA428477; PRJNA485316	2	1007	cre_status; screenPCRresult; KPCKp_bacteremia	reviewer_note		Respiratory		Gut	Amplicon	United States	reviewer_agrees	
MMC2-02209	1	2019	Inflammatory bowel diseases	An Increased Abundance of Clostridiaceae Characterizes Arthritis in Inflammatory Bowel Disease and Rheumatoid Arthritis: A Cross-sectional Study.	10.1093/ibd/izy318	PRJNA487636	1	180	Diagnosis	disease_key		Gastrointestinal		Gut	Shotgun	United States	reviewer_agrees	
MMC2-02221	1	2018	The American journal of clinical nutrition	Anemia in infancy is associated with alterations in systemic metabolism and microbial structure and function in a sex-specific manner: an observational study.	10.1093/ajcn/nqy249	PRJEB23239	1	193	Anemia	reviewer_note		Infectious		Gut	Amplicon	Peru	reviewer_agrees	
MMC2-02227	1	2018	BMC microbiology	The palatine tonsil bacteriome, but not the mycobiome, is altered in HIV infection.	10.1186/s12866-018-1274-9	DRA006313	1	133	host_disease_stat	disease_key		Infectious		Oral	Amplicon	Japan	reviewer_agrees	
MMC2-02240	1	2018	Scientific reports	Dysbiosis of the salivary microbiota in pediatric-onset primary sclerosing cholangitis and its potential as a biomarker.	10.1038/s41598-018-23870-w	DRA005698	1	64	host_disease_stat	disease_key		Gastrointestinal		Oral	Amplicon	Japan	reviewer_agrees	
MMC2-02284	1	2015	Journal of the American Heart Association	Dysbiosis of Gut Microbiota With Reduced Trimethylamine-N-Oxide Level in Patients With Large-Artery Atherosclerotic Stroke or Transient Ischemic Attack.	10.1161/JAHA.115.002699	ERS725509; ERS725741	2	2	Group	disease_key		Cardiovascular		Multiple	Amplicon	China	t4_reviewer_accepts_proposal	
MMC2-02309	1	2015	The Journal of infectious diseases	Intestinal microbiota, microbial translocation, and systemic inflammation in chronic HIV infection.	10.1093/infdis/jiu409	PRJNA233597	1	36	disease	disease_key		Infectious		Gut	Amplicon	United States	reviewer_agrees	
MMC2-02579	1	2023	The Journal of infectious diseases	Association of Gut Microbiota With Objective Sleep Measures in Women With and Without Human Immunodeficiency Virus Infection: The IDOze Study.	10.1093/infdis/jiad371		0	0	disease	disease_key		Infectious		Gut	Amplicon	United States	t4_reviewer_accepts_proposal	
MMC2-02603	1	2023	Journal of dental research	Prediction of Future Caries in 1-Year-Old Children via the Salivary Microbiome.	10.1177/00220345231152802	PRJNA866487	1	40	env_local_scale	reviewer_note		Oral		Oral	Amplicon	Thailand	no_means_disease_present	
MMC2-02670	1	2017	PloS one	Gut microbiome in ADHD and its relation to neural reward anticipation.	10.1371/journal.pone.0183509	PRJEB11512	1	96	sample_description; population	reviewer_note	yes	Healthy	yes	Gut	Amplicon	Netherlands	reviewer_agrees	
MMC2-02675	1	2017	Movement disorders : official journal of the Movement Disorder Society	Parkinson's disease and Parkinson's disease medications have distinct signatures of the gut microbiome.	10.1002/mds.26942	PRJEB14674	1	376	parkinson_disease	disease_key		Neurodegenerative		Gut	Amplicon	United States	reviewer_agrees	
MMC2-02691	1	2017	Proceedings of the National Academy of Sciences of the United States of America	Gut microbiota from multiple sclerosis patients enables spontaneous autoimmune encephalomyelitis in mice.	10.1073/pnas.1711233114	PRJEB99111	1	147	disease_course	disease_key		Neurodegenerative		Gut	Amplicon	United States	reviewer_agrees	
MMC2-02720	1	2020	mBio	Immune Response and Microbiota Profiles during Coinfection with Plasmodium vivax and Soil-Transmitted Helminths.	10.1128/mBio.01705-20	GSE144792; PRJEB36585	1	130	comparison_group	disease_key		Infectious		Gut	Amplicon	Colombia	reviewer_agrees	
MMC2-02743	1	2025	BMC infectious diseases	Lung and gut microbiota profiling in intensive care unit patients: a prospective pilot study.	10.1186/s12879-025-10825-6	PRJEB82425	1	165	sample_description	reviewer_note	yes	Respiratory		Multiple	Amplicon	Switzerland	no_identifies_disease_field	
MMC2-02784	1	2020	Communications biology	The gut microbiome but not the resistome is associated with urogenital schistosomiasis in preschool-aged children.	10.1038/s42003-020-0859-7	PRJEB1046; PRJEB674; PRJNA521455	1	116	Schisto status	disease_key		Infectious		Gut	Shotgun	Zimbabwe	reviewer_agrees	
MMC2-02791	1	2022	mSystems	Gut Microbiome Alterations Associated with Diabetes in Mexican Americans in South Texas.	10.1128/msystems.00033-22	PRJNA734860	1	343	Diabetes_status	disease_key		Metabolic		Gut	Both	United States	reviewer_agrees	
MMC2-02805	1	2021	Gut microbes	A microbial signature following bariatric surgery is robustly consistent across multiple cohorts.	10.1080/19490976.2021.1930872	PRJEB12947; PRJEB14082; PRJNA395660; PRJNA612042; PRJNA668357; PRJNA668472	6	433				Metabolic		Gut	Both	United States	reviewer_agrees	FLAG_age_sex_note
MMC2-02877	1	2018	Vaccine	Influence of the intestinal microbiota on the immunogenicity of oral rotavirus vaccine given to infants in south India.	10.1016/j.vaccine.2017.11.031	PRJEB21946	1	336				Healthy	yes	Gut	Amplicon	India	reviewer_agrees	
MMC2-02945	1	2019	Scientific reports	Gut microbiome of treatment-naïve MS patients of different ethnicities early in disease course.	10.1038/s41598-019-52894-z	PRJEB28543	1	48	host disease status	disease_key		Infectious		Gut	Shotgun	United States	reviewer_agrees	
MMC2-02971	1	2020	Gut	No distinct microbiome signature of irritable bowel syndrome found in a Swedish random population.	10.1136/gutjnl-2019-318717	PRJEB31817	1	1149	gastrointestinal tract disorder	disease_key		Gastrointestinal		Gut	Amplicon	Sweden	reviewer_agrees	
MMC2-02988	1	2020	Gut microbes	Gut microbiota profiles in critically ill patients, potential biomarkers and risk variables for sepsis.	10.1080/19490976.2019.1707610	PRJEB33360	1	250	sample_description	reviewer_note	yes	Infectious		Gut	Amplicon	Colombia	no_means_disease_present	
MMC2-03067	1	2021	Gut	Human milk oligosaccharide DSLNT and gut microbiome in preterm infants predicts necrotising enterocolitis.	10.1136/gutjnl-2020-322771	PRJEB39610	1	644	Nec:	disease_key		Gastrointestinal		Gut	Shotgun	United Kingdom	reviewer_agrees	
MMC2-03081	1	2021	Pathogens and disease	Chlamydia pneumoniae and Mycoplasma pneumoniae in children with cystic fibrosis: impact on bacterial respiratory microbiota diversity.	10.1093/femspd/ftaa074	PRJEB41059	1	371	Lung/pulmonary Disorder:	disease_key		Respiratory		Pulmonary	Amplicon	Switzerland	reviewer_agrees	
MMC2-03092	1	2022	Nature microbiology	Multi-omics analyses of the ulcerative colitis gut microbiome link Bacteroides vulgatus proteases with disease severity.	10.1038/s41564-021-01050-3	PRJEB42151; PRJEB42155	2	367	diagnosis; disease_duration	disease_key		Gastrointestinal		Gut	Both	United States	reviewer_agrees	
MMC2-03093	1	2022	Microbiome	Location-specific signatures of Crohn's disease at a multi-omics scale.	10.1186/s40168-022-01331-x	PRJEB42155	1	285	diagnosis	disease_key		Gastrointestinal		Gut	Both	United States	reviewer_agrees	
MMC2-03114	1	2025	Gut microbes	First insights into microbial changes within an Inflammatory Bowel Disease Family Cohort study.	10.1080/19490976.2025.2559119	PRJEB44440; PRJEB47161; PRJEB47162; PRJEB77933	3	250	gastrointestinal tract disorder	disease_key		Gastrointestinal		Gut	Amplicon	Malta	reviewer_agrees	
MMC2-03115	1	2022	Microbiology spectrum	Dysbiosis in the Gut Microbiota in Patients with Inflammatory Bowel Disease during Remission.	10.1128/spectrum.00616-22	PRJEB44440; PRJEB47162	2	194	gastrointestinal tract disorder	disease_key		Gastrointestinal		Gut	Amplicon	Malta	reviewer_agrees	
MMC2-03137	1	2024	Nutrients	Characterization of the Gut and Skin Microbiome over Time in Young Children with IgE-Mediated Food Allergy.	10.3390/nu16223942	PRJEB47047; PRJEB61516	2	336	Skin:	disease_key		Immune Complications		Multiple	Amplicon	Switzerland	reviewer_agrees	
MMC2-03222	1	2024	Journal of neuroinflammation	The gut microbiome and HLA-B27-associated anterior uveitis: a case-control study.	10.1186/s12974-024-03109-4	PRJEB55787	1	41	active uveitis	disease_key		Gastrointestinal		Gut	Shotgun	Switzerland	reviewer_agrees	
MMC2-03242	1	2024	mSystems	Gut microbiome diversity within Clostridia is negatively associated with human obesity.	10.1128/msystems.00627-24	PRJEB58436; PRJNA417579	2	893	Cardiometabolic_status	disease_key		Metabolic		Gut	Both	Colombia	reviewer_agrees	
MMC2-03248	1	2025	Scientific reports	Comparison of phage and plasmid populations in the gut microbiota between Parkinson's disease patients and controls.	10.1038/s41598-025-96924-5	PRJEB59350; PRJNA834801	2	859	Case_status	disease_key		Neurodegenerative		Gut	Shotgun	United States	reviewer_agrees	
MMC2-03262	1	2023	EBioMedicine	Saliva microbiome in relation to SARS-CoV-2 infection in a prospective cohort of healthy US adults.	10.1016/j.ebiom.2023.104731	PRJEB62577; PRJEB62655	2	893	emp_status	disease_key		Healthy	yes	Oral	Both	United States	reviewer_agrees	
MMC2-03277	1	2024	Gut microbes	Species- and subspecies-level characterization of health-associated bacterial consortia that colonize the human gut during infancy.	10.1080/19490976.2024.2414975	PRJEB6456; PRJNA475246; PRJNA486782; PRJNA510445; PRJNA521878; PRJNA630999; PRJNA698986	7	3371	health_state	disease_key		Healthy	yes	Gut	Shotgun	United States	reviewer_agrees	
MMC2-03322	1	2024	Microbiome	Fecal microbiota transplantation alters the proteomic landscape of inflammation in HIV: identifying bacterial drivers.	10.1186/s40168-024-01919-5	PRJEB75958	1	84	host disease status	disease_key		Infectious		Gut	Shotgun	Spain	reviewer_agrees	
MMC2-03403	1	2023	Scientific reports	Higher abundance of Campylobacter in the oral microbiome of Japanese patients with moyamoya disease.	10.1038/s41598-023-45755-3	PRJNA1011244	1	61	disease	disease_key		Autoimmune		Multiple	Amplicon	Japan	reviewer_agrees	
MMC2-03412	1	2024	Folia microbiologica	Gut microbiota composition in recurrent acute otitis media: a cross-sectional observational study.	10.1007/s12223-024-01174-z	PRJNA1014361	1	51	sample_description	reviewer_note	yes	Respiratory		Multiple	Amplicon	Slovenia	no_means_disease_present	
MMC2-03495	1	2024	Gut	Age-related patterns of microbial dysbiosis in multiplex inflammatory bowel disease families.	10.1136/gutjnl-2024-332475	PRJNA1053656	1	438	Disease_Group	disease_key		Gastrointestinal		Multiple	Amplicon	United States	reviewer_agrees	
MMC2-03512	1	2024	Pathogens (Basel, Switzerland)	Oral Microbiome Stamp in Alzheimer's Disease.	10.3390/pathogens13030195	PRJNA1062161	1	135	group	disease_key		Oral		Oral	Amplicon	Kazakhstan	reviewer_agrees	
MMC2-03513	1	2024	The American journal of clinical nutrition	The intestinal microbiome, but not clinical aspects of inflammatory bowel disease, is impacted by lactose malabsorption compared to lactose digestion in children.	10.1016/j.ajcnut.2024.09.031	PRJNA1062375	1	459	disease	disease_key		Gastrointestinal		Gut	Amplicon	Canada	reviewer_agrees	
MMC2-03555	1	2025	Nature communications	CFTR modulator therapy drives microbiome restructuring through improved host physiology in cystic fibrosis: the IMMProveCF phase IV trial.	10.1038/s41467-025-64218-z	PRJNA1080555	1	642	disease	disease_key		Respiratory		Gut	Amplicon	Germany	reviewer_agrees	
MMC2-03588	1	2024	BMC oral health	Investigating oral microbiome profiles in patients with cleft lip and palate compared with the healthy control.	10.1186/s12903-024-04387-3	PRJNA1091054; PRJNA432821	2	254	sample_alias	reviewer_note	yes	Anatomical		Oral	Amplicon	China	reviewer_agrees	
MMC2-03645	1	2025	Nutrients	The Gut Microbiome Obesity Index: A New Analytical Tool in the Metagenomics Workflow for the Evaluation of Gut Dysbiosis in Obese Humans.	10.3390/nu17142320	PRJNA1125836; PRJNA885289	2	260	host_disease	disease_key		Metabolic		Gut	Shotgun	Poland	reviewer_agrees	
MMC2-03661	1	2025	Epilepsia	Medication-resistant epilepsy is associated with a unique gut microbiota signature.	10.1111/epi.18367	PRJNA1133091	1	68	disease	disease_key		Neurological		Gut	Amplicon	Italy	reviewer_agrees	
MMC2-03666	1	2024	BMC oral health	Assessing oral and toothbrush microbial profiles among high-altitude individuals with and without periodontal disease: a case-control study.	10.1186/s12903-024-04603-0	PRJNA1134913	1	70	disease	disease_key		Infectious		Oral	Amplicon	China	reviewer_agrees	
MMC2-03686	1	2025	Microbiome	Metagenomic signatures of extraintestinal bacterial infection in the febrile term infant gut microbiome.	10.1186/s40168-025-02079-w	PRJNA1148144	1	209	host_group	disease_key		Infectious		Multiple	Shotgun	United States	reviewer_agrees	
MMC2-03704	1	2024	Nutrients	Changes in the Gut and Oral Microbiome in Children with Phenylketonuria in the Context of Dietary Restrictions-A Preliminary Study.	10.3390/nu16223915	PRJNA1161359; PRJNA1161376	2	19	host_disease; host_phenotype	disease_key		Genetic		Multiple	Amplicon	Poland	reviewer_agrees	
MMC2-03706	1	2024	Translational psychiatry	Probing the oral-brain connection: oral microbiome patterns in a large community cohort with anxiety, depression, and trauma symptoms, and periodontal outcomes.	10.1038/s41398-024-03122-4	PRJNA1162741	1	471				Respiratory		Oral	Amplicon	Spain	reviewer_agrees	
MMC2-03712	1	2024	BMC oral health	Oral microbiome dysbiosis may be associated with intra cranial aneurysms.	10.1186/s12903-024-05015-w	PRJNA1164710	1	193	sample_alias	reviewer_note	yes	Healthy	yes	Oral	Amplicon	China	no_means_disease_present	
MMC2-03713	1	2025	mSystems	The gut microbiota features and the application value in predicting recurrent risks for gallstone patients who underwent laparoscopic cholecystectomy.	10.1128/msystems.01760-24	PRJNA1164942	1	146	health_state	disease_key		Healthy	yes	Gut	Amplicon	China	reviewer_agrees	
MMC2-03718	1	2024	Nature communications	Multi-biome analysis identifies distinct gut microbial signatures and their crosstalk in ulcerative colitis and Crohn's disease.	10.1038/s41467-024-54797-8	PRJNA1169537; PRJNA832909	2	1214	host_disease	disease_key		Gastrointestinal		Gut	Both	Japan	reviewer_agrees	
MMC2-03725	1	2025	BMC microbiology	Insights into the blood, gut, and oral microbiomes in Chinese patients with myocardial infarction: a case-control study.	10.1186/s12866-025-03878-9	PRJNA1174175; PRJNA1174683; PRJNA1174709	3	144	disease	disease_key		Cardiovascular		Multiple	Amplicon	China	reviewer_agrees	
MMC2-03726	1	2025	Frontiers in cellular and infection microbiology	Integrated oral microbiome and metabolome analysis unveils key biomarkers and functional pathway alterations in patients with acute myocardial infarction.	10.3389/fcimb.2025.1607845	PRJNA1174709	1	48	disease	disease_key		Cardiovascular		Oral	Amplicon	China	reviewer_agrees	
MMC2-03808	1	2025	Clinical and translational gastroenterology	Microbial Shift Over 1 Year Among Patients With Newly Diagnosed Crohn's Disease Reflects Clinical Trajectory and Exposure to Biologic Treatment: A Prospective Real-World Inception Cohort.	10.14309/ctg.0000000000000902	PRJNA1216747; PRJNA1216770	2	183	Diagnosis	disease_key		Cancer		Gut	Amplicon	Israel	reviewer_agrees	
MMC2-03834	1	2025	World journal of gastroenterology	Dialister-driven succinate accumulation is associated with disease activity and postoperative recurrence in Crohn's disease.	10.3748/wjg.v31.i45.112618	PRJNA1241201; PRJNA1250964	2	166	CD_disease_presentation	disease_key		Gastrointestinal		Gut	Amplicon	Spain	reviewer_agrees	
MMC2-03848	1	2025	PloS one	Salivary microbiome in peritoneal dialysis patients with and without sarcopenia: A pilot study.	10.1371/journal.pone.0330767	PRJNA1249468	1	33	sample_alias	reviewer_note	yes	Renal		Oral	Amplicon	Thailand	no_means_disease_present	
MMC2-03859	1	2025	Scientific reports	Dysbiosis of gut microbiota in children with functional constipation and damp-heat constitution: a cross-sectional multi-omics analysis.	10.1038/s41598-025-26439-6	PRJNA1262707	1	110	disease	disease_key		Gastrointestinal		Gut	Amplicon	China	reviewer_agrees	
MMC2-03865	1	2025	Nature communications	Red palm olein biscuit supplementation modulates gut microbiota in vitamin A deficient rural Malaysian schoolchildren: a randomised controlled trial.	10.1038/s41467-025-64395-x	PRJNA1265957	1	984	Baseline_VAD_status	disease_key		Healthy	yes	Gut	Amplicon	Malaysia	reviewer_agrees	
MMC2-03891	1	2025	PeerJ	Preliminary insights into the gut microbiota of patients with rheumatoid arthritis in Vietnam.	10.7717/peerj.20521	PRJNA1295194	1	42	Group	disease_key		Metabolic		Gut	Amplicon	Vietnam	reviewer_agrees	
MMC2-03903	1	2025	Frontiers in cellular and infection microbiology	Characterization of the airway microbiome in preterm infants with bronchopulmonary dysplasia.	10.3389/fcimb.2025.1654502	PRJNA1337180	1	24	sample_title	reviewer_note	yes	Cancer		Pulmonary	Amplicon	China	no_means_disease_present	
MMC2-03921	1	2016	BMC gastroenterology	Does the intestinal microbial community of Korean Crohn's disease patients differ from that of western patients?	10.1186/s12876-016-0437-0	PRJNA240658	1	57	sample_description	reviewer_note	yes	Cancer		Gut	Amplicon	Guri, Republic of Korea	no_identifies_disease_field	
MMC2-03944	1	2019	Arthritis & rheumatology (Hoboken, N.J.)	Microbiome Analytics of the Gut Microbiota in Patients With Juvenile Idiopathic Arthritis: A Longitudinal Observational Cohort Study.	10.1002/art.40827	PRJNA280490; PRJNA379123	2	399	host_disease	reviewer_note		Healthy	yes	Gut	Amplicon	Italy	no_identifies_disease_field	
MMC2-03978	1	2021	Gut microbes	Antibiotic-driven intestinal dysbiosis in pediatric short bowel syndrome is associated with persistently altered microbiome functions and gut-derived bloodstream infections.	10.1080/19490976.2021.1940792	PRJNA301903; PRJNA473126; PRJNA489090; PRJNA701982	4	1320				Gastrointestinal		Gut	Both	United States	reviewer_agrees	
MMC2-03985	1	2016	Genome medicine	Dynamics of the fecal microbiome in patients with recurrent and nonrecurrent Clostridium difficile infection.	10.1186/s13073-016-0298-8	PRJNA307992	1	230	host_disease	disease_key		Infectious		Gut	Amplicon	United States	reviewer_agrees	
MMC2-04014	1	2020	The Journal of clinical endocrinology and metabolism	Effect of Gut Microbiota and PNPLA3 rs738409 Variant on Nonalcoholic Fatty Liver Disease (NAFLD) in Obese Youth.	10.1210/clinem/dgaa382	PRJNA328258; PRJNA606577	2	97	NAFLD	reviewer_note		Metabolic		Gut	Both	United States	no_means_disease_present	
MMC2-04022	1	2021	Scientific reports	Changes in gut microbiota in the acute phase after spinal cord injury correlate with severity of the lesion.	10.1038/s41598-021-92027-z	PRJNA247489; PRJNA340060; PRJNA724686	3	251	score	reviewer_note		Neurological		Gut	Amplicon	Italy	no_means_disease_present	
MMC2-04064	1	2018	Anaerobe	Restoration of short chain fatty acid and bile acid metabolism following fecal microbiota transplantation in patients with recurrent Clostridium difficile infection.	10.1016/j.anaerobe.2018.04.001	PRJNA384621	1	44	host_disease	disease_key		Infectious		Gut	Amplicon	United States	reviewer_agrees	
MMC2-04078	1	2021	Nutrients	Association between Dietary Habits and Fecal Microbiota Composition in Irritable Bowel Syndrome Patients: A Pilot Study.	10.3390/nu13051479	PRJNA391149	1	250	host_disease	disease_key		Gastrointestinal		Gut	Amplicon	Italy	reviewer_agrees	
MMC2-04098	1	2018	mBio	Compositional and Functional Differences in the Human Gut Microbiome Correlate with Clinical Outcome following Infection with Wild-Type Salmonella enterica Serovar Typhi.	10.1128/mBio.00686-18	PRJNA407499	1	297				Infectious		Gut	Amplicon	United States	reviewer_agrees	
MMC2-04102	1	2019	International journal of medical sciences	Airway Microbiome in Different Inflammatory Phenotypes of Asthma: A Cross-Sectional Study in Northeast China.	10.7150/ijms.29433	PRJNA412738	1	36	phenotype	disease_key		Respiratory		Pulmonary	Amplicon	China	reviewer_agrees	
MMC2-04109	1	2019	BMC genomics	Microbiota in the apical root canal system of tooth with apical periodontitis.	10.1186/s12864-019-5474-y	PRJNA415692	1	50	sample_description	reviewer_note	yes	Infectious		Oral	Amplicon	China	no_means_disease_present	
MMC2-04149	1	2018	Microbiome	A comparative study of the gut microbiota in immune-mediated inflammatory diseases-does a common dysbiosis exist?	10.1186/s40168-018-0603-4	PRJNA450340	1	222	host_disease	disease_key		Gastrointestinal		Gut	Amplicon	Canada	reviewer_agrees	
MMC2-04178	1	2019	Nature microbiology	GABA-modulating bacteria of the human gut microbiota.	10.1038/s41564-018-0307-3	PRJNA482656	0	0	cancer; cancer_treatment; cardiovascular_disease; clinical_condition; covid_chronic_conditions_heart_disease__myocardial_infarction; covid_chronic_conditions_heart_problems; covid_chronic_conditions_immune_disorder; covid_chronic_conditions_seasonal_allergies; covid_likely_exposure_yes_someone_with_medical_diagnosis_but_no_test; epilepsy_or_seizure_disorder; ibd_diagnosis_refined; kidney_disease; liver_disease; lung_disease; mental_illness; mental_illness_type_bipolar_disorder; mental_illness_type_depression; mental_illness_type_ptsd_post_traumatic_stress_disorder; mental_illness_type_ptsd_posttraumatic_stress_disorder; mental_illness_type_substance_abuse; mental_illness_type_unspecified; skin_condition; subset_healthy	disease_key		Healthy	yes	Gut	Amplicon	United States	t4_reviewer_accepts_proposal	
MMC2-04200	1	2019	PloS one	The bacterial communities of the small intestine and stool in children with short bowel syndrome.	10.1371/journal.pone.0215351	PRJNA492751	1	52				Gastrointestinal		Gut	Amplicon	United States	reviewer_agrees	
MMC2-04241	1	2021	Toxins	Fungi-Bacteria Correlation in Alcoholic Hepatitis Patients.	10.3390/toxins13020143	PRJNA517994; PRJNA525701	2	771	host_disease	disease_key		Liver		Gut	Amplicon	United States	reviewer_agrees	
MMC2-04253	1	2019	PLoS neglected tropical diseases	Meta-taxonomic analysis of prokaryotic and eukaryotic gut flora in stool samples from visceral leishmaniasis cases and endemic controls in Bihar State India.	10.1371/journal.pntd.0007444	PRJNA525566	1	66	group	disease_key		Infectious		Gut	Amplicon	India	reviewer_agrees	
MMC2-04277	1	2019	FASEB journal : official publication of the Federation of American Societies for           Experimental Biology	APOE genotype influences the gut microbiome structure and function in humans and mice: relevance for Alzheimer's disease pathophysiology.	10.1096/fj.201900071R	PRJNA533610	1	88				Neurodegenerative		Gut	Amplicon	United Kingdom	reviewer_agrees	
MMC2-04311	1	2021	Cellular and molecular gastroenterology and hepatology	Lack of Mucosal Cholinergic Innervation Is Associated With Increased Risk of Enterocolitis in Hirschsprung's Disease.	10.1016/j.jcmgh.2021.03.004	PRJNA550537; PRJNA552657	2	47	disease	disease_key		Gastrointestinal		Gut	Amplicon	Switzerland	reviewer_agrees	
MMC2-04314	1	2019	Respiratory research	Metagenomic identification of severe pneumonia pathogens in mechanically-ventilated patients: a feasibility and clinical validity study.	10.1186/s12931-019-1218-4	PRJNA554461	1	186	clinical_classification	disease_key		Respiratory		Pulmonary	Both	United States	reviewer_agrees	
MMC2-04315	1	2024	Nature communications	Longitudinal multicompartment characterization of host-microbiota interactions in patients with acute respiratory failure.	10.1038/s41467-024-48819-8	PRJNA554461; PRJNA595346; PRJNA726955; PRJNA940725; PRJNA976404	5	3258	clinical_classification	disease_key		Respiratory		Multiple	Both	United States	reviewer_agrees	
MMC2-04322	1	2020	mSphere	Enterobacterales Infection after Intestinal Dominance in Hospitalized Patients.	10.1128/mSphere.00450-20	PRJNA556249; PRJNA631262	2	330	swab_status	disease_key		Respiratory		Gut	Amplicon	United States	reviewer_agrees	
MMC2-04386	1	2021	Genome medicine	Gut microbial determinants of clinically important improvement in patients with rheumatoid arthritis.	10.1186/s13073-021-00957-0	PRJNA598446; PRJNA687957	2	81	disease	disease_key		Autoimmune		Gut	Shotgun	United States	no_means_disease_present	
MMC2-04387	1	2020	Frontiers in cellular and infection microbiology	A Novel Description of the Human Sinus Archaeome During Health and Chronic Rhinosinusitis.	10.3389/fcimb.2020.00398	PRJNA599016	1	65	host_disease	disease_key		Respiratory		Nasal	Amplicon	New Zealand	reviewer_agrees	
MMC2-04414	1	2020	Frontiers in immunology	Gut Microbiome of Children and Adolescents With Primary Sclerosing Cholangitis in Association With Ulcerative Colitis.	10.3389/fimmu.2020.598152	PRJNA610934	1	51	host_disease	disease_key		Gastrointestinal		Gut	Amplicon	Brazil	reviewer_agrees	
MMC2-04429	1	2021	Genome medicine	Congruent microbiome signatures in fibrosis-prone autoimmune diseases: IgG4-related disease and systemic sclerosis.	10.1186/s13073-021-00853-7	PRJNA615162	1	313	disease_sub	disease_key		Gastrointestinal		Gut	Shotgun	United States	reviewer_agrees	
MMC2-04438	1	2020	PLoS neglected tropical diseases	Patients infected with Mycobacterium africanum versus Mycobacterium tuberculosis possess distinct intestinal microbiota.	10.1371/journal.pntd.0008230	GSE147964; PRJNA622267	1	88	host_disease	disease_key		Respiratory		Gut	Amplicon	Mali	reviewer_agrees	
MMC2-04481	1	2024	Microbiome	Fecal microbiota transplantation alters gut phage communities in a clinical trial for obesity.	10.1186/s40168-024-01833-w	PRJNA637785	1	430	treatment_group	disease_key		Metabolic		Gut	Shotgun	New Zealand	reviewer_agrees	
MMC2-04693	1	2021	PloS one	Gut microbiome differences among Mexican Americans with and without type 2 diabetes mellitus.	10.1371/journal.pone.0251245	PRJNA719138	1	37	diabetes_status	disease_key		Metabolic		Gut	Shotgun	United States	reviewer_agrees	
MMC2-04695	1	2021	PloS one	Nasopharyngeal microbiome composition associated with Streptococcus pneumoniae colonization suggests a protective role of Corynebacterium in young children.	10.1371/journal.pone.0257207	PRJNA720045	1	157	Condition	disease_key		Respiratory		Nasal	Amplicon	United States	reviewer_agrees	
MMC2-04701	1	2021	Frontiers in immunology	Abnormalities in Gut Microbiota and Metabolism in Patients With Chronic Spontaneous Urticaria.	10.3389/fimmu.2021.691304	PRJNA721617	1	79	host_disease; sample_alias	reviewer_note	yes	Immune Complications	yes	Gut	Amplicon	China	reviewer_named_tier	
MMC2-04715	1	2021	EBioMedicine	Interactions between fecal gut microbiome, enteric pathogens, and energy regulating hormones among acutely malnourished rural Gambian children.	10.1016/j.ebiom.2021.103644	PRJNA727842	1	113	Nutritional_Status	disease_key		Metabolic		Gut	Amplicon	Gambia	reviewer_agrees	
MMC2-04756	1	2022	Microbiology spectrum	Characteristics of Gut Microbiota in Patients with GH-Secreting Pituitary Adenoma.	10.1128/spectrum.00425-21	PRJNA743650; PRJNA759070	2	114	sample_alias	reviewer_note	yes	Cancer		Gut	Both	China	no_identifies_disease_field	
MMC2-04761	1	2025	Journal of advanced research	Integrative multi-omics analysis of autism spectrum disorder reveals unique microbial macromolecules interactions.	10.1016/j.jare.2025.01.036	PRJNA746094	1	59	host_disease	disease_key		Mental Health		Gut	Shotgun	Egypt	reviewer_agrees	
MMC2-04793	1	2021	Frontiers in cellular and infection microbiology	Is Gut Microbiota a Key Player in Epilepsy Onset? A Longitudinal Study in Drug-Naive Children.	10.3389/fcimb.2021.749509	PRJNA755856	1	29	host_phenotype	disease_key		Neurological		Gut	Amplicon	Italy	reviewer_agrees	
MMC2-04799	1	2021	Cells	Fecal Microbiome Changes and Specific Anti-Bacterial Response in Patients with IBD during Anti-TNF Therapy.	10.3390/cells10113188	PRJNA757573	1	793	Crohn's disease behaviour	disease_key		Gastrointestinal		Multiple	Amplicon	Czechia	reviewer_agrees	
MMC2-04804	1	2021	Frontiers in cellular and infection microbiology	The Skin Microbiome of Patients With Atopic Dermatitis Normalizes Gradually During Treatment.	10.3389/fcimb.2021.720674	PRJNA759575	1	581				Skin		Skin	Amplicon	Mexico	reviewer_agrees	
MMC2-04829	1	2022	Frontiers in immunology	High-risk genotypes for type 1 diabetes are associated with the imbalance of gut microbiome and serum metabolites.	10.3389/fimmu.2022.1033393	PRJNA766410	1	139	disease	disease_key		Metabolic		Gut	Amplicon	China	reviewer_agrees	
MMC2-04850	1	2023	BMC pediatrics	The number of metabolic syndrome risk factors predicts alterations in gut microbiota in Chinese children from the Huantai study.	10.1186/s12887-023-04017-x	PRJNA775883	1	72	disease_stage	disease_key		Metabolic		Gut	Amplicon	United States	reviewer_agrees	
MMC2-04907	1	2022	Frontiers in cellular and infection microbiology	Association Between Gut Dysbiosis and Sepsis-Induced Myocardial Dysfunction in Patients With Sepsis or Septic Shock.	10.3389/fcimb.2022.857035	PRJNA797231	1	36	sample_alias	reviewer_note	yes	Infectious		Gut	Amplicon	China	no_means_disease_present	
MMC2-04912	1	2022	PloS one	Examining the association between the gastrointestinal microbiota and Gulf War illness: A prospective cohort study.	10.1371/journal.pone.0268479	PRJNA798786	1	483	INFECTIOUS _DISEASES	disease_key		Healthy	yes	Gut	Amplicon	United States	reviewer_agrees	
MMC2-04932	1	2024	European archives of oto-rhino-laryngology : official journal of the European           Federation of Oto-Rhino-Laryngological Societies (EUFOS) : affiliated with the            German Society for Oto-Rhino-Laryngology - Head and Neck Surgery	Alterations of gut microbiome in eosinophilic chronic rhinosinusitis.	10.1007/s00405-024-08931-3	PRJNA803810	1	39	sample_alias	reviewer_note	yes	Cancer		Gut	Amplicon	China	no_identifies_disease_field	
MMC2-04982	1	2024	BMJ open respiratory research	Bile acids in the lower airways is associated with airway microbiota changes in chronic obstructive pulmonary disease: an observational study.	10.1136/bmjresp-2024-002552	PRJNA820972	1	181	host_disease	disease_key		Respiratory		Pulmonary	Amplicon	Ireland	reviewer_agrees	
MMC2-04986	1	2023	Nutrition & diabetes	Multi-omics signatures in new-onset diabetes predict metabolic response to dietary inulin: findings from an observational study followed by an interventional trial.	10.1038/s41387-023-00235-5	PRJNA823864	1	194	health_state	disease_key		Metabolic		Gut	Amplicon	United Kingdom	reviewer_agrees	
MMC2-05015	1	2022	Frontiers in cellular and infection microbiology	Characteristics of salivary microbiota in children with obstructive sleep apnea: A prospective study with polysomnography.	10.3389/fcimb.2022.945284	PRJNA836180	1	74	Group	disease_key		Healthy	yes	Oral	Amplicon	China	reviewer_agrees	
MMC2-05116	1	2022	Frontiers in cellular and infection microbiology	Washed microbiota transplantation improves patients with metabolic syndrome in South China.	10.3389/fcimb.2022.1044957	PRJNA881922	1	27	host_disease	disease_key		Metabolic		Gut	Amplicon	China	reviewer_agrees	
MMC2-05198	1	2023	The Pediatric infectious disease journal	Postmortem Nasopharyngeal Microbiome Analysis of Zambian Infants With and Without Respiratory Syncytial Virus Disease: A Nested Case Control Study.	10.1097/INF.0000000000003941	PRJNA913857	1	100	state	reviewer_note		Respiratory		Nasal	Amplicon	Zambia	no_means_disease_present	
MMC2-05220	1	2025	Scientific reports	Characterization of gut microbiota on gender and age groups bias in Thai patients with autism spectrum disorder.	10.1038/s41598-025-86740-2	PRJNA928241	1	95	host_disease	disease_key		Mental Health		Gut	Amplicon	Thailand	reviewer_agrees	
MMC2-05271	1	2024	Scientific reports	Gestational diabetes-related gut microbiome dysbiosis is not influenced by different Asian ethnicities and dietary interventions: a pilot study.	10.1038/s41598-024-60386-y	PRJNA945212	1	193	health_state	disease_key		Metabolic		Gut	Amplicon	Singapore	reviewer_agrees	
MMC2-05288	1	2024	Frontiers in cellular and infection microbiology	Altered gut microbiome in convalescent patients with coronavirus disease 2019.	10.3389/fcimb.2024.1455295	PRJNA950198	1	116	NAMED_IN_NOTE_UNPARSED	reviewer_note		Respiratory		Gut	Amplicon	South Korea	reviewer_unsure	FLAG_unsure
MMC2-05306	1	2024	Rheumatology (Oxford, England)	Treatment response in rheumatoid arthritis is predicted by the microbiome: a large observational study in UK DMARD-naive patients.	10.1093/rheumatology/keae045	PRJNA957107	1	726	disease	disease_key		Autoimmine		Multiple	Shotgun	United Kingdom	no_means_disease_present	
MMC2-05357	1	2024	Inflammatory bowel diseases	Dysregulated Immunity to Clostridioides difficile in IBD Patients Without a History of Recognized Infection.	10.1093/ibd/izad238	PRJNA991428	1	45	years since diagnosis	disease_key		Gastrointestinal		Gut	Amplicon	Canada	reviewer_agrees	
MMC2-05398	1	2015	Scientific reports	Dysbiosis gut microbiota associated with inflammation and impaired mucosal immune function in intestine of humans with non-alcoholic fatty liver disease.	10.1038/srep08096	PRJNA246121	1	85	disease	disease_key		Liver		Gut	Amplicon	China	reviewer_agrees	
MMC2-05419	1	2015	mBio	The Human Skin Microbiome Associates with the Outcome of and Is Influenced by Bacterial Infection.	10.1128/mBio.01315-15	PRJNA278873	1	191	nfection_outcome	reviewer_note		Infectious		Skin	Amplicon	United States	no_means_disease_present	
MMC2-05430	1	2018	Scientific reports	A taxonomic signature of obesity in a large study of American adults.	10.1038/s41598-018-28126-1	PRJNA290926	1	495	diagnosis	disease_key		Metabolic		Gut	Amplicon	United States	reviewer_agrees	
MMC2-05435	1	2016	Microbiome	Bloom and bust: intestinal microbiota dynamics in response to hospital exposures and Clostridium difficile colonization or infection.	10.1186/s40168-016-0156-3	PRJNA297252	1	229	STATUS	disease_key		Gastrointestinal		Gut	Shotgun	Canada	reviewer_agrees	
MMC2-05466	1	2017	Medicine	Oral microbiome in HIV-associated periodontitis.	10.1097/MD.0000000000005821	PRJNA330897	1	250	Study_HIVStatus:	disease_key		STI		Oral	Amplicon	United States	reviewer_agrees	
MMC2-05471	1	2016	Genes and immunity	Fecal metabolomics in pediatric spondyloarthritis implicate decreased metabolic diversity and altered tryptophan metabolism as pathogenic factors.	10.1038/gene.2016.38	PRJNA342486	1	41	host_disease	disease_key		Healthy	yes	Gut	Amplicon	United States	reviewer_agrees	
MMC2-05506	1	2018	Scientific reports	Combined analysis of the salivary microbiome and host defence peptides predicts dental disease.	10.1038/s41598-018-20085-x	PRJNA421952	1	61	Disease status	disease_key		Oral		Oral	Amplicon	United Kingdom	reviewer_agrees	
MMC2-05520	1	2019	Kidney international	Inhibition of urinary stone disease by a multi-species bacterial network ensures healthy oxalate homeostasis.	10.1016/j.kint.2019.02.012	PRJNA450843	1	34	disease	disease_key		Infectious		Multiple	Amplicon	United States	reviewer_agrees	
MMC2-05575	1	2024	Parkinsonism & related disorders	Taxonomic intestinal microbiota differences in Lewy body spectrum disease and cohabitant controls.	10.1016/j.parkreldis.2024.107176	PRJNA962059	1	126	OverallGroup:	disease_key		Neurodegenerative		Gut	Both	United States	reviewer_agrees	
MMC2-05906	1	2022	Oxidative medicine and cellular longevity	Fecal Microbiota Transplantation Combined with a Low FODMAP Diet for the Treatment of Irritable Bowel Syndrome with Predominant Diarrhea.	10.1155/2022/5121496	PRJNA795467	1	138	sample_alias	reviewer_note	yes	Gastrointestinal		Gut	Amplicon	China	no_means_disease_present	
MMC2-06291	1	2021	Scientific reports	Mucosa-associated gut microbiota reflects clinical course of ulcerative colitis.	10.1038/s41598-021-92870-0	DRA011218; PRJDB10871	2	274	host_disease_stat	disease_key		Gastrointestinal		Gut	Amplicon	Japan	reviewer_agrees	
MMC2-07830	1	2025	Scientific reports	Tongue coating microbial communities vary in children with Henoch-Schönlein purpura.	10.1038/s41598-025-88610-3	PRJNA926960; PRJNA928388	2	26	sample_alias	reviewer_note	yes	Renal		Oral	Amplicon	China	no_means_disease_present	
MMC2-08483	1	2025	Journal of microbiology (Seoul, Korea)	Microbial signatures in oral sites of patients with primary Sjögren's syndrome: Association with salivary gland hypofunction.	10.71150/jm.2501030	PRJNA1176379	1	342	host_disease	disease_key		Oral		Oral	Amplicon	Denmark	reviewer_agrees	
MMC2-08593	1	2021	Journal of cystic fibrosis : official journal of the European Cystic Fibrosis           Society	The cystic fibrosis gut as a potential source of multidrug resistant pathogens.	10.1016/j.jcf.2020.11.009	PRJNA438847	1	105	host_phenotype	disease_key		Respiratory		Gut	Both	Australia	reviewer_agrees	
MMC2-09254	1	2018	Drug discoveries & therapeutics	Characteristics of gut microbiota and its response to a Chinese Herbal Formula in elder patients with metabolic syndrome.	10.5582/ddt.2018.01036	PRJNA408073	1	35	health_state	disease_key		Metabolic		Gut	Amplicon	China	reviewer_agrees	
MMC2-09276	1	2023	Scandinavian journal of gastroenterology	Diverticulosis is not associated with altered gut microbiota nor is it predictive of future diverticulitis: a population-based colonoscopy study.	10.1080/00365521.2023.2194010	ERS3379832; ERS3380418; PRJEB31817	3	1151	gastrointestinal tract disorder	disease_key		Gastrointestinal		Gut	Amplicon	Sweden	reviewer_agrees	
MMC2-09324	1	2024	Cell reports	Role of socioeconomic factors and interkingdom crosstalk in the dental plaque microbiome in early childhood caries.	10.1016/j.celrep.2024.114635	10.5281/ZENODO.12909008; PRJNA1091815	1	1076	host_disease	disease_key		Oral		Oral	Amplicon	Canada	reviewer_agrees	
MMC2-09404	1	2024	The Journal of allergy and clinical immunology	Nasopharyngeal microbiota in children is associated with severe asthma exacerbations.	10.1016/j.jaci.2024.02.020	PRJNA911564	1	344	study_group	disease_key		Respiratory		Nasal	Amplicon	Netherlands	reviewer_agrees	
MMC2-09575	1	2023	The Journal of nutrition	Association of Estimated Daily Lactose Consumption, Lactase Persistence Genotype (rs4988235), and Gut Microbiota in Healthy Adults in the United States.	10.1016/j.tjnut.2023.06.025	PRJEB53463	1	530				Healthy	yes	Gut	Amplicon	United States	reviewer_agrees	
MMC2-09639	1	2025	Journal of oral biosciences	Oral microbiome profiles of gingivitis and periodontitis by next-generation sequencing among a group of hospital patients in Korea: A cross-sectional study.	10.1016/j.job.2024.100591	PRJNA1148754	1	102	host_phenotype	disease_key		Oral		Oral	Amplicon	South Korea	reviewer_agrees	
MMC2-09735	1	2020	Journal of the Academy of Nutrition and Dietetics	Associations between Diet, the Gut Microbiome, and Short-Chain Fatty Acid Production among Older Caribbean Latino Adults.	10.1016/j.jand.2020.04.018	PRJNA579996	1	19	host_disease	disease_key		Metabolic		Gut	Amplicon	United States	reviewer_agrees	
MMC2-09747	1	2023	The British journal of surgery	Whole 16S rRNA sequencing of the oral microbiome predicts postoperative pancreatic fistula: prospective observational cohort study.	10.1093/bjs/znad129	PRJEB59450	1	93	cancer_in_past	disease_key		Anatomical		Gut	Shotgun	Germany	reviewer_agrees	
MMC2-10254	1	2018	International journal of obesity (2005)	Body size phenotypes comprehensively assess cardiometabolic risk and refine the association between obesity and gut microbiota.	10.1038/ijo.2017.281		0	0	Cardiometabolic_status	disease_key		Metabolic		Gut	Amplicon	Colombia	reviewer_named_tier	
MMC2-10490	1	2019	The European respiratory journal	Airway microbiome in adult survivors of extremely preterm birth: the EPICure study.	10.1183/13993003.01225-2018	PRJEB27216	1	74	host disease status	disease_key		Cancer		Pulmonary	Amplicon	United Kingdom	reviewer_agrees	
MMC2-10547	1	2019	American journal of respiratory and critical care medicine	Sputum Microbiome Is Associated with 1-Year Mortality after Chronic Obstructive Pulmonary Disease Hospitalizations.	10.1164/rccm.201806-1135OC		0	0	Mortality_status	disease_key		Respiratory		Pulmonary	Amplicon	Canada	reviewer_named_tier	
MMC2-10561	1	2023	Movement disorders : official journal of the Movement Disorder Society	Integrated Multi-Cohort Analysis of the Parkinson's Disease Gut Metagenome.	10.1002/mds.29300	10.5281/ZENODO.7183678; PRJEB53401; PRJEB53403	2	310	donor_group	disease_key		Neurodegenerative		Gut	Shotgun	United States	reviewer_agrees	
MMC2-10637	1	2018	Journal of clinical periodontology	Do different probing depths exhibit striking differences in microbial profiles?	10.1111/jcpe.12811		0	0	host_disease	disease_key		Oral		Oral	Amplicon	Brazil	reviewer_named_tier	
MMC2-10669	1	2019	Mucosal immunology	Low nadir CD4+ T-cell counts predict gut dysbiosis in HIV-1 infection.	10.1038/s41385-018-0083-7	PRJNA307231	1	350	HIV_Profile:	disease_key		Infectious		Gut	Both	Spain	reviewer_agrees	
MMC2-10741	1	2021	Pediatric diabetes	Eukaryotic viruses in the fecal virome at the onset of type 1 diabetes: A study from four geographically distant African and Asian countries.	10.1111/pedi.13207		0	0	case_control_group	disease_key		Metabolic		Gut	Shotgun	Sudan	reviewer_named_tier	
MMC2-10916	1	2012	Nature	A metagenome-wide association study of gut microbiota in type 2 diabetes.	10.1038/nature11450	SRA045646; SRA050230	2	370	sample_title	reviewer_note	yes	Metabolic		Gut	Shotgun	China	reviewer_agrees	
MMC2-11206	1	2022	The Journal of investigative dermatology	Predominance of Staphylococcus Correlates with Wound Burden and Disease Activity in Dystrophic Epidermolysis Bullosa: A Prospective Case-Control Study.	10.1016/j.jid.2022.01.020	PRJEB47047	1	159	severity	reviewer_note		Reproductive		Multiple	Amplicon	Germany	no_means_disease_present	
MMC2-11252	1	2023	American journal of respiratory and critical care medicine	Inflammatory Molecular Endotypes in Bronchiectasis: A European Multicenter Cohort Study.	10.1164/rccm.202303-0499OC	PRJNA316126; PRJNA539959; PRJNA548310	3	795	Host_disease_status; host_disease	disease_key		Respiratory		Pulmonary	Amplicon	United Kingdom	reviewer_agrees	
MMC2-12620	1	2023	Frontiers in immunology	Immune-checkpoint proteins, cytokines, and microbiome impact on patients with cervical insufficiency and preterm birth.	10.3389/fimmu.2023.1228647	PRJNA836344	1	232	sample_description	reviewer_note	yes	Reproductive		Vaginal	Shotgun	South Korea	no_means_disease_present	
MMC2-12782	1	2021	Nature communications	Translocation of vaginal microbiota is involved in impairment and protection of uterine health.	10.1038/s41467-021-24516-8	GSE86491; PRJEB14941; PRJEB16013; PRJEB24147; PRJNA295859; PRJNA481576; PRJNA547595; PRJNA737052	7	3793	nourishment_status_group; primary_pathology	disease_key		Immune Complications		Multiple	Both	United States	reviewer_agrees	
MMC2-ADD-001	1	2018	mSystems	American Gut: an Open Platform for Citizen Science Microbiome Research.	10.1128/mSystems.00031-18	PRJEB11419	1	34525	skin_condition	disease_key		Healthy	yes	Gut	Both	United States	reviewer_agrees	
MMC2-00101	2	2024	Scientific reports	Distinctive duodenal microbiomes and bile acid profiles in duodenal tumor patients revealed by prospective observational study.	10.1038/s41598-024-69820-7	DRA017480	1	41	sample_title	reviewer_note	yes	Cancer		Gut	Amplicon	Japan	no_identifies_disease_field	
MMC2-00138	2	2013	PloS one	Stool microbiome and metabolome differences between colorectal cancer patients and healthy adults.	10.1371/journal.pone.0070803	PRJEB1415	1	2	sample_description	reviewer_note	yes	Cancer		Gut	Amplicon	United States	reviewer_agrees	
MMC2-00140	2	2017	The lancet. Gastroenterology & hepatology	A non-endoscopic device to sample the oesophageal microbiota: a case-control study.	10.1016/S2468-1253(16)30086-3	PRJEB5768	1	600				Cancer		Oral	Shotgun	United Kingdom	reviewer_agrees	
MMC2-00158	2	2025	Scientific reports	Characteristics of salivary IgA responses to oral microbiota in patients with oral lichen planus.	10.1038/s41598-025-27882-1	PRJDB12280	1	600	sample_name	reviewer_note	yes	Oral		Oral	Amplicon	Japan	reviewer_agrees	
MMC2-00175	2	2017	Scientific reports	A prospective analysis of mucosal microbiome-metabonome interactions in colorectal cancer using a combined MAS 1HNMR and metataxonomic strategy.	10.1038/s41598-017-08150-3	PRJEB13249	1	55	tissue	reviewer_note		Cancer	yes	Gut	Amplicon	United Kingdom	reviewer_agrees	
MMC2-00179	2	2017	Scientific reports	The salivary microbiome as an indicator of carcinogenesis in patients with oropharyngeal squamous cell carcinoma: A pilot study.	10.1038/s41598-017-06361-2	PRJEB18476	1	20	host disease status	disease_key		Cancer		Oral	Amplicon	Austria	reviewer_agrees	
MMC2-00180	2	2017	PLoS pathogens	Comparison of the human gastric microbiota in hypochlorhydric states arising as a result of Helicobacter pylori-induced atrophic gastritis, autoimmune atrophic gastritis and proton pump inhibitor use.	10.1371/journal.ppat.1006653	PRJEB21104	1	128	treatment	reviewer_note		Cancer		Other	Amplicon		no_identifies_disease_field	
MMC2-00186	2	2021	Frontiers in cellular and infection microbiology	Gastrointestinal Microbiota Changes in Patients With Gastric Precancerous Lesions.	10.3389/fcimb.2021.749207	PRJEB26931; PRJNA375772	2	684	sample_alias	reviewer_note	yes	Cancer		Other	Amplicon	China	no_means_disease_present	
MMC2-00195	2	2021	Scientific reports	Metagenomic analysis of formalin-fixed paraffin-embedded tumor and normal mucosa reveals differences in the microbiome of colorectal cancer patients.	10.1038/s41598-020-79874-y	PRJEB34333	1	97	sample_description	reviewer_note	yes	Cancer		Gut	Shotgun	Spain	no_identifies_disease_field	
MMC2-00205	2	2023	NPJ biofilms and microbiomes	Investigating the oral microbiome in retrospective and prospective cases of prostate, colon, and breast cancer.	10.1038/s41522-023-00391-7	PRJEB38175; PRJEB56605	2	1823				Cancer		Oral	Amplicon	Canada	reviewer_agrees	
MMC2-00211	2	2021	Genome medicine	Human breast microbiome correlates with prognostic features and immunological signatures in breast cancer.	10.1186/s13073-021-00874-2	PRJEB43655	1	576				Cancer		Gut	Amplicon	United States	reviewer_agrees	
MMC2-00213	2	2022	Nutrients	Flavonoid Intake in Relation to Colorectal Cancer Risk and Blood Bacterial DNA.	10.3390/nu14214516	PRJEB46474	1	306	sample_description	reviewer_note	yes	Cancer		Multiple	Amplicon	Italy	no_means_disease_present	
MMC2-00220	2	2025	PloS one	Gut microbiota and its influence on the Gut-Brain axis in comparison with chemotherapy patients and cancer-free control data in Breast cancer-A computational perspective.	10.1371/journal.pone.0324742	PRJEB54599	1	33	chemotherapy	reviewer_note		Cancer		Gut	Amplicon	India	no_identifies_disease_field	
MMC2-00227	2	2024	EBioMedicine	Neuroblastoma is associated with alterations in gut microbiome composition subsequent to maternal microbial seeding.	10.1016/j.ebiom.2023.104917	PRJEB63351	1	288	sample_title	reviewer_note	yes	Cancer		Gut	Shotgun	Italy	no_means_disease_present	
MMC2-00243	2	2023	BMC cancer	TIGIT(+) NK cells in combination with specific gut microbiota features predict response to checkpoint inhibitor therapy in melanoma patients.	10.1186/s12885-023-11551-5	PRJNA1011235	1	29	sample_description	reviewer_note	yes	Cancer		Gut	Shotgun	Germany	no_means_disease_present	
MMC2-00247	2	2025	Nature medicine	Microbial signals in primary and metastatic brain tumors.	10.1038/s41591-025-03957-4	PRJNA1023304	1	962	tissue; env_medium	reviewer_note		Cancer		Oral	Both	United States	reviewer_unsure	FLAG_unsure
MMC2-00253	2	2025	Gut microbes	Microbiota and metabolite-based prediction tool for colonic polyposis with and without a known genetic driver.	10.1080/19490976.2025.2474141	PRJNA1029974	1	224	Serrated_polyposis_syndrome	reviewer_note		Cancer		Gut	Amplicon	United States	reviewer_agrees	
MMC2-00280	2	2025	Cancer medicine	Associations of the Colon Tissue Microbiome and Circulating Bile Acids With Colorectal Adenoma Among Average-Risk Women.	10.1002/cam4.71048	PRJNA1068138	1	476	CASECTL2; advanced.case; large_adenoma2	reviewer_note		Cancer		Multiple	Amplicon	United States	no_identifies_disease_field	
MMC2-00286	2	2025	BMC gastroenterology	Impact of terminal ileal microbiota dysbiosis and tryptophan metabolism alterations on mental disorders in patients with Crohn's disease.	10.1186/s12876-025-04007-6	PRJNA1085029	1	42	Sample Alias; sample_alias; isolate	reviewer_note	yes	Cancer		Gut	Amplicon	China	no_identifies_disease_field	
MMC2-00320	2	2024	mSystems	Gut and oral microbial compositional differences in women with breast cancer, women with ductal carcinoma in situ, and healthy women.	10.1128/msystems.01237-24	PRJNA1136994	1	230	Cohort	reviewer_note		Cancer		Gut	Amplicon	United States	no_identifies_disease_field	
MMC2-00343	2	2025	mSphere	Relevance of oncobiome in breast cancer evolution in an Argentine cohort.	10.1128/msphere.00597-24	PRJNA1197483	1	34	sample_alias; env_medium	reviewer_note	yes	Cancer		Other	Amplicon	Argentina	reviewer_unsure	FLAG_unsure
MMC2-00349	2	2025	Virulence	Comprehensive analysis of faecal metagenomic and serum metabolism revealed the role of gut microbes and related metabolites in detecting colorectal lateral spreading tumours.	10.1080/21505594.2025.2489154	PRJNA1212478	1	70	sample_title	reviewer_note	yes	Cancer		Gut	Amplicon	China	no_means_disease_present	
MMC2-00354	2	2025	Scientific reports	Identification of an intestinal microbiota enterotypes in ageing man diagnosed with benign prostatic hyperplasia (BPH).	10.1038/s41598-025-00466-9	PRJNA1221641	1	150	host_disease	reviewer_note		Cancer		Gut	Amplicon	Poland	reviewer_unsure	FLAG_unsure
MMC2-00361	2	2025	Scientific reports	Multi-omics study reveals gut microbiota dysbiosis and tryptophan metabolism alterations in GH-PitNET progression.	10.1038/s41598-025-07812-x	PRJNA1244248	1	50	library_name	reviewer_note	yes	Cancer		Gut	Amplicon	China	no_means_disease_present	
MMC2-00376	2	2025	Frontiers in immunology	Microbiota-immune dysregulation in cervical cancer patients from Western Mexico: linking gut dysbiosis and NK cell exhaustion as promising biomarkers.	10.3389/fimmu.2025.1637098	PRJNA1347852	1	68	Experiment Title; experiment_title; Sample Alias; sample_alias; Experiment	reviewer_note	yes	Cancer	yes	Gut	Amplicon	Mexico	no_identifies_disease_field	
MMC2-00377	2	2016	Genome medicine	Pretreatment gut microbiome predicts chemotherapy-related bloodstream infection.	10.1186/s13073-016-0301-4	PRJNA257960	1	2	isolate,; isolate	reviewer_note		Cancer		Gut	Shotgun	United States	reviewer_agrees	
MMC2-00379	2	2015	Genome biology	Associations between host gene expression, the mucosal microbiome, and clinical outcome in the pelvic pouch of patients with inflammatory bowel disease.	10.1186/s13059-015-0637-x	GSE40292; GSE65270; PRJNA269954	1	652				Cancer		Gut	Amplicon	United States	reviewer_agrees	
MMC2-00381	2	2017	Medical science monitor : international medical journal of experimental and           clinical research	Analysis of Mucosa-Associated Microbiota in Colorectal Cancer.	10.12659/msm.904220	PRJNA280026	1	270	sample_description	reviewer_note	yes	Cancer		Gut	Amplicon	China	no_identifies_disease_field	
MMC2-00397	2	2017	Scientific reports	Inflammatory bacteriome featuring Fusobacterium nucleatum and Pseudomonas aeruginosa identified in association with oral squamous cell carcinoma.	10.1038/s41598-017-02079-3	PRJNA352375	1	40	Sample Alias; sample_alias	reviewer_note	yes	Cancer		Oral	Amplicon	Yemen	no_identifies_disease_field	
MMC2-00401	2	2018	mBio	Diagnostic Potential and Interactive Dynamics of the Colorectal Cancer Virome.	10.1128/mBio.02248-18	PRJNA389927	1	181	DiseaseClass	disease_key		Cancer		Gut	Shotgun	United States	reviewer_agrees	
MMC2-00409	2	2020	Cancer medicine	Comparison of vaginal microbiota in gynecologic cancer patients pre- and post-radiation therapy and healthy women.	10.1002/cam4.3027	PRJNA448161	1	71	gynecologic_disord	reviewer_note		Cancer		Vaginal	Amplicon	United States	reviewer_agrees	
MMC2-00423	2	2020	BMC cancer	Temporal changes in gut microbiota profile in children with acute lymphoblastic leukemia prior to commencement-, during-, and post-cessation of chemotherapy.	10.1186/s12885-020-6654-5	PRJNA533024	1	34	Sample Title; sample_title; env_local_scale	reviewer_note	yes	Cancer		Gut	Shotgun	Malaysia	no_identifies_disease_field	
MMC2-00426	2	2020	Journal of Crohn's & colitis	A Pilot Integrative Analysis of Colonic Gene Expression, Gut Microbiota, and Immune Infiltration in Primary Sclerosing Cholangitis-Inflammatory Bowel Disease: Association of Disease With Bile Acid Pat	10.1093/ecco-jcc/jjaa021	E-MTAB-7915; PRJNA533720	1	60	sample_alias; library_name	reviewer_note	yes	Cancer		Gut	Amplicon	United Kingdom	no_identifies_disease_field	
MMC2-00429	2	2019	Cell	Tumor Microbiome Diversity and Composition Influence Pancreatic Cancer Outcomes.	10.1016/j.cell.2019.07.008	PRJNA542615	1	68	Survival Status	disease_key		Cancer		Multiple	Amplicon	United States	reviewer_agrees	
MMC2-00431	2	2020	Cancer medicine	Oral microbial community composition is associated with pancreatic cancer: A case-control study in Iran.	10.1002/cam4.2660	PRJNA549488	1	558	CaseControl	reviewer_note		Cancer		Oral	Shotgun	United States	no_identifies_disease_field	
MMC2-00434	2	2019	BMC oral health	The human oral cavity microbiota composition during acute tonsillitis: a cross-sectional survey.	10.1186/s12903-019-0956-5	PRJNA559766	1	246	sample_description	reviewer_note	yes	Cancer		Oral	Amplicon	China	no_identifies_disease_field	
MMC2-00457	2	2021	Gut microbes	Associations of the gut microbiome with hepatic adiposity in the Multiethnic Cohort Adiposity Phenotype Study.	10.1080/19490976.2021.1965463	PRJNA629344	1	1544				Cancer		Gut	Amplicon	United States	reviewer_agrees	
MMC2-00464	2	2021	BMC cancer	Conventional myelosuppressive chemotherapy for non-haematological malignancy disrupts the intestinal microbiome.	10.1186/s12885-021-08296-4	PRJNA650259	1	74	sample_description; chemotherapy_type	reviewer_note	yes	Cancer	yes	Gut	Amplicon	Australia	no_identifies_disease_field	
MMC2-00467	2	2021	International journal of cancer	Associations of fecal microbial profiles with breast cancer and nonmalignant breast disease in the Ghana Breast Health Study.	10.1002/ijc.33473	PRJNA658160	1	962	case_control; CONSENSUS_DIAG	reviewer_note		Cancer		Gut	Shotgun	Ghana	no_identifies_disease_field	
MMC2-00486	2	2021	Genome medicine	Detection of cryptogenic malignancies from metagenomic whole genome sequencing of body fluids.	10.1186/s13073-021-00912-z	PRJNA707099	1	112	disease	disease_key		Cancer		Pulmonary	Shotgun	United States	reviewer_agrees	
MMC2-00498	2	2021	Frontiers in cellular and infection microbiology	Characteristics and Clinical Implications of the Nasal Microbiota in Extranodal NK/T-Cell Lymphoma, Nasal Type.	10.3389/fcimb.2021.686595	PRJNA733573	1	95	sample_alias	reviewer_note	yes	Cancer		Nasal	Amplicon	China	no_identifies_disease_field	
MMC2-00500	2	2021	International journal of molecular sciences	16S rRNA of Mucosal Colon Microbiome and CCL2 Circulating Levels Are Potential Biomarkers in Colorectal Cancer.	10.3390/ijms221910747	PRJNA736583	1	72	sample_title	reviewer_note	yes	Cancer		Gut	Amplicon	Italy	no_identifies_disease_field	
MMC2-00505	2	2021	Journal of translational medicine	Analysis of changes in microbiome compositions related to the prognosis of colorectal cancer patients based on tissue-derived 16S rRNA sequences.	10.1186/s12967-021-03154-0	PRJNA743150	1	102	isolate; tissue	reviewer_note		Cancer		Multiple	Amplicon		no_identifies_disease_field	
MMC2-00516	2	2021	Nature communications	Dysbiosis of human gut microbiome in young-onset colorectal cancer.	10.1038/s41467-021-27112-y	PRJNA763023	1	1238	sample_alias; experiment_title	reviewer_note	yes	Cancer		Gut	Both	China	no_means_disease_present	
MMC2-00523	2	2022	International journal of cancer	The oral microbiome and breast cancer and nonmalignant breast disease, and its relationship with the fecal microbiome in the Ghana Breast Health Study.	10.1002/ijc.34145	PRJNA767189	1	947	case_control; sample_type; CONSENSUS_DIAG	reviewer_note		Cancer		Oral	Shotgun	United States	no_identifies_disease_field	
MMC2-00525	2	2022	Journal of the European Academy of Dermatology and Venereology : JEADV	Gut dysbiosis in cutaneous T-cell lymphoma is characterized by shifts in relative abundances of specific bacterial taxa and decreased diversity in more advanced disease.	10.1111/jdv.18125	PRJNA767860	1	50	host_disease	disease_key		Cancer		Gut	Amplicon	United States	reviewer_agrees	
MMC2-00530	2	2022	JAMA oncology	Association of Intratumoral Microbiota With Prognosis in Patients With Nasopharyngeal Carcinoma From 2 Hospitals in China.	10.1001/jamaoncol.2022.2810	GSE189642; PRJNA781360; PRJNA781368	2	181	tissue; env_medium; explored	reviewer_note		Cancer		Nasal	Both	China	reviewer_unsure	FLAG_unsure
MMC2-00553	2	2024	Haematologica	Gut microbiome alterations at acute myeloid leukemia diagnosis are associated with muscle weakness and anorexia.	10.3324/haematol.2023.284138	PRJNA813705	1	60	host_disease	disease_key		Cancer		Gut	Both	Belgium	reviewer_agrees	
MMC2-00565	2	2022	Frontiers in cellular and infection microbiology	Nanopore-based metagenomic sequencing for the rapid and precise detection of pathogens among immunocompromised cancer patients with suspected infections.	10.3389/fcimb.2022.943859	PRJNA854790	1	56	host_disease	reviewer_note		Cancer		Other	Amplicon	China	no_identifies_disease_field	
MMC2-00605	2	2023	BMC cancer	Vaginal microbiome community state types and high-risk human papillomaviruses in cervical precancer and cancer in North-central Nigeria.	10.1186/s12885-023-11187-5	PRJNA914231	1	168	gynecologic_disord	reviewer_note		Cancer		Vaginal	Amplicon	Nigeria	no_identifies_disease_field	
MMC2-00613	2	2024	World journal of gastroenterology	Distinct gut microbiomes in Thai patients with colorectal polyps.	10.3748/wjg.v30.i27.3336	PRJNA940282	1	152	sample_alias; sample_description	reviewer_note	yes	Cancer		Gut	Amplicon	Thailand	no_means_disease_present	
MMC2-00614	2	2023	Nature medicine	An integrated tumor, immune and microbiome atlas of colon cancer.	10.1038/s41591-023-02324-5	PRJNA941834	1	534	tissue; env_local_scale	reviewer_note		Cancer	yes	Gut	Shotgun	Netherlands	no_identifies_disease_field	
MMC2-00638	2	2012	PloS one	Human intestinal lumen and mucosa-associated microbiota in patients with colorectal cancer.	10.1371/journal.pone.0039743	SRP009633	1	2	sample_description	reviewer_note	yes	Cancer		Gut	Amplicon	China	reviewer_unsure	FLAG_unsure
MMC2-00653	2	2016	Scientific reports	Characterization of the microbiome of nipple aspirate fluid of breast cancer survivors.	10.1038/srep28061	PRJNA314877	1	137	health_state	disease_key		Cancer		Skin	Amplicon	United States	reviewer_agrees	
MMC2-00673	2	2019	Scientific reports	Dysbiosis patterns during re-induction/salvage versus induction chemotherapy for acute leukemia.	10.1038/s41598-019-42652-6	PRJNA451154	1	721	experiment_title	reviewer_note	yes	Cancer		Gut	Amplicon	United States	reviewer_agrees	
MMC2-00677	2	2020	PloS one	Dysbiotic oral microbiota and infected salivary glands in Sjögren's syndrome.	10.1371/journal.pone.0230667	PRJNA488230	1	49	sample_alias	reviewer_note	yes	Cancer		Oral	Amplicon	South Korea	no_means_disease_present	
MMC2-00680	2	2020	BioMed research international	Characterization of Oral Microbiome and Exploration of Potential Biomarkers in Patients with Pancreatic Cancer.	10.1155/2020/4712498	PRJNA595787	1	37	sample_alias; sample_description	reviewer_note	yes	Cancer		Oral	Amplicon	China	no_identifies_disease_field	
MMC2-01219	2	2022	Gene	Altered cervicovaginal microbiota in premenopausal ovarian cancer patients.	10.1016/j.gene.2021.146083	PRJNA575808	1	62	sample_title; sample_description	reviewer_note	yes	Cancer		Vaginal	Amplicon	Japan	no_identifies_disease_field	
MMC2-01241	2	2025	International urogynecology journal	Gynecologic Oncology Patients have Urobiomes that are Similar to Women Without Gynecologic Cancer.	10.1007/s00192-025-06235-6		0	0	host_disease	disease_key		Cancer		Other	Amplicon		reviewer_named_tier	
MMC2-01429	2	2019	International journal of cancer	Alterations in the gut microbiota and metabolite profiles of thyroid carcinoma patients.	10.1002/ijc.32007		0	0	sample_alias	reviewer_note	yes	Cancer		Gut	Amplicon	China	t4_no_names_disease_field	
MMC2-01431	2	2017	Annals of oncology : official journal of the European Society for Medical           Oncology	Baseline gut microbiota predicts clinical response and colitis in metastatic melanoma patients treated with ipilimumab.	10.1093/annonc/mdx108		0	0				Cancer		Multiple	Amplicon	France	reviewer_named_tier	
MMC2-01432	2	2018	Journal of dental research	Inflammatory Bacteriome and Oral Squamous Cell Carcinoma.	10.1177/0022034518767118		0	0	sample_alias	reviewer_note	yes	Cancer		Oral	Amplicon	United States	t4_no_names_disease_field	
MMC2-01445	2	2020	Gastroenterology	Predominantly Antibiotic-resistant Intestinal Microbiome Persists in Patients With Pouchitis Who Respond to Antibiotic Therapy.	10.1053/j.gastro.2019.10.001		0	0	sample_description	reviewer_note	yes	Gastrointestinal		Gut	Shotgun	Israel	t4_no_names_disease_field	
MMC2-01471	2	2025	Archives of oral biology	Bioinformatics-driven salivary microbial and functional profiling for identifying biomarkers in oral cancer and tobacco abusers in the Indian population.	10.1016/j.archoralbio.2025.106346		0	0	sample_title	reviewer_note	yes	Cancer		Oral	Amplicon	India	t4_no_names_disease_field	
MMC2-01501	2	2025	Journal of oral biosciences	Microbial signatures in oral submucous fibrosis and oral squamous cell carcinoma: Implications of tobacco and betel quid consumption.	10.1016/j.job.2025.100656		0	0	sample_alias	reviewer_note	yes	Cancer		Oral	Amplicon	India	t4_no_names_disease_field	
MMC2-01516	2	2024	The Prostate	A prospective evaluation of the prostate microbiome in malignant and benign tissue using transperineal biopsy.	10.1002/pros.24763		0	0	host_disease	disease_key		Cancer		Gut	Amplicon	United States	t4_reviewer_accepts_proposal	
MMC2-01519	2	2022	International journal of cancer	Progressive dysbiosis of human orodigestive microbiota along the sequence of gastroesophageal reflux, Barrett's esophagus and esophageal adenocarcinoma.	10.1002/ijc.34191		0	0	Is Tumor:	disease_key		Cancer		Multiple	Amplicon	United States	reviewer_named_tier	
MMC2-01548	2	2017	Acta dermato-venereologica	Skin Microbiome in Small- and Large-plaque Parapsoriasis.	10.2340/00015555-2631		0	0	dermatology disorder; earlier parapsoriasis diagnoses; host disease status;	disease_key		Skin		Multiple	Amplicon	Finland	t4_reviewer_accepts_proposal	
MMC2-01562	2	2021	Prostate cancer and prostatic diseases	A cross-sectional study on gut microbiota in prostate cancer patients with prostatectomy or androgen deprivation therapy.	10.1038/s41391-021-00360-1		0	0	host disease status: ;group	disease_key		Cancer		Gut	Amplicon	China	t4_reviewer_accepts_proposal	
MMC2-01583	2	2014	Helicobacter	Differences in gastric mucosal microbiota profiling in patients with chronic gastritis, intestinal metaplasia, and gastric cancer using pyrosequencing methods.	10.1111/hel.12145		0	0	host_disease	disease_key		Cancer		Multiple	Amplicon	South Korea	t4_reviewer_accepts_proposal	
MMC2-01603	2	2024	Oral oncology	Gut microbiome predicts gastrointestinal toxicity outcomes from chemoradiation therapy in patients with head and neck squamous cell carcinoma.	10.1016/j.oraloncology.2023.106623		0	0	primary tumor:	disease_key		Cancer		Gut	Shotgun	France	reviewer_named_tier	
MMC2-01890	2	2024	Scientific reports	Compositional and functional differences of the vaginal microbiota of women with and without cervical dysplasia.	10.1038/s41598-024-61942-2	PRJEB72778; PRJEB72779	2	421	sample_title	reviewer_note	yes	Cancer		Vaginal	Shotgun	Sweden	no_identifies_disease_field	
MMC2-01968	2	2017	Scientific reports	Characterization of cervico-vaginal microbiota in women developing persistent high-risk Human Papillomavirus infection.	10.1038/s41598-017-09842-6	PRJEB18720	1	72	hpv_status_at_follow_up	reviewer_note		Cancer		Vaginal	Amplicon		reviewer_agrees	
MMC2-02003	2	2022	American journal of respiratory and critical care medicine	The Lung Allograft Microbiome Associates with Pepsin, Inflammation, and Primary Graft Dysfunction.	10.1164/rccm.202112-2786OC	PRJNA788785	1	1616	pulmonary_disord; timepoint	reviewer_note		Immune Complications		Pulmonary	Amplicon	United States	reviewer_agrees	
MMC2-02043	2	2022	PloS one	Characteristics of the gut microbiota in women with premenstrual symptoms: A cross-sectional study.	10.1371/journal.pone.0268466	DRA013989	1	56	sample_title; host_disease	reviewer_note	yes	Healthy	yes	Gut	Amplicon	Japan	reviewer_agrees	
MMC2-02103	2	2021	Microbes and environments	Dysbiosis in the Salivary Microbiome Associated with IgA Nephropathy-‍A‍ ‍Japanese Cohort Study.	10.1264/jsme2.ME21006	DRA002611; DRA002617; DRA002618; DRA011285; DRA011286	5	251	sample_title	reviewer_note	yes	Gastrointestinal		Oral	Amplicon	Japan	no_means_disease_present	
MMC2-02143	2	2020	Journal of diabetes investigation	Intake of sucrose affects gut dysbiosis in patients with type 2 diabetes.	10.1111/jdi.13293	DRA009950	1	194	host_disease_stat	disease_key		Metabolic		Gut	Amplicon	Japan	reviewer_agrees	
MMC2-02145	2	2020	Reproductive sciences (Thousand Oaks, Calif.)	The Vaginal Microbiome as a Tool to Predict rASRM Stage of Disease in Endometriosis: a Pilot Study.	10.1007/s43032-019-00113-5	PRJNA424567	1	162	host_disease; Disease	reviewer_note		Reproductive		Multiple	Amplicon	Brazil	reviewer_agrees	
MMC2-02160	2	2020	Inflammatory bowel diseases	Microbial Shifts and Shorter Time to Bowel Resection Surgery Associated with C. difficile in Pediatric Crohn's Disease.	10.1093/ibd/izz263		0	0	Disease; Group	disease_key		Gastrointestinal		Gut	Shotgun	United States	t4_reviewer_accepts_proposal	
MMC2-02187	2	2019	EBioMedicine	Mucin O-glycans facilitate symbiosynthesis to maintain gut immune homeostasis.	10.1016/j.ebiom.2019.09.008	DRA006094	1	78	sample_title	reviewer_note	yes	Gastrointestinal		Gut	Amplicon	Japan	no_identifies_disease_field	
MMC2-02228	2	2018	Nutrients	Diet: Cause or Consequence of the Microbial Profile of Cholelithiasis Disease?	10.3390/nu10091307	SRR6872880; SRR6872883; SRR6872887; SRR6872896	4	4	sample_name	reviewer_note	yes	Infectious		Other	Amplicon	Spain	reviewer_named_tier	
MMC2-02229	2	2018	Scientific reports	A study of the correlation between obesity and intestinal flora in school-age children.	10.1038/s41598-018-32730-6	SRA759603	1	77	host	reviewer_note		Metabolic		Gut	Amplicon	China	no_identifies_disease_field	
MMC2-02241	2	2018	American journal of physiology. Lung cellular and molecular physiology	The respiratory tract microbial biogeography in alcohol use disorder.	10.1152/ajplung.00277.2017	PRJNA378267	1	234	AUD	reviewer_note		Respiratory		Pulmonary	Amplicon	United States	no_means_disease_present	
MMC2-02279	2	2016	Journal of Crohn's & colitis	Mucosal Barrier Depletion and Loss of Bacterial Diversity are Primary Abnormalities in Paediatric Ulcerative Colitis.	10.1093/ecco-jcc/jjv223	PRJNA298762	1	30	sample_description	reviewer_note	yes	Gastrointestinal		Gut	Amplicon	Canada	no_identifies_disease_field	
MMC2-02283	2	2016	JPEN. Journal of parenteral and enteral nutrition	The Fecal Microbiome in Pediatric Patients With Short Bowel Syndrome.	10.1177/0148607115591216	PHS000265.V3.P1; SRA054875	1	14	sample_description	reviewer_note	yes	Gastrointestinal	yes	Gut	Amplicon	United States	no_means_disease_present	
MMC2-02316	2	2014	Annals of the American Thoracic Society	Three clinically distinct chronic pediatric airway infections share a common core microbiota.	10.1513/AnnalsATS.201312-456OC	PRJNA200702	1	56	sample_alias	reviewer_note	yes	Respiratory		Pulmonary	Amplicon	Australia	no_means_disease_present	
MMC2-02326	2	2012	Science translational medicine	Quantitative analysis of the human airway microbial ecology reveals a pervasive signature for cystic fibrosis.	10.1126/scitranslmed.3004458	SRA057249	1	46	disease	reviewer_note		Respiratory		Pulmonary	Amplicon	United States	reviewer_agrees	
MMC2-02330	2	2013	Thorax	Microbial communities in the respiratory tract of patients with interstitial lung disease.	10.1136/thoraxjnl-2012-202917	SRA026964; SRX033134; SRX193716	3	4				Respiratory		Pulmonary	Amplicon	Switzerland	reviewer_agrees	
MMC2-02350	2	2013	PloS one	Molecular characterization of the fecal microbiota in patients with nonalcoholic steatohepatitis--a longitudinal study.	10.1371/journal.pone.0062885	SRA049741	1	54	Disease	disease_key		Liver		Gut	Amplicon	China	reviewer_agrees	
MMC2-02360	2	2012	Nature communications	Symptomatic atherosclerosis is associated with an altered gut metagenome.	10.1038/ncomms2266	SRA059451	1	27	sample_title	reviewer_note	yes	Cardiovascular		Gut	Shotgun	Sweden	no_means_disease_present	
MMC2-02368	2	2012	The ISME journal	Distinct and complex bacterial profiles in human periodontitis and health revealed by 16S pyrosequencing.	10.1038/ismej.2011.191	SRP009299	1	87	diseased area of diseased individual	reviewer_note		Oral		Oral	Amplicon	United States	reviewer_agrees	
MMC2-02458	2	2025	Journal of Crohn's & colitis	The Bidirectional Effects of Periodontal Disease and Oral Dysbiosis on Gut Inflammation in Inflammatory Bowel Disease.	10.1093/ecco-jcc/jjae162	PRJNA1027311	1	377	host_disease	disease_key		Gastrointestinal		Oral	Amplicon	United States	reviewer_agrees	
MMC2-02526	2	2024	Gut and liver	Associations among the Duodenal Ecosystem, Gut Microbiota, and Nutrient Intake in Functional Dyspepsia.	10.5009/gnl230130	DRA015691	1	3	sample_title	reviewer_note	yes	Gastrointestinal		Multiple	Amplicon	South Korea	no_means_disease_present	
MMC2-02533	2	2024	American journal of respiratory and critical care medicine	The Lung Microbiome Predicts Mortality and Response to Azithromycin in Lung Transplant Recipients with Chronic Rejection.	10.1164/rccm.202308-1326OC	PRJNA246158; PRJNA615630; PRJNA865783	3	336	RAS_like_opacities	reviewer_note		Immune Complications		Pulmonary	Amplicon	United States	reviewer_agrees	
MMC2-02638	2	2013	PloS one	A modular organization of the human intestinal mucosal microbiota and its association with inflammatory bowel disease.	10.1371/journal.pone.0080702	PRJEB3251	1	188	gastrointest_disord	reviewer_note		Gastrointestinal		Gut	Amplicon	Gaz	no_identifies_disease_field	
MMC2-02649	2	2019	Metabolomics : Official journal of the Metabolomic Society	Elevated serum ceramides are linked with obesity-associated gut dysbiosis and impaired glucose metabolism.	10.1007/s11306-019-1596-0	PRJEB4413	1	147				Metabolic		Gut	Shotgun	France	reviewer_agrees	
MMC2-02656	2	2017	Genome biology	Quantitative metagenomics reveals unique gut microbiome biomarkers in ankylosing spondylitis.	10.1186/s13059-017-1271-6	PRJEB6337; PRJNA375935	2	523	env_feature	reviewer_note		Gastrointestinal	yes	Gut	Shotgun	China	reviewer_agrees	
MMC2-02678	2	2019	Microbiome	The composition and functional protein subsystems of the human nasal microbiome in granulomatosis with polyangiitis: a pilot study.	10.1186/s40168-019-0753-z	PRJEB14869	1	254				Infectious		Multiple	Shotgun	United Kingdom	reviewer_agrees	
MMC2-02683	2	2017	PLoS neglected tropical diseases	A longitudinal study of the infant nasopharyngeal microbiota: The effects of age, illness and antibiotic use in a cohort of South East Asian children.	10.1371/journal.pntd.0005975	PRJEB18650	1	720				Respiratory		Nasal	Amplicon	United Kingdom	reviewer_agrees	
MMC2-02692	2	2017	Frontiers in cellular and infection microbiology	Distinctive Gut Microbiota Is Associated with Diarrheagenic Escherichia coli Infections in Chilean Children.	10.3389/fcimb.2017.00424	PRJEB22303	1	93	sample_alias	reviewer_note	yes	Gastrointestinal		Gut	Amplicon	Chile	reviewer_agrees	
MMC2-02710	2	2018	mBio	Gut Microbiota in the First 2 Years of Life and the Association with Body Mass Index at Age 12 in a Norwegian Birth Cohort.	10.1128/mBio.01751-18	PRJEB29078	1	2995	sample_description	reviewer_note	yes	Metabolic		Gut	Shotgun	United States	no_means_disease_present	
MMC2-02722	2	2021	Inflammatory bowel diseases	Gastrointestinal Surgery for Inflammatory Bowel Disease Persistently Lowers Microbiome and Metabolome Diversity.	10.1093/ibd/izaa262	PRJEB38352	1	382	disease	disease_key		Gastrointestinal		Gut	Shotgun	United States	reviewer_agrees	
MMC2-02724	2	2021	Viruses	Markers of Gut Barrier Function and Microbial Translocation Associate with Lower Gut Microbial Diversity in People with HIV.	10.3390/v13101891	PRJEB38909	1	1029	has HIV biomarkers	disease_key		STI		Gut	Both	United States	reviewer_agrees	
MMC2-02753	2	2021	Scientific reports	Refinement of microbiota analysis of specimens from patients with respiratory infections using next-generation sequencing.	10.1038/s41598-021-98985-8	PRJDB11117	1	80	sample_title	reviewer_note	yes	Respiratory		Pulmonary	Amplicon	Japan	no_means_disease_present	
MMC2-02832	2	2017	PloS one	Bacterial diversity in Buruli ulcer skin lesions: Challenges in the clinical microbiome analysis of a skin disease.	10.1371/journal.pone.0181994	PRJEB14948; PRJNA50563	2	932	sample_title	reviewer_note	yes	Infectious		Multiple	Both	Benin	no_means_disease_present	
MMC2-02844	2	2017	PloS one	The impact of persistent bacterial bronchitis on the pulmonary microbiome of children.	10.1371/journal.pone.0190075	PRJEB18478	1	119	lung/pulmory disorder	disease_key		Respiratory		Pulmonary	Amplicon	United Kingdom	reviewer_agrees	
MMC2-02879	2	2021	Cell reports	Acute SARS-CoV-2 infection is associated with an increased abundance of bacterial pathogens, including Pseudomonas aeruginosa in the nose.	10.1016/j.celrep.2021.109637	PRJEB23057; PRJNA745169	2	375	host_disease	disease_key		Respiratory		Nasal	Both	United States	reviewer_agrees	
MMC2-02883	2	2018	Microbiome	Gut microbiota trajectory in early life may predict development of celiac disease.	10.1186/s40168-018-0415-6	PRJEB23313	1	38	sample_alias	reviewer_note	yes	Gastrointestinal		Gut	Amplicon	United Kingdom	reviewer_agrees	
MMC2-02896	2	2021	PloS one	Metataxonomic investigation of the microbial community in the trachea and oropharynx of healthy controls and diabetic patients using endotracheal tubes.	10.1371/journal.pone.0259596	PRJEB25060	1	23	sample_title	reviewer_note	yes	Healthy	yes	Oral	Amplicon	South Korea	reviewer_agrees	
MMC2-02907	2	2018	Microbiome	Alteration of the cutaneous microbiome in psoriasis and potential role in Th17 polarization.	10.1186/s40168-018-0533-1	GSE114398; PRJEB25915	1	417	host_phenotype	disease_key		Respiratory		Skin	Amplicon	United States	reviewer_agrees	
MMC2-02929	2	2019	EBioMedicine	Gut microbiota in Parkinson's disease: Temporal stability and relations to disease progression.	10.1016/j.ebiom.2019.05.064	PRJEB27564	1	300	Parkinson:	disease_key		Neurodegenerative		Gut	Amplicon	Finland	reviewer_agrees	
MMC2-02930	2	2019	BMC gastroenterology	Moderate-intensity aerobic and resistance exercise is safe and favorably influences body composition in patients with quiescent Inflammatory Bowel Disease: a randomized controlled cross-over trial.	10.1186/s12876-019-0952-x	PRJEB27623	1	34	present	reviewer_note		Gastrointestinal		Gut	Amplicon	Ireland	reviewer_named_tier	
MMC2-02935	2	2020	Clinical infectious diseases : an official publication of the Infectious Diseases           Society of America	Gut Microbiota Features Associated With Campylobacter Burden and Postnatal Linear Growth Deficits in a Peruvian Birth Cohort.	10.1093/cid/ciz906	PRJEB28159	1	928	burden group for campylobacter	disease_key		Gastrointestinal		Gut	Amplicon	United States	reviewer_agrees	
MMC2-02940	2	2020	mSphere	Different Types of Atrial Fibrillation Share Patterns of Gut Microbiota Dysbiosis.	10.1128/mSphere.00071-20	PRJEB28384	1	93	sample_alias	reviewer_note	yes	Cardiovascular		Gut	Shotgun	China	no_means_disease_present	
MMC2-02974	2	2020	The Journal of infectious diseases	Composition of Gut Microbiota of Children and Adolescents With Perinatal Human Immunodeficiency Virus Infection Taking Antiretroviral Therapy in Zimbabwe.	10.1093/infdis/jiz473	PRJEB32077	1	280	sample_description	reviewer_note	yes	Infectious		Gut	Amplicon	Zimbabwe	no_means_disease_present	
MMC2-02975	2	2019	Frontiers in immunology	Bacterial but Not Fungal Gut Microbiota Alterations Are Associated With Common Variable Immunodeficiency (CVID) Phenotype.	10.3389/fimmu.2019.01914	PRJEB32265	1	136	sample_description	reviewer_note	yes	Immune Complications		Gut	Amplicon	Czechia	no_means_disease_present	
MMC2-03009	2	2020	Nutrients	Effect of a Nutritional Intervention on the Intestinal Microbiota of Vertically HIV-Infected Children: The Pediabiota Study.	10.3390/nu12072112	PRJEB35283	1	55	sample_description	reviewer_note	yes	Infectious		Gut	Amplicon	Spain	reviewer_agrees	
MMC2-03012	2	2020	PloS one	Gut microbiota composition and frailty in elderly patients with Chronic Kidney Disease.	10.1371/journal.pone.0228530	PRJEB35666	1	78	sample_description	reviewer_note	yes	Metabolic		Gut	Amplicon	Italy	reviewer_agrees	
MMC2-03029	2	2020	Frontiers in immunology	Behçet's Disease Under Microbiotic Surveillance? A Combined Analysis of Two Cohorts of Behçet's Disease Patients.	10.3389/fimmu.2020.01192	PRJEB36332	1	30	sample_title	reviewer_note	yes	Autoimmune		Multiple	Amplicon	United Kingdom	reviewer_agrees	
MMC2-03049	2	2020	NPJ biofilms and microbiomes	The human respiratory tract microbial community structures in healthy and cystic fibrosis infants.	10.1038/s41522-020-00171-7	PRJEB38221	1	119	sample_description	reviewer_note	yes	Respiratory		Pulmonary	Shotgun	Germany	no_means_disease_present	
MMC2-03063	2	2020	Scientific reports	Comparative analysis of the tonsillar microbiota in IgA nephropathy and other glomerular diseases.	10.1038/s41598-020-73035-x	PRJEB39311	1	80	sample_alias	reviewer_note	yes	Infectious		Multiple	Amplicon	South Korea	no_means_disease_present	
MMC2-03065	2	2021	PloS one	Gut microbiota profile of Indonesian stunted children and children with normal nutritional status.	10.1371/journal.pone.0245399	PRJEB39484	1	130	sample_title	reviewer_note	yes	Metabolic		Gut	Amplicon	Netherlands	no_means_disease_present	
MMC2-03066	2	2020	PloS one	Baseline gut microbiome composition predicts metformin therapy short-term efficacy in newly diagnosed type 2 diabetes patients.	10.1371/journal.pone.0241338	PRJEB39500	1	203	sample_description	reviewer_note	yes	Metabolic		Gut	Shotgun	Latvia	no_means_disease_present	
MMC2-03074	2	2021	Gastroenterology	Multi-Omics Analyses Show Disease, Diet, and Transcriptome Interactions With the Virome.	10.1053/j.gastro.2021.06.077	PRJEB40590	1	99	gastrointestinal tract disorder	disease_key		Gastrointestinal		Gut	Shotgun	United States	reviewer_named_tier	
MMC2-03125	2	2022	Journal of medical microbiology	Porphyromonas pasteri and Prevotella nanceiensis in the sputum microbiota are associated with increased decline in lung function in individuals with cystic fibrosis.	10.1099/jmm.0.001481	PRJEB4555	1	7	disease	disease_key		Respiratory		Pulmonary	Shotgun	United Kingdom	reviewer_agrees	
MMC2-03131	2	2022	Acta dermato-venereologica	Skin Microbiome in Patients with Hand Eczema and Healthy Controls: A Three-week Prospective Study.	10.2340/actadv.v101.845	PRJEB46105	1	1385	sample_alias	reviewer_note	yes	Skin		Skin	Shotgun	Denmark	no_means_disease_present	
MMC2-03236	2	2025	Neurology	Investigating Plasma Metabolomics and Gut Microbiota Changes Associated With Parkinson Disease: A Focus on Caffeine Metabolism.	10.1212/WNL.0000000000213592	PRJEB57770	1	117	sample_title	reviewer_note	yes	Infectious		Gut	Shotgun	Taiwan	no_means_disease_present	
MMC2-03256	2	2023	Scientific reports	Reduced microbial diversity of the nasopharyngeal microbiome in household contacts with latent tuberculosis infection.	10.1038/s41598-023-34052-8	PRJEB61078	1	82	sample_description	reviewer_note	yes	Respiratory		Nasal	Amplicon	Chile	reviewer_agrees	
MMC2-03259	2	2023	Clinical infectious diseases : an official publication of the Infectious Diseases           Society of America	Pleural Empyema Caused by Streptococcus intermedius and Fusobacterium nucleatum: A Distinct Entity of Pleural Infections.	10.1093/cid/ciad378	PRJEB62005	1	75	sample_description	reviewer_note	yes	Infectious		Multiple	Amplicon	Norway	no_means_disease_present	
MMC2-03263	2	2024	Allergy	Species-level, metagenomic and proteomic analysis of microbe-immune interactions in severe asthma.	10.1111/all.16269	PRJEB62780	1	114	host_status	disease_key		Respiratory		Pulmonary	Shotgun	United Kingdom	reviewer_agrees	
MMC2-03291	2	2024	BMC microbiology	Does gut microbiota dysbiosis impact the metabolic alterations of hydrogen sulfide and lanthionine in patients with chronic kidney disease?	10.1186/s12866-024-03590-0	PRJEB67373	1	114	sample_description; sample_title	reviewer_note	yes	Renal		Gut	Amplicon	Italy	reviewer_agrees	
MMC2-03312	2	2025	Scientific reports	Associations of the intestinal microbiota with plasma bile acids and inflammation markers in Crohn's disease and ulcerative colitis.	10.1038/s41598-025-18106-7	PRJEB72371	1	206	sample_description	reviewer_note	yes	Gastrointestinal		Gut	Shotgun	Sweden	no_means_disease_present	
MMC2-03325	2	2025	Journal of clinical periodontology	Non-Surgical Periodontal Therapy Modulates Oral Microbiome in Primary Immunodeficient Children.	10.1111/jcpe.14201	PRJEB76903	1	54	host disease status	disease_key		Oral		Oral	Amplicon	United Kingdom	reviewer_agrees	
MMC2-03330	2	2025	Scientific reports	Gut microbial ecology and function of a Pakistani cohort with Iron deficiency Anemia.	10.1038/s41598-025-02556-0	PRJEB77861	1	68	sample_title	reviewer_note	yes	Cardiovascular		Gut	Amplicon	United Kingdom	no_means_disease_present	
MMC2-03332	2	2024	Nutrients	Specific Gut Microbiome Signatures in Children with Cow's Milk Allergy.	10.3390/nu16162752	PRJEB78556	1	68	sample_description	reviewer_note	yes	Immune Complications		Gut	Amplicon	Greece	no_means_disease_present	
MMC2-03378	2	2025	BMC gastroenterology	Inulin-induced improvements on bowel habit and gut microbiota in adults with functional constipation: findings of a randomized, double-blind, placebo-controlled study.	10.1186/s12876-025-04409-6	PRJEB98644	1	130	sample_title	reviewer_note	yes	Gastrointestinal		Gut	Amplicon	Ireland	no_means_disease_present	
MMC2-03380	2	2024	BMC microbiology	Changes in the nasopharyngeal and oropharyngeal microbiota in pediatric obstructive sleep apnea before and after surgery: a prospective study.	10.1186/s12866-024-03230-7	PRJNA100021; PRJNA996776	1	4	sample_alias	reviewer_note	yes	Healthy	yes	Multiple	Amplicon	China	reviewer_agrees	
MMC2-03419	2	2025	Pediatric pulmonology	Effects of Therapeutic Antibiotic Exposure on the Oropharyngeal and Fecal Microbiota in Infants With Cystic Fibrosis.	10.1002/ppul.71024	PRJNA1015704	1	148	sample_description	reviewer_note	yes	Respiratory		Multiple	Shotgun	United States	no_means_disease_present	
MMC2-03436	2	2024	BMC pregnancy and childbirth	Alterations in maternal-fetal gut and amniotic fluid microbiota associated with fetal growth restriction.	10.1186/s12884-024-06930-0	PRJNA1024934	1	101	sample_description	reviewer_note	yes	Reproductive		Multiple	Amplicon	China	no_means_disease_present	
MMC2-03466	2	2024	PeerJ	Gut microbiota alterations in postmenopausal women with osteoporosis and osteopenia from Shanghai, China.	10.7717/peerj.17416	PRJNA1043868	1	94	sample_alias	reviewer_note	yes	Endocrine		Gut	Amplicon	China	no_means_disease_present	
MMC2-03470	2	2024	American journal of respiratory and critical care medicine	Profiling Bacteria in the Lungs of Patients with Severe Influenza Versus COVID-19 with or without Aspergillosis.	10.1164/rccm.202401-0145OC	PRJNA1045644	1	167	host_disease	disease_key		Respiratory		Pulmonary	Amplicon	Belgium	reviewer_agrees	
MMC2-03481	2	2023	Frontiers in cellular and infection microbiology	Mucosal microbiome of surgically treated terminal ileal Crohn's disease.	10.3389/fcimb.2023.1324668	PRJNA1048714; PRJNA33175	1	76				Gastrointestinal		Gut	Amplicon	Germany	reviewer_agrees	
MMC2-03484	2	2024	BMC microbiology	Potential role of salivary lactic acid bacteria in pathogenesis of oral lichen planus.	10.1186/s12866-024-03350-0	PRJNA1049117	1	43	sample_alias	reviewer_note	yes	Oral		Oral	Amplicon	China	no_means_disease_present	
MMC2-03487	2	2024	The Journal of antimicrobial chemotherapy	Associations between acquired antimicrobial resistance genes in the upper respiratory tract and livestock farm exposures: a case-control study in COPD and non-COPD individuals.	10.1093/jac/dkae335	PRJNA1049329	1	72				Respiratory		Oral	Shotgun	Netherlands	reviewer_agrees	
MMC2-03496	2	2024	PloS one	Gut microbiota composition in patients with Crohn's disease in Saudi Arabia.	10.1371/journal.pone.0299749	PRJNA1053658	1	80	host_disease	disease_key		Gastrointestinal		Gut	Amplicon	Saudi Arabia	reviewer_agrees	
MMC2-03505	2	2024	PloS one	Associations of upper respiratory mucosa microbiota with Rheumatoid arthritis, autoantibodies, and disease activity.	10.1371/journal.pone.0308010	PRJNA1058141	1	63	sample_description	reviewer_note	yes	Autoimmune		Pulmonary	Amplicon	South Korea	no_means_disease_present	
MMC2-03508	2	2025	Microbiology spectrum	Gut dysbiosis narrative in psoriasis: matched-pair approach identifies only subtle shifts correlated with elevated fecal calprotectin.	10.1128/spectrum.01382-24	PRJNA1061168; PRJNA1102742	2	123				Skin		Gut	Shotgun	Russia	reviewer_agrees	
MMC2-03519	2	2024	BMC microbiology	Insights into the gut microbiome of vitiligo patients from India.	10.1186/s12866-024-03529-5	PRJNA1064480	1	32	sample_description	reviewer_note	yes	Skin		Gut	Amplicon	India	reviewer_agrees	
MMC2-03531	2	2024	Translational psychiatry	Disruption of the gut microbiota-inflammation-brain axis in unmedicated bipolar disorder II depression.	10.1038/s41398-024-03207-0	PRJNA1068750	1	88	sample_title	reviewer_note	yes	Cancer		Gut	Amplicon	China	no_means_disease_present	
MMC2-03548	2	2025	mSystems	Longitudinal dynamics of the nasopharyngeal microbiome in response to SARS-CoV-2 Omicron variant and HIV infection in Kenyan women and their children.	10.1128/msystems.01568-24	PRJNA1078389	1	286	host_disease	disease_key		Respiratory		Nasal	Both	Kenya	reviewer_agrees	
MMC2-03549	2	2024	Frontiers in immunology	IL-17A inhibitors alleviate Psoriasis with concomitant restoration of intestinal/skin microbiota homeostasis and altered microbiota function.	10.3389/fimmu.2024.1344963	PRJNA1078442	1	50	isolate	reviewer_note		Infectious		Skin	Amplicon	China	no_means_disease_present	
MMC2-03556	2	2024	BMC microbiology	Periodontal conditions and salivary microbiota are potential indicators to distinguish silicosis: an exploratory study.	10.1186/s12866-024-03594-w	PRJNA1080886	1	53	sample_title	reviewer_note	yes	Oral		Oral	Amplicon	China	reviewer_agrees	
MMC2-03566	2	2025	PloS one	Hospitalised children with COVID-19 display an aberrant intestinal microbiota and a shift in faecal compounds related with the metabolism of vitamins and lipids.	10.1371/journal.pone.0323910	PRJNA1083899	1	36	sample_title	reviewer_note	yes	Respiratory		Gut	Amplicon	Spain	reviewer_agrees	
MMC2-03576	2	2024	Clinical cancer research : an official journal of the American Association for           Cancer Research	Oral and Gut Microbiome Alterations in Oral Chronic GVHD Disease: Results from Close Assessment and Testing for Chronic GVHD (CATCH Study).	10.1158/1078-0432.CCR-24-0875	PRJNA1088546	1	332	sample_id	reviewer_note	yes	Infectious		Multiple	Shotgun	United States	no_identifies_disease_field	
MMC2-03619	2	2024	Gut microbes	Serum bile acids profiles are altered without change of the gut microbiota composition following a seven-day prednisolone therapy in severe alcoholic hepatitis.	10.1080/19490976.2024.2382767	PRJNA1104421	1	54	experiment_title	reviewer_note	yes	Liver		Gut	Shotgun	France	reviewer_agrees	
MMC2-03624	2	2025	Gut microbes	APOE4 genotype shapes the role of dietary fibers in cognitive health through gut microbiota changes.	10.1080/19490976.2025.2526133	PRJNA1109848	1	146	sample_cog_status	disease_key	yes	Neurodegenerative		Gut	Amplicon	United Kingdom	reviewer_agrees	
MMC2-03626	2	2024	Gut microbes	Gut microbiota genome features associated with brain injury in extremely premature infants.	10.1080/19490976.2024.2410479	PRJNA1112760	1	64	is_healthy	disease_key		Respiratory		Gut	Shotgun	Austria	reviewer_agrees	
MMC2-03631	2	2025	BMC medicine	Fecal microbiota transplantation improves bile acid malabsorption in patients with inflammatory bowel disease: results of microbiota and metabolites from two cohort studies.	10.1186/s12916-025-04353-y	PRJNA1114418	1	170	sample_alias	reviewer_note	yes	Gastrointestinal		Gut	Amplicon	China	reviewer_agrees	
MMC2-03646	2	2025	BMC microbiology	Full-length 16S rRNA Sequencing Reveals Gut Microbiome Signatures Predictive of MASLD in children with obesity.	10.1186/s12866-025-03849-0	PRJNA1126338	1	104	sample_alias	reviewer_note	yes	Metabolic		Gut	Amplicon	Taiwan	no_means_disease_present	
MMC2-03648	2	2025	Scientific reports	Oral microbiome dysbiosis in women with a history of pregnancy loss: a metagenomic cross-sectional study.	10.1038/s41598-025-09071-2	PRJNA1127788	1	192	sample_alias	reviewer_note	yes	Reproductive		Multiple	Amplicon	China	reviewer_agrees	
MMC2-03663	2	2025	Science advances	Fecal metabolite profiling identifies critically ill patients with increased 30-day mortality.	10.1126/sciadv.adt1466	PRJNA1134172	1	196	sample_title	reviewer_note	yes	Respiratory		Gut	Shotgun	United States	reviewer_agrees	
MMC2-03670	2	2024	Frontiers in cellular and infection microbiology	Gut microbiota interacting with vitamin D but not anandamide might contribute to the pathogenesis of preeclampsia: a preliminary study.	10.3389/fcimb.2024.1469054	PRJNA1137103	1	73	host_disease	disease_key		Reproductive		Gut	Amplicon	China	reviewer_agrees	
MMC2-03681	2	2025	BMC microbiology	Microbiota analysis of perimenopausal women experiencing recurrent vaginitis in conjunction with urinary tract infection.	10.1186/s12866-024-03709-3	PRJNA1143599; PRJNA511717	2	241				Infectious		Vaginal	Amplicon	China	reviewer_agrees	
MMC2-03682	2	2025	Scientific reports	Development of a three-species gut microbiome diagnostic model for acute pancreatitis and its association with systemic inflammation: a prospective cross-sectional study.	10.1038/s41598-025-11042-6	PRJNA1144689	1	64	experiment_title	reviewer_note	yes	Healthy	yes	Gut	Amplicon	China	no_means_disease_present	
MMC2-03693	2	2025	Scientific reports	Characterization of gut dysbiosis and intestinal barrier dysfunction in patients with metabolic dysfunction-associated steatotic liver disease and chronic kidney disease: a comparative study.	10.1038/s41598-025-00237-6	PRJNA1152299	1	201	sample_alias	reviewer_note	yes	Liver		Gut	Amplicon	Thailand	no_means_disease_present	
MMC2-03699	2	2025	Microbiome	Spatial host-microbiome profiling demonstrates bacterial-associated host transcriptional alterations in pediatric ileal Crohn's disease.	10.1186/s40168-025-02178-8	PRJNA1159478	1	22	sample_title	reviewer_note	yes	Gastrointestinal		Gut	Shotgun	South Korea	no_identifies_disease_field	
MMC2-03707	2	2025	Scientific reports	Assessment of upper respiratory and gut bacterial microbiomes during COVID-19 infection in adults: potential aerodigestive transmission.	10.1038/s41598-025-85806-5	PRJNA1162807	1	304	host_disease	disease_key		Respiratory		Multiple	Amplicon	Jordan	reviewer_agrees	
MMC2-03709	2	2025	BMC microbiology	Uncovering potential biomarkers and metabolic pathways in systemic lupus erythematosus and lupus nephritis through integrated microbiome and metabolome analysis.	10.1186/s12866-025-03995-5	PRJNA1163353	1	51	sample_alias	reviewer_note	yes	Infectious		Gut	Amplicon	China	no_means_disease_present	
MMC2-03717	2	2025	Annals of medicine	Decreased intestinal abundance of Akkermansia muciniphila is associated with metabolic disorders among people living with HIV.	10.1080/07853890.2025.2474730	PRJNA1167913; PRJNA450025; PRJNA673102	3	2173	sample_description; HIV_Non_NAFLD	reviewer_note	yes	Metabolic		Gut	Both	Germany	no_identifies_disease_field	
MMC2-03720	2	2025	PloS one	Comparative analysis of skin microbiome of patients with filarial lymphedema and healthy individuals.	10.1371/journal.pone.0325380	PRJNA1170177	1	19	sample_title; JL_filarial_lymphedema_Patient4; sample_title.	reviewer_note	yes	Infectious		Skin	Amplicon	India	no_identifies_disease_field	
MMC2-03728	2	2025	Oral diseases	Exploring the Influence of Oral and Gut Microbiota on Ulcerative Mucositis: A Pilot Cohort Study.	10.1111/odi.15246	PRJNA1175548	1	145				Metabolic		Multiple	Amplicon	Germany	no_means_disease_present	
MMC2-03737	2	2025	BMC microbiology	Differential effects of switching to integrase strand transfer inhibitors on the gut microbiota and markers of HIV disease progression.	10.1186/s12866-025-04313-9	PRJNA1180074	1	158	sample_title	reviewer_note	yes	Metabolic		Gut	Amplicon	Mexico	no_identifies_disease_field	
MMC2-03762	2	2025	Scientific reports	Impact of psychostimulants on microbiota and short-chain fatty acids alterations in children with attention-deficit/hyperactivity disorder.	10.1038/s41598-025-87546-y	PRJNA1192585	1	30				Healthy	yes	Gut	Amplicon	Thailand	reviewer_agrees	
MMC2-03766	2	2025	Frontiers in cellular and infection microbiology	Distinct gut microbiome features characterize Fasciola hepatica infection and predict triclabendazole treatment outcomes in Peruvian patients.	10.3389/fcimb.2025.1555171	PRJNA1194543	1	114	Infection status	disease_key		Liver		Gut	Shotgun	Peru	reviewer_agrees	
MMC2-03782	2	2025	PloS one	Oral microbiome dysbiosis in acute ischemic stroke and transient ischemic attack patients.	10.1371/journal.pone.0333676	PRJNA1202695	1	61	library_name	reviewer_note	yes	Metabolic		Oral	Amplicon	Thailand	no_identifies_disease_field	
MMC2-03783	2	2025	Liver international : official journal of the International Association for the           Study of the Liver	Gut Microbiota Predicts Treatment Response to Empagliflozin Among MASLD Patients Without Diabetes Mellitus.	10.1111/liv.70023	PRJNA1203401	1	87	sample_title	reviewer_note	yes	Metabolic		Gut	Shotgun	China	no_means_disease_present	
MMC2-03786	2	2025	Virulence	Eggerthella lenta down regulated flavone and flavonol biosynthesis promoted Kawasaki disease.	10.1080/21505594.2025.2512401	GSE285935; PRJNA1207020	1	114	sample_title	reviewer_note	yes	Autoimmune		Gut	Shotgun	China	no_means_disease_present	
MMC2-03790	2	2025	Frontiers in cellular and infection microbiology	Gut microbiota differences linked to weight gain and ART in people living with HIV are enterotype specific and minor compared to the large differences linked to sexual behavior.	10.3389/fcimb.2025.1568352	PRJNA1208265	1	124				Metabolic		Gut	Amplicon	Germany	reviewer_agrees	
MMC2-03793	2	2025	Scientific reports	Gut microbiota analysis in cirrhosis and non-cirrhotic portal hypertension suggests that portal hypertension can be main factor of cirrhosis-specific dysbiosis.	10.1038/s41598-025-92618-0	PRJNA1208993	1	97	Disord	reviewer_note		Liver		Gut	Amplicon	Russia	no_means_disease_present	
MMC2-03807	2	2025	Gut microbes	Late-onset sepsis treatment in very preterm infants alters longitudinal microbiome trajectory with lower abundance of Bifidobacterium despite probiotic supplementation.	10.1080/19490976.2025.2523808	PRJNA1216257	1	180	sample_alias	reviewer_note	yes	Infectious		Gut	Amplicon	Ireland	no_means_disease_present	
MMC2-03819	2	2025	Investigative ophthalmology & visual science	Alterations of the Enteric Virome in Vogt-Koyanagi-Harada Disease.	10.1167/iovs.66.6.15	PRJNA1225217	1	30	library_name; run_alias	reviewer_note	yes	STI		Gut	Shotgun	China	no_means_disease_present	
MMC2-03837	2	2025	Scientific reports	Prediction of irritable bowel syndrome by integrating urine metabolites and gut microbiota.	10.1038/s41598-025-22068-1	PRJNA1242794	1	54	experiment_title	reviewer_note	yes	Gastrointestinal	yes	Gut	Amplicon	South Korea	no_identifies_disease_field	
MMC2-03839	2	2025	Scientific reports	Elevated Lactobacillus salivarius and genus Akkermansia in fecal samples of Taiwanese patients with parkinson's disease and diabetes mellitus.	10.1038/s41598-025-26312-6	PRJNA1244045	1	310				Metabolic		Multiple	Amplicon	United States	reviewer_agrees	
MMC2-03850	2	2025	BMC gastroenterology	Unveiling the diagnostic and pro-inflammatory role of crohn's disease: insights from 16 S-guided discovery and species-specific validation.	10.1186/s12876-025-04061-0	PRJNA1252380	1	64	sample_alias	reviewer_note	yes	Gastrointestinal		Gut	Amplicon	China	no_identifies_disease_field	
MMC2-03860	2	2025	Frontiers in endocrinology	Alterations of oral microbiota and cytokines profile in children and young adults with type 1 diabetes.	10.3389/fendo.2025.1629185	PRJNA1262893	1	154	experiment_title	reviewer_note	yes	Metabolic		Oral	Amplicon	Italy	no_identifies_disease_field	
MMC2-03881	2	2025	BMC pediatrics	Gut microbiota and urine metabolomics signature in autism spectrum disorder children from Southern China.	10.1186/s12887-025-05922-z	PRJNA1277165	1	88	sample_alias	reviewer_note	yes	Infectious		Gut	Amplicon	China	no_identifies_disease_field	
MMC2-03883	2	2025	Frontiers in cellular and infection microbiology	Exploratory analysis of potential association between oral Haemophilus and sleep disturbances in major depressive disorder patients.	10.3389/fcimb.2025.1617553	PRJNA1279610	1	86	host_phenotype	disease_key		Mental Health		Oral	Amplicon	China	reviewer_agrees	
MMC2-03915	2	2015	PloS one	Comparison of Fecal Microbiota in Children with Autism Spectrum Disorders and Neurotypical Siblings in the Simons Simplex Collection.	10.1371/journal.pone.0137725	PRJNA2282203; PRJNA282013	1	103	host_disease	disease_key		Gastrointestinal		Gut	Amplicon	United States	reviewer_agrees	
MMC2-03918	2	2014	Genome biology	Diarrhea in young children from low-income countries leads to large-scale alterations in intestinal microbiota composition.	10.1186/gb-2014-15-6-r76	PRJNA234437	1	1016	host_disease	disease_key		Respiratory		Gut	Amplicon	Kenya	reviewer_agrees	
MMC2-03919	2	2015	BMC genomics	Stool microbiota composition is associated with the prospective risk of Plasmodium falciparum infection.	10.1186/s12864-015-1819-3	PRJNA234437; PRJNA285808	2	1215	host_disease	disease_key		Infectious		Gut	Amplicon	Mali	age_sex_absent_demotes_t1	sam_rule_A
MMC2-03931	2	2015	PloS one	Longitudinal analysis of the premature infant intestinal microbiome prior to necrotizing enterocolitis: a case-control study.	10.1371/journal.pone.0118632	PRJNA264177	1	312	host_phenotype	disease_key		Gastrointestinal		Gut	Amplicon	United States	reviewer_agrees	
MMC2-03934	2	2015	Scientific reports	Reduction of butyrate- and methane-producing microorganisms in patients with Irritable Bowel Syndrome.	10.1038/srep12693	PRJNA268708	1	290	sample_description; sample_alias	reviewer_note	yes	Gastrointestinal		Gut	Amplicon	Spain	no_identifies_disease_field	
MMC2-03937	2	2016	American journal of infection control	Intestinal microbiome disruption in patients in a long-term acute care hospital: A case for development of microbiome disruption indices to improve infection prevention.	10.1016/j.ajic.2016.01.003	PRJNA271791	1	10	sample_alias	reviewer_note	yes	Gastrointestinal		Gut	Amplicon	United States	no_identifies_disease_field	
MMC2-03942	2	2016	PloS one	Allergic Patients with Long-Term Asthma Display Low Levels of Bifidobacterium adolescentis.	10.1371/journal.pone.0147809	PRJNA276631	1	43	sample_alias	reviewer_note	yes	Respiratory		Gut	Amplicon	Spain	no_means_disease_present	
MMC2-03954	2	2022	Nutrients	Gut Microbiota Patterns Predicting Long-Term Weight Loss Success in Individuals with Obesity Undergoing Nonsurgical Therapy.	10.3390/nu14153182	PRJNA290729	1	92	sample_description	reviewer_note	yes	Metabolic		Gut	Shotgun	Germany	no_means_disease_present	
MMC2-03989	2	2021	Gut microbes	The Impact of Migration on the Gut Metagenome of South Asian Canadians.	10.1080/19490976.2021.1902705	PRJNA31257; PRJNA397112; PRJNA398089; PRJNA559898; PRJNA644666	5	3337	host_disease	disease_key		Healthy	yes	Gut	Both	United States	age_sex_absent_demotes_t1	sam_rule_A
MMC2-04001	2	2016	Nature communications	Alterations of the human gut microbiome in multiple sclerosis.	10.1038/ncomms12015	GSE81279; PRJNA321051	1	210	host_phenotype	disease_key		Neurodegenerative		Gut	Amplicon	United States	reviewer_agrees	
MMC2-04034	2	2018	Gut	Bacteriophage transfer during faecal microbiota transplantation in Clostridium difficile infection is associated with treatment outcome.	10.1136/gutjnl-2017-313952	PRJNA353587; PRJNA3535980	1	83				Infectious		Gut	Amplicon	China	no_means_disease_present	
MMC2-04049	2	2017	Cell metabolism	Gut Microbiome-Based Metagenomic Signature for Non-invasive Detection of Advanced Fibrosis in Human Nonalcoholic Fatty Liver Disease.	10.1016/j.cmet.2017.04.001	PRJNA373901	1	86	sample_description	reviewer_note	yes	Liver		Gut	Shotgun	United States	no_identifies_disease_field	
MMC2-04058	2	2020	Scientific reports	Metagenomic analysis of gut microbiota in non-treated plaque psoriasis patients stratified by disease severity: development of a new Psoriasis-Microbiome Index.	10.1038/s41598-020-69537-3	PRJNA379878; PRJNA517056; PRJNA574485	3	215	group	disease_key		Skin		Gut	Both	Argentina	reviewer_agrees	
MMC2-04074	2	2020	Liver international : official journal of the International Association for the Study of the Liver	Disease severity and proton pump inhibitor use impact strongest on faecal microbiome composition in liver cirrhosis.	10.1111/liv.14382	PRJNA390475	1	51	sample_title; sample_description	reviewer_note	yes	Liver		Gut	Amplicon	Austria	reviewer_agrees	
MMC2-04077	2	2018	Scientific reports	Insights into the skin microbiome dynamics of leprosy patients during multi-drug therapy and in healthy individuals from Brazil.	10.1038/s41598-018-27074-0	PRJNA390784	1	2	sample_title; library_name	reviewer_note	yes	Infectious		Skin	Amplicon	Brazil	no_identifies_disease_field	
MMC2-04080	2	2018	Arthritis & rheumatology (Hoboken, N.J.)	Dysbiotic Subgingival Microbial Communities in Periodontally Healthy Patients With Rheumatoid Arthritis.	10.1002/art.40485	PRJNA391575	1	8	experiment_title	reviewer_note	yes	Oral		Oral	Amplicon	United Kingdom	no_means_disease_present	
MMC2-04099	2	2018	Microbiome	Differential human gut microbiome assemblages during soil-transmitted helminth infections in Indonesia and Liberia.	10.1186/s40168-018-0416-5	PRJNA407815	1	24	isolation_source	reviewer_note		Infectious		Gut	Shotgun	Indonesia	reviewer_unsure	FLAG_unsure
MMC2-04101	2	2018	PloS one	Longitudinal microbiome analysis of single donor fecal microbiota transplantation in patients with recurrent Clostridium difficile infection and/or ulcerative colitis.	10.1371/journal.pone.0190997	PRJNA412501	1	71	GROUP	disease_key		Gastrointestinal		Gut	Amplicon	United States	reviewer_agrees	
MMC2-04103	2	2019	GigaScience	An integrated respiratory microbial gene catalogue to better understand the microbial aetiology of Mycoplasma pneumoniae pneumonia.	10.1093/gigascience/giz093	PRJNA413615	1	334	experiment_title	reviewer_note	yes	Respiratory		Oral	Both	China	no_means_disease_present	
MMC2-04106	2	2019	PloS one	Nasal microbial composition and chronic otitis media with effusion: A case-control study.	10.1371/journal.pone.0212473	PRJNA414455	1	202	host_disease	reviewer_note		Respiratory		Nasal	Amplicon	New Zealand	no_means_disease_present	
MMC2-04125	2	2019	The Lancet. Respiratory medicine	Bacterial and viral respiratory tract microbiota and host characteristics in children with lower respiratory tract infections: a matched case-control study.	10.1016/S2213-2600(18)30449-1	PRJNA428382	1	724				Respiratory		Nasal	Amplicon	Netherlands	reviewer_agrees	
MMC2-04127	2	2018	Respiratory research	Microbial dysbiosis and mortality during mechanical ventilation: a prospective observational study.	10.1186/s12931-018-0950-5	PRJNA428805	1	107	sample_title	reviewer_note	yes	Respiratory		Multiple	Amplicon	Canada	reviewer_agrees	
MMC2-04131	2	2018	Nutrients	Gut Microbiota and Endothelial Dysfunction Markers in Obese Mexican Children and Adolescents.	10.3390/nu10122009	PRJNA433269	1	172	sample_description	reviewer_note	yes	Metabolic		Gut	Amplicon	Mexico	no_identifies_disease_field	
MMC2-04139	2	2018	Microbiome	Oral microbiota in youth with perinatally acquired HIV infection.	10.1186/s40168-018-0484-6	PRJNA439281	1	254	hiv_status	disease_key		Infectious		Oral	Amplicon	United States	reviewer_agrees	
MMC2-04156	2	2016	Lancet (London, England)	Gut bacteria dysbiosis and necrotising enterocolitis in very low birthweight infants: a prospective case-control study.	10.1016/S0140-6736(16)00081-7	PRJNA46337	1	3478	study disease	disease_key		Gastrointestinal		Gut	Both	United States	reviewer_agrees	
MMC2-04185	2	2020	Microbiome	Multi-omics analysis reveals the influence of genetic and environmental risk factors on developing gut microbiota in infants at risk of celiac disease.	10.1186/s40168-020-00906-w	PRJNA486782	1	199	sample_title	reviewer_note	yes	Gastrointestinal		Gut	Shotgun	Italy	no_identifies_disease_field	
MMC2-04191	2	2019	Alzheimer's & dementia : the journal of the Alzheimer's Association	Mild cognitive impairment has similar alterations as Alzheimer's disease in gut microbiota.	10.1016/j.jalz.2019.07.002		0	0	sample_alias	reviewer_note	yes	Neurodegenerative		Multiple	Amplicon	China	t4_no_names_disease_field	
MMC2-04192	2	2025	Journal of translational medicine	Identification of enterotype for patients with Alzheimer's disease.	10.1186/s12967-025-06343-3	PRJNA489760; PRJNA554111; PRJNA633959; PRJNA734525; PRJNA792014	5	418	host_disease	disease_key		Infectious		Multiple	Both	China	age_sex_absent_demotes_t1	sam_rule_A
MMC2-04210	2	2019	Gut	Gut mucosal virome alterations in ulcerative colitis.	10.1136/gutjnl-2018-318131	PRJNA504921; PRJNA506811	2	266	sample_alias; BJ_UC	reviewer_note	yes	Gastrointestinal	yes	Gut	Shotgun	China	no_identifies_disease_field	
MMC2-04224	2	2019	Genome biology	Gut-derived Enterococcus faecium from ulcerative colitis patients promotes colitis in a genetically susceptible mouse host.	10.1186/s13059-019-1879-9	PRJNA511372; PRJNA511382	2	74	library_name	reviewer_note	yes	Gastrointestinal	yes	Gut	Amplicon	Japan	no_identifies_disease_field	
MMC2-04244	2	2022	International journal of environmental research and public health	Dietary Intake Is Unlikely to Explain Symptom Severity and Syndrome-Specific Microbiome Alterations in a Cohort of Women with Fibromyalgia.	10.3390/ijerph19063254	PRJNA521398	1	156	disease	disease_key		Healthy	yes	Gut	Amplicon	Israel	reviewer_agrees	
MMC2-04271	2	2020	BioMed research international	The Impact of Air Pollution on Intestinal Microbiome of Asthmatic Children: A Panel Study.	10.1155/2020/5753427	PRJNA532496	1	42	sample_alias	reviewer_note	yes	Respiratory		Gut	Amplicon	China	no_means_disease_present	
MMC2-04283	2	2020	Scientific reports	Prediction of advanced fibrosis in non-alcoholic fatty liver disease using gut microbiota-based approaches compared with simple non-invasive tools.	10.1038/s41598-020-66241-0	PRJNA540738	1	223	sample_alias	reviewer_note	yes	Liver		Gut	Amplicon	Germany	no_identifies_disease_field	
MMC2-04317	2	2019	PloS one	Analysis of gut microbiota of obese individuals with type 2 diabetes and healthy individuals.	10.1371/journal.pone.0226372	PRJNA55453; PRJNA554535	1	60	sample_title	reviewer_note	yes	Metabolic		Gut	Amplicon	Pakistan	no_identifies_disease_field	
MMC2-04323	2	2020	PloS one	Pharyngeal microbiome alterations during Neisseria gonorrhoeae infection.	10.1371/journal.pone.0227985	PRJNA556341	1	70	host_disease	disease_key		Infectious		Nasal	Amplicon	Italy	reviewer_agrees	
MMC2-04324	2	2019	Scientific reports	IgA-deficient humans exhibit gut microbiota dysbiosis despite secretion of compensatory IgM.	10.1038/s41598-019-49923-2	PRJNA558378; PRJNA558911	2	43	gastrointest_disord	reviewer_note		Healthy	yes	Gut	Amplicon	United States	no_identifies_disease_field	
MMC2-04329	2	2020	BMC genomics	Gut microbiota in children with juvenile idiopathic arthritis: characteristics, biomarker identification, and usefulness in clinical prediction.	10.1186/s12864-020-6703-0	PRJNA562467	1	81	experiment_title	reviewer_note	yes	Healthy	yes	Gut	Amplicon	China	no_identifies_disease_field	
MMC2-04330	2	2020	Proteomics. Clinical applications	Dysbiosis of the Oral Ecosystem in Severe Congenital Neutropenia Patients.	10.1002/prca.201900058	PRJNA564282	1	59	experiment_title	reviewer_note	yes	Infectious		Oral	Amplicon	Turkey	no_identifies_disease_field	
MMC2-04333	2	2019	BMC microbiology	Primary progressive multiple sclerosis in a Russian cohort: relationship with gut bacterial diversity.	10.1186/s12866-019-1685-2	PRJNA565173	1	30	sample_title	reviewer_note	yes	Neurodegenerative		Gut	Amplicon	Russia	no_identifies_disease_field	
MMC2-04344	2	2020	Journal of dental research	Maturation of the Oral Microbiome in Caries-Free Toddlers: A Longitudinal Study.	10.1177/0022034519889015	PRJNA575641	1	1067	experiment_title	reviewer_note	yes	Oral		Oral	Amplicon	United States	reviewer_unsure	FLAG_unsure
MMC2-04364	2	2024	American journal of respiratory and critical care medicine	"Airway ""Resistotypes"" and Clinical Outcomes in Bronchiectasis."	10.1164/rccm.202306-1059OC	PRJNA590225; PRJNA595703; PRJNA982297	3	1059				Respiratory		Pulmonary	Both	Singapore	reviewer_agrees	
MMC2-04380	2	2020	American journal of respiratory and critical care medicine	Metagenomics Reveals a Core Macrolide Resistome Related to Microbiota in Chronic Respiratory Disease.	10.1164/rccm.201911-2202OC	PRJNA595703	1	199	sample_description	reviewer_note	yes	Respiratory		Pulmonary	Shotgun	Singapore	no_identifies_disease_field	
MMC2-04383	2	2020	PloS one	Microbiome signatures in neonatal central line associated bloodstream infections.	10.1371/journal.pone.0227967	PRJNA596209	1	54	infection_status	disease_key		Infectious		Multiple	Amplicon	United States	reviewer_agrees	
MMC2-04385	2	2020	Respiratory research	Nasal microbiota dominated by Moraxella spp. is associated with respiratory health in the elderly population: a case control study.	10.1186/s12931-020-01443-8	PRJNA596902	1	608	Group	disease_key		Respiratory		Multiple	Amplicon	Netherlands	reviewer_agrees	
MMC2-04397	2	2024	BMJ paediatrics open	Changes in the intestinal microbiome of the preterm baby associated with stopping non-invasive pressure support: a prospective cohort study.	10.1136/bmjpo-2024-002675	PRJNA605031	1	1266	sample_title	reviewer_note	yes	Gastrointestinal		Gut	Amplicon	United Kingdom	no_identifies_disease_field	
MMC2-04400	2	2020	Frontiers in cellular and infection microbiology	Salivary Oral Microbiome of Children With Juvenile Idiopathic Arthritis: A Norwegian Cross-Sectional Study.	10.3389/fcimb.2020.602239	PRJNA605805	1	93	sample_alias	reviewer_note	yes	Autoimmune		Oral	Amplicon	Norway	no_means_disease_present	
MMC2-04406	2	2020	Frontiers in cellular and infection microbiology	Gut Microbiome Profiles Are Associated With Type 2 Diabetes in Urban Africans.	10.3389/fcimb.2020.00063	PRJNA607849	1	291	experiment_title	reviewer_note	yes	Metabolic		Gut	Amplicon	Nigeria	no_identifies_disease_field	
MMC2-04408	2	2020	Emerging microbes & infections	Cytotoxin-producing Klebsiella oxytoca in the preterm gut and its association with necrotizing enterocolitis.	10.1080/22221751.2020.1773743	PRJNA608440	1	10	sample_alias	reviewer_note	yes	Gastrointestinal		Gut	Shotgun	United States	no_identifies_disease_field	
MMC2-04418	2	2020	NPJ biofilms and microbiomes	Microbial predictors of healing and short-term effect of debridement on the microbiome of chronic wounds.	10.1038/s41522-020-0130-5	PRJNA612439	1	60	sample_title	reviewer_note	yes	Infectious		Skin	Amplicon	United States	reviewer_agrees	
MMC2-04433	2	2021	The Lancet. Respiratory medicine	Lung microbiota predict chronic rejection in healthy lung transplant recipients: a prospective cohort study.	10.1016/S2213-2600(20)30405-7	PRJNA615630	1	158	pre_LTx_diagnosis	disease_key		Respiratory		Pulmonary	Amplicon	United States	reviewer_agrees	
MMC2-04454	2	2022	Frontiers in cellular and infection microbiology	Prospective Study Reveals Host Microbial Determinants of Clinical Response to Fecal Microbiota Transplant Therapy in Type 2 Diabetes Patients.	10.3389/fcimb.2022.820367	PRJNA626062	1	54	sample_alias	reviewer_note	yes	Metabolic		Gut	Shotgun	China	reviewer_agrees	
MMC2-04457	2	2021	Frontiers in immunology	Distinct Microbiomes of Gut and Saliva in Patients With Systemic Lupus Erythematous and Clinical Associations.	10.3389/fimmu.2021.626217	PRJNA629055	1	278	sample_alias	reviewer_note	yes	Autoimmune		Other	Amplicon	China	no_means_disease_present	
MMC2-04458	2	2021	PloS one	The gut microbiome and type 2 diabetes status in the Multiethnic Cohort.	10.1371/journal.pone.0250855	PRJNA629344; PRJNA723466	2	1745				Metabolic		Gut	Amplicon	United States	reviewer_agrees	
MMC2-04459	2	2020	PloS one	A comparative study of the gut microbiome in Egyptian patients with Type I and Type II diabetes.	10.1371/journal.pone.0238764	PRJNA629382	1	53				Metabolic		Gut	Amplicon	Egypt	reviewer_agrees	
MMC2-04466	2	2020	Genes	Long-Term Impact of Suppressive Antibiotic Therapy on Intestinal Microbiota.	10.3390/genes12010041	PRJNA633161	1	17	sample_alias	reviewer_note	yes	Healthy	yes	Gut	Amplicon	Spain	no_means_disease_present	
MMC2-04472	2	2020	Frontiers in cellular and infection microbiology	Gut Microbiota Composition Changes in Constipated Women of Reproductive Age.	10.3389/fcimb.2020.557515	PRJNA636012	1	59	host	reviewer_note		Gastrointestinal		Gut	Amplicon	China	no_means_disease_present	
MMC2-04478	2	2020	BioMed research international	Altered Gut Microbiota and Shift in Bacteroidetes between Young Obese and Normal-Weight Korean Children: A Cross-Sectional Observational Study.	10.1155/2020/6587136	PRJNA637782	1	46				Metabolic		Gut	Amplicon	South Korea	reviewer_agrees	
MMC2-04482	2	2021	Nature microbiology	Precise quantification of bacterial strains after fecal microbiota transplantation delineates long-term engraftment and explains outcomes.	10.1038/s41564-021-00966-0	PRJNA637878	1	112				Infectious		Gut	Shotgun	United States	reviewer_agrees	
MMC2-04489	2	2021	PloS one	Apple cider vinegar soaks do not alter the skin bacterial microbiome in atopic dermatitis.	10.1371/journal.pone.0252272	PRJNA639330	1	86	host_disease	disease_key		Infectious		Skin	Amplicon	United States	reviewer_agrees	
MMC2-04501	2	2021	Gastroenterology	Mucosal Biofilms Are an Endoscopic Feature of Irritable Bowel Syndrome and Ulcerative Colitis.	10.1053/j.gastro.2021.06.024	PRJNA644520	1	285	Biofilm_status	disease_key		Gastrointestinal		Gut	Amplicon	Austria	reviewer_agrees	
MMC2-04510	2	2021	Scientific reports	Alterations in the gut bacterial microbiome in people with type 2 diabetes mellitus and diabetic retinopathy.	10.1038/s41598-021-82538-0	PRJNA646010	1	69	sample_alias; experiment_title	reviewer_note	yes	Metabolic		Gut	Amplicon	India	no_identifies_disease_field	
MMC2-04515	2	2021	PloS one	Potential role of the skin and gut microbiota in premenarchal vulvar lichen sclerosus: A pilot case-control study.	10.1371/journal.pone.0245243	PRJNA647685	1	55	Group_Cat	disease_key		Reproductive		Gut	Amplicon	United States	reviewer_agrees	
MMC2-04547	2	2021	mBio	Streptococcus pyogenes Is Associated with Idiopathic Cutaneous Ulcers in Children on a Yaws-Endemic Island.	10.1128/mBio.03162-20	PRJNA663629; PRJNA663631	2	1072	not applicable	reviewer_note		Healthy	yes	Skin	Amplicon	Papua New Guinea	age_sex_absent_demotes_t1	sam_rule_A
MMC2-04549	2	2021	NPJ biofilms and microbiomes	Characterization of oral virome and microbiome revealed distinctive microbiome disruptions in paediatric patients with hand, foot and mouth disease.	10.1038/s41522-021-00190-y	PRJNA663926	1	57	host_disease	disease_key		Infectious		Oral	Both	Singapore	reviewer_agrees	
MMC2-04566	2	2024	Human reproduction (Oxford, England)	Gut bacteriome and mood disorders in women with PCOS.	10.1093/humrep/deae073	PRJNA669650	1	311	health_state	disease_key		Metabolic		Gut	Amplicon	Finland	reviewer_agrees	
MMC2-04576	2	2021	Cell host & microbe	Immunoglobulin A Targets a Unique Subset of the Microbiota in Inflammatory Bowel Disease.	10.1016/j.chom.2020.12.003	PRJNA674841	1	204	host_disease	disease_key		Gastrointestinal		Gut	Amplicon	United States	reviewer_agrees	
MMC2-04586	2	2021	Gut microbes	The gut microbiome of COVID-19 recovered patients returns to uninfected status in a minority-dominated United States cohort.	10.1080/19490976.2021.1926840	PRJNA678695	1	93	status	disease_key		Respiratory		Gut	Amplicon	United States	reviewer_agrees	
MMC2-04591	2	2021	Scientific reports	Dysbiosis of gut microbiota in Polish patients with ulcerative colitis: a pilot study.	10.1038/s41598-021-81628-3	PRJNA679275	1	20	sample_title	reviewer_note	yes	Gastrointestinal		Gut	Amplicon	Poland	no_identifies_disease_field	
MMC2-04597	2	2021	Bioengineered	A 16S rRNA gene sequencing based study of oral microbiota in migraine patients in China.	10.1080/21655979.2021.1933840	PRJNA680860	1	55				Neurological		Oral	Amplicon	China	reviewer_agrees	
MMC2-04600	2	2021	PloS one	Hepatic steatosis relates to gastrointestinal microbiota changes in obese girls with polycystic ovary syndrome.	10.1371/journal.pone.0245219	PRJNA681631	1	44	hepaticsteatosis	reviewer_note		Metabolic		Gut	Amplicon	United States	no_identifies_disease_field	
MMC2-04633	2	2022	Gastroenterology	Prolonged Impairment of Short-Chain Fatty Acid and L-Isoleucine Biosynthesis in Gut Microbiome in Patients With COVID-19.	10.1053/j.gastro.2021.10.013	PRJNA689961	1	208	sample_title	reviewer_note	yes	Respiratory		Gut	Shotgun	China	no_identifies_disease_field	
MMC2-04640	2	2021	World journal of gastroenterology	Effects of sepsis and its treatment measures on intestinal flora structure in critical care patients.	10.3748/wjg.v27.i19.2376	PRJNA691455	1	49	isolation_source	reviewer_note		Infectious		Gut	Amplicon	China	no_means_disease_present	
MMC2-04651	2	2021	BMC infectious diseases	Association between CD4(+) T cell counts and gut microbiota and serum cytokines levels in HIV-infected immunological non-responders.	10.1186/s12879-021-06491-z	PRJNA695425	1	34	host_disease	reviewer_note		Cancer		Gut	Amplicon	China	no_means_disease_present	
MMC2-04656	2	2022	PLoS pathogens	Total infectome characterization of respiratory infections in pre-COVID-19 Wuhan, China.	10.1371/journal.ppat.1010259	PRJNA699976	1	440	disease	disease_key		Respiratory		Pulmonary	Shotgun	China	reviewer_agrees	
MMC2-04664	2	2021	Nutrients	Non-Celiac Gluten/Wheat Sensitivity: Clinical Characteristics and Microbiota and Mycobiota Composition by Response to the Gluten Challenge Test.	10.3390/nu13041260	PRJNA701870	1	100	sample_title	reviewer_note	yes	Gastrointestinal		Gut	Amplicon	Italy	no_identifies_disease_field	
MMC2-04679	2	2022	Microbes and infection	Nasopharyngeal microbiome reveals the prevalence of opportunistic pathogens in SARS-CoV-2 infected individuals and their association with host types.	10.1016/j.micinf.2021.104880	PRJNA707350	1	169	sample_title	reviewer_note	yes	Respiratory		Nasal	Amplicon	India	no_identifies_disease_field	
MMC2-04682	2	2022	Microbiome	Functional changes in the oral microbiome after use of fluoride and arginine containing dentifrices: a metagenomic and metatranscriptomic study.	10.1186/s40168-022-01338-4	PRJNA712952	1	6	sample_title	reviewer_note	yes	Oral		Oral	Both	United Kingdom	no_identifies_disease_field	
MMC2-04692	2	2022	Nutrients	The Roles of Probiotics in the Gut Microbiota Composition and Metabolic Outcomes in Asymptomatic Post-Gestational Diabetes Women: A Randomized Controlled Trial.	10.3390/nu14183878	PRJNA717644	1	24	glucose_tolerance_status	disease_key		Metabolic		Gut	Amplicon	Malaysia	reviewer_agrees	
MMC2-04699	2	2021	Scientific reports	SARS-CoV-2 infection reduces human nasopharyngeal commensal microbiome with inclusion of pathobionts.	10.1038/s41598-021-03245-4	PRJNA720904	1	22	sample_title	reviewer_note	yes	Respiratory		Nasal	Shotgun	Bangladesh	no_means_disease_present	
MMC2-04705	2	2021	BMC oral health	The impact of caries status on supragingival plaque and salivary microbiome in children with mixed dentition: a cross-sectional survey.	10.1186/s12903-021-01683-0	PRJNA725075	1	90	sample_title	reviewer_note	yes	Oral		Oral	Amplicon	China	no_identifies_disease_field	
MMC2-04709	2	2021	Scientific reports	Dysbiosis and structural disruption of the respiratory microbiota in COVID-19 patients with severe and fatal outcomes.	10.1038/s41598-021-00851-0	PRJNA726205	1	127	sample_alias	reviewer_note	yes	Respiratory		Nasal	Amplicon	Mexico	no_identifies_disease_field	
MMC2-04720	2	2023	The Lancet. Microbe	Effect of seven anti-tuberculosis treatment regimens on sputum microbiome: a retrospective analysis of the HIGHRIF study 2 and PanACEA MAMS-TB clinical trials.	10.1016/S2666-5247(23)00191-X	PRJNA729425	1	398				Respiratory		Pulmonary	Amplicon	Tanzania	reviewer_agrees	
MMC2-04734	2	2022	Journal of pediatric gastroenterology and nutrition	Fecal Microbiota Transplantation Commonly Failed in Children With Co-Morbidities.	10.1097/MPG.0000000000003336	PRJNA735699	1	85	sample_title	reviewer_note	yes	Gastrointestinal		Gut	Amplicon	United States	no_identifies_disease_field	
MMC2-04739	2	2021	Frontiers in cellular and infection microbiology	Gut Microbiota, Glucose, Lipid, and Water-Electrolyte Metabolism in Children With Nonalcoholic Fatty Liver Disease.	10.3389/fcimb.2021.683743	PRJNA737039	1	75				Liver		Gut	Amplicon	China	reviewer_agrees	
MMC2-04758	2	2022	EBioMedicine	Liver alterations are not improved by inulin supplementation in alcohol use disorder patients during alcohol withdrawal: A pilot randomized, double-blind, placebo-controlled study.	10.1016/j.ebiom.2022.104033	PRJNA745947	1	98	host_disease	disease_key		Healthy	yes	Gut	Amplicon	Belgium	reviewer_agrees	
MMC2-04768	2	2024	Frontiers in immunology	Oropharyngeal microbial ecosystem perturbations influence the risk for acute respiratory infections in common variable immunodeficiency.	10.3389/fimmu.2024.1371118	PRJNA747877	1	97	sample_alias	reviewer_note	yes	Respiratory	yes	Oral	Amplicon	Italy	no_means_disease_present	
MMC2-04773	2	2022	Microbiology spectrum	Temporal Dynamics of the Nasopharyngeal Microbiome and its Relationship with Childhood Asthma Exacerbation.	10.1128/spectrum.00129-22	PRJNA748666	1	144	Asthma status	disease_key		Respiratory		Nasal	Amplicon	China	reviewer_agrees	
MMC2-04824	2	2021	Gut microbes	The Mucosally-Adherent Rectal Microbiota Contains Features Unique to Alcohol-Related Cirrhosis.	10.1080/19490976.2021.1987781	PRJNA766067	1	84				Healthy	yes	Gut	Shotgun	United States	reviewer_agrees	
MMC2-04834	2	2022	PloS one	Efficacy and safety of a food supplement with standardized menthol, limonene, and gingerol content in patients with irritable bowel syndrome: A double-blind, randomized, placebo-controlled trial.	10.1371/journal.pone.0263880	PRJNA767207	1	180	therapeutic_group	disease_key		Gastrointestinal		Gut	Amplicon	Russia	reviewer_agrees	
MMC2-04854	2	2022	Scientific reports	Nasopharyngeal microbiota profiling of pregnant women with SARS-CoV-2 infection.	10.1038/s41598-022-17542-z	PRJNA777915	1	76	SarsCov2	reviewer_note		Respiratory		Nasal	Amplicon	Spain	no_means_disease_present	
MMC2-04858	2	2021	Clinical and translational gastroenterology	Lack of Effect of Gluten Challenge on Fecal Microbiome in Patients With Celiac Disease and Non-Celiac Gluten Sensitivity.	10.14309/ctg.0000000000000441	PRJNA778253	1	136	host_disease	disease_key		Gastrointestinal		Gut	Amplicon	United States	reviewer_agrees	
MMC2-04865	2	2022	Scientific reports	Gut microbiome in PCOS associates to serum metabolomics: a cross-sectional study.	10.1038/s41598-022-25041-4	PRJNA779930	1	40	sample_title	reviewer_note	yes	Metabolic		Gut	Amplicon	China	no_identifies_disease_field	
MMC2-04867	2	2022	Scientific reports	Nasal microbiota evolution within the congregate setting imposed by military training.	10.1038/s41598-022-15059-z	PRJNA780476	1	275				Infectious		Nasal	Amplicon	United States	reviewer_agrees	
MMC2-04876	2	2023	Frontiers in endocrinology	Distribution characteristics of oral microbiota and its relationship with intestinal microbiota in patients with type 2 diabetes mellitus.	10.3389/fendo.2023.1119201	PRJNA782768; PRJNA910326	2	467				Metabolic		Multiple	Amplicon	China	reviewer_agrees	
MMC2-04917	2	2022	Respiratory research	Saliva as a non-invasive specimen for COPD assessment.	10.1186/s12931-022-01935-9	PRJNA800368	1	128	host_phenotype	disease_key		Respiratory		Oral	Amplicon	Portugal	reviewer_agrees	
MMC2-04927	2	2025	Scientific reports	Comparative metagenomic analysis of the oral microbiome in COVID-19 patients and healthy individuals.	10.1038/s41598-024-81864-3	PRJNA801862	1	48	sample_alias	reviewer_note	yes	Respiratory	yes	Oral	Shotgun	India	no_identifies_disease_field	
MMC2-04974	2	2022	Gates open research	Nasopharyngeal Dysbiosis Precedes the Development of Lower Respiratory Tract Infections in Young Infants, a Longitudinal Infant Cohort Study.	10.12688/gatesopenres.13561.2	PRJNA817266	1	172				Respiratory		Nasal	Amplicon	Zambia	no_means_disease_present	
MMC2-04992	2	2022	Frontiers in cellular and infection microbiology	High Dose Intramuscular Vitamin D3 Supplementation Impacts the Gut Microbiota of Patients With Clostridioides Difficile Infection.	10.3389/fcimb.2022.904987	PRJNA824324	1	2	host_disease	disease_key		Infectious		Gut	Amplicon	South Korea	reviewer_agrees	
MMC2-04999	2	2024	PloS one	The salivary microbiota of patients with acute lower respiratory tract infection-A multicenter cohort study.	10.1371/journal.pone.0290062	PRJNA830485	1	654	host_disease	disease_key		Respiratory		Multiple	Amplicon	United States	reviewer_agrees	
MMC2-05014	2	2022	Journal of translational medicine	Salivary microbiome in chronic kidney disease: what is its connection to diabetes, hypertension, and immunity?	10.1186/s12967-022-03602-5	PRJNA835723	1	198	sample_alias	reviewer_note	yes	Renal		Oral	Amplicon	China	no_means_disease_present	
MMC2-05055	2	2022	Viruses	Gut Microbiome Changes Occurring with Norovirus Infection and Recovery in Infants Enrolled in a Longitudinal Birth Cohort in Leon, Nicaragua.	10.3390/v14071395	PRJNA853174	1	24	gastrointestinal tract disorder	disease_key		Gastrointestinal		Gut	Shotgun	Nicaragua	reviewer_agrees	
MMC2-05062	2	2023	Journal of the European Academy of Dermatology and Venereology : JEADV	Evolution of the facial skin microbiome during puberty in normal and acne skin.	10.1111/jdv.18616	PRJNA856701	1	56	sample_title	reviewer_note	yes	Skin		Skin	Shotgun	United States	no_identifies_disease_field	
MMC2-05068	2	2023	World journal of pediatrics : WJP	Altered gut microbiota composition in children and their caregivers infected with the SARS-CoV-2 Omicron variant.	10.1007/s12519-022-00659-6	PRJNA859805	1	186	sample_alias	reviewer_note	yes	Respiratory		Gut	Amplicon	China	no_means_disease_present	
MMC2-05074	2	2022	Frontiers in cellular and infection microbiology	Shift in the submucosal microbiome of diseased peri-implant sites after non-surgical mechanical debridement treatment.	10.3389/fcimb.2022.1091938	PRJNA861252	1	97	host_disease	disease_key		Oral		Oral	Amplicon	China	reviewer_agrees	
MMC2-05078	2	2023	Scientific reports	Lung microbiome and cytokine profiles in different disease states of COPD: a cohort study.	10.1038/s41598-023-32901-0	PRJNA861712	1	100	sample_alias	reviewer_note	yes	Respiratory		Pulmonary	Amplicon	China	no_means_disease_present	
MMC2-05099	2	2022	Gates open research	Characterization of longitudinal nasopharyngeal microbiome patterns in maternally HIV-exposed Zambian infants.	10.12688/gatesopenres.14041.2	PRJNA874826	1	167	HIVStatus	reviewer_note		Respiratory		Nasal	Amplicon	Zambia	no_means_disease_present	
MMC2-05108	2	2022	BMC psychiatry	A comparative study to determine the association of gut microbiome with schizophrenia in Zhejiang, China.	10.1186/s12888-022-04328-w	PRJNA880407	1	100	sample_title	reviewer_note	yes	Infectious		Gut	Amplicon	China	no_identifies_disease_field	
MMC2-05160	2	2022	Frontiers in cellular and infection microbiology	Alterations of the gut microbiota and short chain fatty acids in necrotizing enterocolitis and food protein-induced allergic protocolitis infants: A prospective cohort study.	10.3389/fcimb.2022.1030588	PRJNA901061	1	43	sample_alias	reviewer_note	yes	Gastrointestinal		Gut	Amplicon	China	no_means_disease_present	
MMC2-05162	2	2022	Frontiers in cellular and infection microbiology	The correlation between dysfunctional intestinal flora and pathology feature of patients with pulmonary tuberculosis.	10.3389/fcimb.2022.1090889	PRJNA901399	1	132	library_name	reviewer_note	yes	Respiratory		Gut	Amplicon	China	no_identifies_disease_field	
MMC2-05175	2	2023	Scientific reports	Chronic Strongyloides stercoralis infection increases presence of the Ruminococcus torques group in the gut and alters the microbial proteome.	10.1038/s41598-023-31118-5	PRJNA905167	1	62				Infectious		Gut	Amplicon	Thailand	no_means_disease_present	
MMC2-05200	2	2024	Cell reports. Medicine	The respiratory microbiome is linked to the severity of RSV infections and the persistence of symptoms in children.	10.1016/j.xcrm.2024.101836	PRJNA914884	1	1537	RSV_hc	reviewer_note		Respiratory		Nasal	Amplicon	United Kingdom	no_identifies_disease_field	
MMC2-05213	2	2024	Frontiers in endocrinology	Metabolomic disorders caused by an imbalance in the gut microbiota are associated with central precocious puberty.	10.3389/fendo.2024.1481364	PRJNA924527	1	100	disease	disease_key		Endocrine		Gut	Amplicon	China	reviewer_agrees	
MMC2-05240	2	2024	Microbiome	Placental TLR recognition of salivary and subgingival microbiota is associated with pregnancy complications.	10.1186/s40168-024-01761-9	PRJNA934596	1	468	host_disease	disease_key		Reproductive		Oral	Shotgun	Turkey	reviewer_agrees	
MMC2-05261	2	2024	Scientific reports	Nutraceutical blends predict enhanced health via microbiota reshaping improving cytokines and life quality: a Brazilian double-blind randomized trial.	10.1038/s41598-024-61909-3	PRJNA941000	1	203				Metabolic		Gut	Amplicon	Brazil	reviewer_agrees	
MMC2-05311	2	2024	Diabetologia	Effects of maternal type 1 diabetes and confounding factors on neonatal microbiomes.	10.1007/s00125-023-06047-7	PRJNA961636	1	511	group	disease_key		Metabolic		Multiple	Amplicon	Poland	reviewer_agrees	
MMC2-05327	2	2023	Frontiers in cellular and infection microbiology	Alterations in the gut microbiota and the efficacy of adjuvant probiotic therapy in liver cirrhosis.	10.3389/fcimb.2023.1218552	PRJNA976251	1	44	library_name	reviewer_note	yes	Liver		Gut	Amplicon	China	no_identifies_disease_field	
MMC2-05378	2	2018	Scientific reports	Unique subgingival microbiota associated with periodontitis in cirrhosis patients.	10.1038/s41598-018-28905-w	PRJNA238348; PRJNA391236; SRP009299; SRP012422	4	145	condition; host_disease	disease_key		Liver		Oral	Amplicon	United States	reviewer_agrees	
MMC2-05383	2	2014	mBio	Intestinal dysbiosis associated with systemic lupus erythematosus.	10.1128/mBio.01548-14	PRJNA213037	1	40	sample_alias	reviewer_note	yes	Autoimmune		Gut	Amplicon	Spain	no_means_disease_present	
MMC2-05385	2	2013	PloS one	Defining the vulnerable period for re-establishment of Clostridium difficile colonization after treatment of C. difficile infection with oral vancomycin or metronidazole.	10.1371/journal.pone.0076269	PRJNA214416	1	28	phenotype	disease_key		Gastrointestinal		Gut	Amplicon	Canada	reviewer_agrees	
MMC2-05387	2	2015	PloS one	Extensive description and comparison of human supra-gingival microbiome in root caries and health.	10.1371/journal.pone.0117064	PRJNA224948	1	69	Feature	reviewer_note		Oral		Oral	Amplicon	China	no_means_disease_present	
MMC2-05399	2	2015	Scientific reports	Subgingival microbiome in patients with healthy and ailing dental implants.	10.1038/srep10948	PRJNA253517	1	38	host_disease	disease_key		Oral		Oral	Amplicon	China	reviewer_agrees	
MMC2-05411	2	2015	Scientific reports	A Filifactor alocis-centered co-occurrence group associates with periodontitis across different oral habitats.	10.1038/srep09053	PRJNA248613	1	150	host_disease	disease_key		Oral		Oral	Amplicon	China	reviewer_agrees	
MMC2-05415	2	2019	NPJ biofilms and microbiomes	Microbiome networks and change-point analysis reveal key community changes associated with cystic fibrosis pulmonary exacerbations.	10.1038/s41522-018-0077-y	PRJNA271691; PRJNA437984	2	332	sample_description	reviewer_note	yes	Respiratory		Pulmonary	Amplicon	Canada	no_means_disease_present	
MMC2-05417	2	2016	The ISME journal	Dysbiosis of upper respiratory tract microbiota in elderly pneumonia patients.	10.1038/ismej.2015.99	PRJNA276495	1	405	HealthStatus	disease_key		Respiratory		Oral	Amplicon	Netherlands	reviewer_agrees	
MMC2-05420	2	2015	Cell host & microbe	Inflammation, Antibiotics, and Diet as Environmental Stressors of the Gut Microbiome in Pediatric Crohn's Disease.	10.1016/j.chom.2015.09.008	SRP057027	1	369	Disease	disease_key		Gastrointestinal		Gut	Shotgun	United States	reviewer_agrees	
MMC2-05428	2	2015	Scientific reports	Experimental hookworm infection and escalating gluten challenges are associated with increased microbial richness in celiac subjects.	10.1038/srep13797	PRJNA287742	1	40	run_alias	reviewer_note	yes	Gastrointestinal		Gut	Amplicon	Australia	reviewer_agrees	
MMC2-05443	2	2016	Scientific reports	Hyperoxaluria leads to dysbiosis and drives selective enrichment of oxalate metabolizing bacterial species in recurrent kidney stone endures.	10.1038/srep34712	PRJNA304689	1	38	host_disease	disease_key		Infectious		Gut	Amplicon	India	reviewer_agrees	
MMC2-05463	2	2017	PloS one	Alterations in Gut Microbiome Composition and Barrier Function Are Associated with Reproductive and Metabolic Defects in Women with Polycystic Ovary Syndrome (PCOS): A Pilot Study.	10.1371/journal.pone.0168390	PRJNA326866	1	88	host_disease	disease_key		Metabolic		Gut	Amplicon	Austria	reviewer_agrees	
MMC2-05476	2	2018	Scientific reports	Gut microbiota composition and butyrate production in children affected by non-IgE-mediated cow's milk allergy.	10.1038/s41598-018-30428-3	PRJNA350676	1	66	sample_description	reviewer_note	yes	Immune Complications		Gut	Amplicon	Italy	reviewer_agrees	
MMC2-05489	2	2018	BMC microbiology	A microbiome case-control study of recurrent acute otitis media identified potentially protective bacterial genera.	10.1186/s12866-018-1154-3	PRJNA388707	1	568	experiment_title	reviewer_note	yes	Respiratory		Multiple	Amplicon	Australia	reviewer_agrees	
MMC2-05505	2	2018	World journal of gastroenterology	Altered oral microbiota in chronic hepatitis B patients with different tongue coatings.	10.3748/wjg.v24.i30.3448	PRJNA422983	1	75	host disease	disease_key		Liver		Oral	Amplicon	China	reviewer_agrees	
MMC2-05511	2	2020	Nutrients	Changes in the Intestinal Microbiome during a Multispecies Probiotic Intervention in Compensated Cirrhosis.	10.3390/nu12061874	PRJNA431746	1	240	sample_title	reviewer_note	yes	Healthy	yes	Gut	Amplicon	Austria	reviewer_agrees	
MMC2-05614	2	2025	BMC microbiology	Shallow shotgun metagenomic sequencing of vaginal microbiomes with the Oxford Nanopore technology enables the reliable determination of vaginal community state types and broad community structures.	10.1186/s12866-025-04236-5	PRJNA1229860	1	104	sample group	disease_key		Infectious		Vaginal	Both	Germany	reviewer_agrees	
MMC2-05615	2	2025	Nature communications	Longitudinal cervicovaginal bacteriome and virome alterations associate with discordant shedding and ART duration in women living with HIV in Peru.	10.1038/s41467-025-63158-y	10.5281/ZENODO.15724178; PRJNA1077994	1	140				STI		Vaginal	Shotgun	Peru	reviewer_agrees	
MMC2-05651	2	2023	BMC medicine	Change of the vaginal microbiome with oral contraceptive therapy in women with polycystic ovary syndrome: a 6-month longitudinal cohort study.	10.1186/s12916-023-03196-9	PRJNA895690	1	150	sample_title	reviewer_note	yes	Reproductive		Vaginal	Amplicon	China	reviewer_agrees	
MMC2-05656	2	2024	Reproductive sciences (Thousand Oaks, Calif.)	Changes in the Vaginal Microbiome During Pregnancy and the Postpartum Period in South African Women: a Longitudinal Study.	10.1007/s43032-023-01351-4	PRJNA894713	1	872	HIV:	disease_key		Infectious		Vaginal	Amplicon	South Africa	reviewer_agrees	
MMC2-05669	2	2023	Journal of medical virology	Alterations in vaginal microbiota among pregnant women with COVID-19.	10.1002/jmv.28132		0	0	sample_title	reviewer_note	yes	Respiratory		Vaginal	Amplicon	Turkey	reviewer_named_tier	
MMC2-05674	2	2022	Frontiers in cellular and infection microbiology	A Deep Look at the Vaginal Environment During Pregnancy and Puerperium.	10.3389/fcimb.2022.838405	PRJNA766806	1	228	vaginal_status	disease_key		Infectious		Vaginal	Amplicon	Italy	reviewer_agrees	
MMC2-05680	2	2022	Frontiers in endocrinology	Vaginal Microbiota Changes in Patients With Premature Ovarian Insufficiency and Its Correlation With Ovarian Function.	10.3389/fendo.2022.824282	PRJNA756767	1	56	sample_alias	reviewer_note	yes	Healthy	yes	Vaginal	Amplicon		reviewer_agrees	
MMC2-05693	2	2022	American journal of obstetrics and gynecology	Recurrent bacterial vaginosis following metronidazole treatment is associated with microbiota richness at diagnosis.	10.1016/j.ajog.2021.09.018	PRJNA691964	1	101	host_disease	disease_key		Infectious		Vaginal	Amplicon	United States	reviewer_agrees	
MMC2-05716	2	2020	BMC microbiology	"Elimination of ""kitome"" and ""splashome"" contamination results in lack of detection of a unique placental microbiome."	10.1186/s12866-020-01839-y	PRJNA577959	1	479				Healthy	yes	Other	Amplicon	United States	reviewer_agrees	
MMC2-05724	2	2019	PloS one	Diversity of endocervical microbiota associated with genital Chlamydia trachomatis infection and infertility among women visiting obstetrics and gynecology clinics in Malaysia.	10.1371/journal.pone.0224658	PRJNA566293	1	77	CT_infection_status	disease_key		Infectious		Vaginal	Amplicon	Malaysia	reviewer_agrees	
MMC2-05727	2	2020	BJOG : an international journal of obstetrics and gynaecology	The association between vaginal bacterial composition and miscarriage: a nested case-control study.	10.1111/1471-0528.15972	PRJEB32479	1	241	Feature	reviewer_note		Healthy	yes	Vaginal	Amplicon	United Kingdom	no_means_disease_present	
MMC2-05735	2	2019	Papillomavirus research (Amsterdam, Netherlands)	The cervical microbiota in reproductive-age South African women with and without human papillomavirus infection.	10.1016/j.pvr.2019.04.006	PRJNA473351	1	96	hpv:	disease_key		Infectious		Vaginal	Amplicon	South Africa	reviewer_agrees	
MMC2-05740	2	2018	American journal of obstetrics and gynecology	The vaginal eukaryotic DNA virome and preterm birth.	10.1016/j.ajog.2018.04.048	PRJNA294119; SRR6847264; SRR6847391	3	233				Healthy	yes	Vaginal	Both		reviewer_agrees	
MMC2-05741	2	2018	The Journal of infectious diseases	Identification of Key Bacteria Involved in the Induction of Incident Bacterial Vaginosis: A Prospective Study.	10.1093/infdis/jiy243	PRJNA417968	1	443	ControlOrBV	reviewer_note		Reproductive		Vaginal	Amplicon		no_means_disease_present	
MMC2-07030	2	2017	Clinical infectious diseases : an official publication of the Infectious Diseases           Society of America	Gastrointestinal Carriage Is a Major Reservoir of Klebsiella pneumoniae Infection in Intensive Care Patients.	10.1093/cid/cix270	ERR1008629; ERR1008631; ERR1008632; ERR1008633; ERR1008651; ERR1008668; ERR1008687; ERR1008707; ERR1008723; ERR1008739; ERR1008749; ERR1008753; ERR1008757; ERR1008760; ERR1008770; ERR1008771; ERR1008776; ERR1008782; ERR1008793; ERR1015282; ERR1015295; ERR1015296; ERR1015297; ERR1015299; ERR1015307; ERR1015309; ERR1015311; ERR1015312; ERR1015316; ERR1015318; ERR1015322; ERR1015323; ERR1023629; ERR1023630; ERR1023633; ERR1023634; ERR1023638; ERR1023639; ERR1023640; ERR1023642; ERR1023644; ERR1023645; ERR1023646; ERR1023647; ERR1023650; ERR1023651; ERR1023652; ERR1023653; ERR1023654; ERR1023655; ERR1023656; ERR1023658; ERR1023659; ERR1023660; ERR1023663; ERR1023664; ERR1023666; ERR1023667; ERR1023668; ERR1023669; ERR1023670; ERR1023675; ERR1023676; ERR1023677; ERR1023678; ERR1023680; ERR1023681; ERR1023682; ERR1023683; ERR1023687; ERR1023688; ERR1023689; ERR1023690; ERR1023692; ERR1023693; ERR1023694; ERR1023695; ERR1023696; ERR1023697; ERR1023698; ERR1023699; ERR1023702; ERR1023703; ERR1023704; ERR1023705; ERR1023711; ERR1023738; ERR1023741; ERR1023758; ERR1023784; ERR1023785; ERR1023794; ERR1023800; ERR1023807; ERR1023811; ERR1023820; ERR1023834; ERR1023837; ERR1023841; ERR1023845; ERR1023846; ERR1023849; ERR1023857; ERR1035981; ERR1035984; ERR1035990; ERR1215618; ERR1215619; ERR1215620; ERR1215621; ERR1215633; SRR5082444; SRR5082445; SRR5082446; SRR5082447; SRR5082448; SRR5082449; SRR5082450; SRR5082451; SRR5082452; SRR5082453; SRR5082454; SRR5082455; SRR5082456; SRR5082457; SRR5082458; SRR5082459; SRR5082460; SRR5082461; SRR5082462; SRR5082463; SRR5082464; SRR5082465; SRR5082466; SRR5082467; SRR5082468; SRR5082469; SRR5082471; SRR5082472; SRR5082474; SRR5082475; SRR5082476; SRR5082477; SRR5082481; SRR5082483; SRR5082485; SRR5082486; SRR5082487; SRR5082489; SRR5082490; SRR5082491	151	151	host_disease; host_status	disease_key		Respiratory		Gut	Shotgun	Australia	t4_reviewer_accepts_proposal	
MMC2-07328	2	2014	Journal of orthopaedic research : official publication of the Orthopaedic           Research Society	Culture-independent pilot study of microbiota colonizing open fractures and association with severity, mechanism, location, and complication from presentation to early outpatient follow-up.	10.1002/jor.22578	SRP034607	1	6	sample_description	reviewer_note	yes	Infectious		Skin	Amplicon	United States	no_means_disease_present	
MMC2-08436	2	2022	Gut	Gut microbiota dynamics in a prospective cohort of patients with post-acute COVID-19 syndrome.	10.1136/gutjnl-2021-325989	PRJNA714459	1	245	group	disease_key		Respiratory		Gut	Shotgun	China	reviewer_agrees	
MMC2-08464	2	2025	The Journal of investigative dermatology	Comparative Whole Metagenome Analysis in Lesional and Nonlesional Scalp Areas of Patients with Psoriasis Capitis and Healthy Individuals.	10.1016/j.jid.2024.07.020	PRJEB67362	1	147	sample_description	reviewer_note	yes	Infectious		Skin	Shotgun	Belgium	reviewer_agrees	
MMC2-08539	2	2025	Journal of microbiology (Seoul, Korea)	Characteristics of skin microbiome associated with disease severity in systemic sclerosis.	10.71150/jm.2409018	PRJNA1189347	1	82	sample_alias	reviewer_note	yes	Autoimmune		Skin	Amplicon	South Korea	reviewer_agrees	
MMC2-08621	2	2024	Allergy	Characterising the allergic fungal rhinosinusitis microenvironment using full-length 16S rRNA gene amplicon sequencing and fungal ITS sequencing.	10.1111/all.16240	PRJNA1051186	1	64	host_disease	disease_key		Respiratory		Nasal	Amplicon	Australia	reviewer_agrees	
MMC2-08697	2	2020	Fertility and sterility	Metagenomic analysis identified microbiome alterations and pathological association between intestinal microbiota and polycystic ovary syndrome.	10.1016/j.fertnstert.2020.01.027	PRJNA549764	1	28	group	disease_key		Infectious		Gut	Amplicon	China	reviewer_agrees	
MMC2-08827	2	2021	Gastroenterology	Fecal Microbiota Transplantation Influences Procarcinogenic Escherichia coli in Recipient Recurrent Clostridioides difficile Patients.	10.1053/j.gastro.2021.06.009	10.5281/ZENODO.4288679; PRJEB44737	1	156	sample_description	reviewer_note	yes	Infectious		Gut	Shotgun	Netherlands	reviewer_agrees	
MMC2-09068	2	2021	The Journal of clinical endocrinology and metabolism	Association of Gut Microbiota during Early Pregnancy with Risk of Incident Gestational Diabetes Mellitus.	10.1210/clinem/dgab346	10.6084/M9.FIGSHARE.13199420; 10.6084/M9.FIGSHARE.13199687; 10.6084/M9.FIGSHARE.13851554; PRJNA637490	1	402	sample_description	reviewer_note	yes	Metabolic		Gut	Shotgun	Sweden	reviewer_agrees	
MMC2-09644	2	2021	Cell host & microbe	The infant gut resistome associates with E. coli, environmental exposures, gut microbiome maturity, and asthma-associated bacterial composition.	10.1016/j.chom.2021.03.017	PRJNA417357; PRJNA715601	2	2358	asthma_mother; ashtma_5yr	disease_key		Respiratory		Gut	Both	Denmark	reviewer_agrees	
MMC2-09774	2	2015	Mucosal immunology	Altered metabolism of gut microbiota contributes to chronic immune activation in HIV-infected individuals.	10.1038/mi.2014.107	PRJEB5185	1	97	sample_description	reviewer_note	yes	Infectious		Gut	Both	Spain	reviewer_agrees	
MMC2-09970	2	2019	Endocrine	Comprehensive relationships between gut microbiome and faecal metabolome in individuals with type 2 diabetes and its complications.	10.1007/s12020-019-02103-8		0	0	sample_alias	reviewer_note	yes	Metabolic		Multiple	Amplicon	China	reviewer_named_tier	
MMC2-09980	2	2023	Journal of clinical periodontology	Parents with periodontitis drive the early acquisition of dysbiotic microbiomes in their offspring.	10.1111/jcpe.13815	PRJNA780174	1	100	host_disease	disease_key		Infectious		Oral	Amplicon	Brazil	reviewer_agrees	
MMC2-10072	2	2020	Journal of gastroenterology and hepatology	Gut microbial profile in biliary atresia: a case-control study.	10.1111/jgh.14777		0	0	sample_alias	reviewer_note	yes	Infectious		Multiple	Both	China	reviewer_named_tier	
MMC2-10156	2	2024	Journal of pediatric gastroenterology and nutrition	The intestinal microbiome of infants with cow's milk-induced FPIES is enriched in taxa and genes of enterobacteria.	10.1002/jpn3.12356	PRJNA1036152	1	26	sample_title	reviewer_note	yes	Gastrointestinal		Gut	Amplicon	Spain	reviewer_agrees	
MMC2-10240	2	2025	The Journal of allergy and clinical immunology	Neonatal gut microbiota and risk of developing food sensitization and allergy.	10.1016/j.jaci.2024.10.029	PRJDB13918	1	2563				Healthy	yes	Gut	Amplicon	Japan	reviewer_agrees	
MMC2-10300	2	2021	Gastroenterology	Gut Microbiota Perturbation in IgA Deficiency Is Influenced by IgA-Autoantibody Status.	10.1053/j.gastro.2021.02.053		0	0	sample_description	reviewer_note	yes	Infectious		Gut	Shotgun	Sweden	reviewer_named_tier	
MMC2-10320	2	2017	Nature	Quantitative microbiome profiling links gut community variation to microbial load.	10.1038/nature24460		0	0	sample_alias; sample_title	reviewer_note	yes	Gastrointestinal		Gut	Amplicon	Belgium	reviewer_named_tier	
MMC2-10331	2	2020	The Journal of clinical endocrinology and metabolism	Gut Microbiota in T1DM-Onset Pediatric Patients: Machine-Learning Algorithms to Classify Microorganisms as Disease Linked.	10.1210/clinem/dgaa407	10.6084/M9.FIGSHARE.9989216; PRJNA525585	1	63	daily SynGut treatment data point:	disease_key		Metabolic		Gut	Amplicon	Italy	reviewer_agrees	
MMC2-10356	2	2025	Clinical microbiology and infection : the official publication of the European           Society of Clinical Microbiology and Infectious Diseases	The presence of Clostridioides difficile in faeces before and after faecal microbiota transplantation and its relation with recurrent C. difficile infection and the gut microbiota in a Dutch cohort.	10.1016/j.cmi.2024.12.003	PRJEB44737; PRJEB64621	2	239	sample_description	reviewer_note	yes	Infectious		Gut	Shotgun	Netherlands	reviewer_agrees	
MMC2-10376	2	2021	Clinical and experimental dermatology	Evidence for cutaneous dysbiosis in dystrophic epidermolysis bullosa.	10.1111/ced.14592		0	0	sample_alias	reviewer_note	yes	Infectious		Skin	Amplicon	Israel	reviewer_named_tier	
MMC2-10466	2	2025	Journal of psychosomatic research	Microbiome abundance of Prevotellaceae in spondyloarthritis patients with positive depression screening: A cross-sectional analysis.	10.1016/j.jpsychores.2025.112358		0	0	env_local_scale	reviewer_note		Mental Health		Gut	Amplicon	Colombia	reviewer_named_tier	
MMC2-10511	2	2016	Gut	Siblings of patients with Crohn's disease exhibit a biologically relevant dysbiosis in mucosal microbial metacommunities.	10.1136/gutjnl-2014-308896	PRJNA257186	1	57	gastrointest_disord:	disease_key		Gastrointestinal		Gut	Amplicon	United Kingdom	reviewer_agrees	
MMC2-10567	2	2019	European journal of clinical investigation	Systemic proinflammation after Mycobacterium tuberculosis infection was correlated to the gut microbiome in HIV-uninfected humans.	10.1111/eci.13068		0	0	sample_alias	reviewer_note	yes	Respiratory		Gut	Amplicon	China	reviewer_named_tier	
MMC2-10649	2	2021	The Lancet. Respiratory medicine	The sputum microbiome and clinical outcomes in patients with bronchiectasis: a prospective observational study.	10.1016/S2213-2600(20)30557-9		0	0	host	reviewer_note		Respiratory		Pulmonary	Amplicon	United Kingdom	reviewer_named_tier	
MMC2-10670	2	2021	Pediatric diabetes	Associations between diet, the gut microbiome and short chain fatty acids in youth with islet autoimmunity and type 1 diabetes.	10.1111/pedi.13178		0	0	host_disease	disease_key		Metabolic		Multiple	Amplicon	Australia	reviewer_named_tier	
MMC2-10672	2	2021	Journal of applied microbiology	Breast milk flora plays an important role in infantile eczema: cohort study in Northeast China.	10.1111/jam.15076		0	0	isolation_source	reviewer_note		Skin		Multiple	Amplicon	China	reviewer_named_tier	
MMC2-10737	2	2023	Clinical and experimental rheumatology	The faecal microbiota is distinct in HLA-B27+ ankylosing spondylitis patients versus HLA-B27+ healthy controls.	10.55563/clinexprheumatol/nlsj0o		0	0	host_disease	disease_key		Autoimmune		Gut	Amplicon	United States	reviewer_named_tier	
MMC2-10777	2	2019	The Journal of allergy and clinical immunology	Reduced genetic potential for butyrate fermentation in the gut microbiome of infants who develop allergic sensitization.	10.1016/j.jaci.2019.06.029		0	0	atopy	reviewer_note		Immune Complications		Gut	Shotgun	Canada	reviewer_named_tier	
MMC2-10779	2	2013	JAMA otolaryngology-- head & neck surgery	Contrasting the microbiomes from healthy volunteers and patients with chronic rhinosinusitis.	10.1001/jamaoto.2013.5465		0	0	host_disease	disease_key		Respiratory		Multiple	Amplicon	United States	reviewer_named_tier	
MMC2-10820	2	2021	Clinical infectious diseases : an official publication of the Infectious Diseases           Society of America	Oral Capsulized Fecal Microbiota Transplantation for Eradication of Carbapenemase-producing Enterobacteriaceae Colonization With a Metagenomic Perspective.	10.1093/cid/ciaa737		0	0	library_name	reviewer_note	yes	Infectious		Multiple	Amplicon	Israel	reviewer_named_tier	
MMC2-10871	2	2013	The American journal of gastroenterology	Large-scale survey of gut microbiota associated with MHE Via 16S rRNA-based pyrosequencing.	10.1038/ajg.2013.221		0	0	sample_title	reviewer_note	yes	Liver		Multiple	Amplicon	China	reviewer_named_tier	
MMC2-10882	2	2025	Journal of cystic fibrosis : official journal of the European Cystic Fibrosis           Society	Longitudinal effects of elexacaftor/tezacaftor/ivacaftor on the oropharyngeal metagenome in adolescents with cystic fibrosis.	10.1016/j.jcf.2024.10.001	PRJNA1101448	1	323	sample_description	reviewer_note	yes	Respiratory		Oral	Shotgun	Switzerland	reviewer_agrees	
MMC2-11047	2	2019	The Journal of antimicrobial chemotherapy	Pseudomonas aeruginosa populations in the cystic fibrosis lung lose susceptibility to newly applied β-lactams within 3 days.	10.1093/jac/dkz297	PRJNA504944	1	68	host_disease	disease_key		Respiratory		Pulmonary	Both	Germany	reviewer_agrees	
MMC2-11220	2	2024	Journal of Crohn's & colitis	The Effect of Non-pooled Multidonor Faecal Microbiota Transplantation for Inducing Clinical Remission in Patients with Chronic Pouchitis: Results from a Multicentre, Randomised, Double-blinded, Placeb	10.1093/ecco-jcc/jjae066	PRJEB66493	1	177	sample_description	reviewer_note	yes	Gastrointestinal	yes	Gut	Shotgun	Denmark	reviewer_agrees	
MMC2-12417	2	2025	Frontiers in cellular and infection microbiology	Age-specific vaginal microecological dysbiosis associated with HPV infection: a large-scale cross-sectional study with targeted functional sequencing validation.	10.3389/fcimb.2025.1722367	PRJNA1377879	1	88	host_disease	disease_key		Infectious		Vaginal	Amplicon	China	reviewer_agrees	
MMC2-12544	2	2024	Nutrients	A Multi-Strain Oral Probiotic Improves the Balance of the Vaginal Microbiota in Women with Asymptomatic Bacterial Vaginosis: Preliminary Evidence.	10.3390/nu16203469	PRJNA1137153	1	100	nugent_status	disease_key		Reproductive		Vaginal	Amplicon	Italy	reviewer_agrees	
MMC2-12608	2	2023	PloS one	Comparison of vaginal microbiota between women with inflammatory bowel disease and healthy controls.	10.1371/journal.pone.0284709	PRJNA849603	1	122	host_disease	disease_key		Gastrointestinal		Multiple	Amplicon	United States	reviewer_agrees	
MMC2-12673	2	2022	BMC microbiology	Vaginal microbiota in women with spontaneous preterm labor versus those with term labor in Kenya: a case control study.	10.1186/s12866-022-02681-0	PRJEB48940	1	207	blood_group	disease_key		Reproductive		Vaginal	Amplicon		reviewer_agrees	
MMC2-12714	2	2022	Microbiology spectrum	Metagenomic Shotgun Sequencing of Endocervical, Vaginal, and Rectal Samples among Fijian Women with and without Chlamydia trachomatis Reveals Disparate Microbial Populations and Function across Anatom	10.1128/spectrum.00105-22	PRJNA826539	1	30	sample_title	reviewer_note	yes	Infectious		Multiple	Shotgun	Fiji	reviewer_agrees	
MMC2-12734	2	2021	Frontiers in cellular and infection microbiology	Vaginal Dysbiotic Microbiome in Women With No Symptoms of Genital Infections.	10.3389/fcimb.2021.760459	PRJNA674451	1	40	sample_alias	reviewer_note	yes	Infectious		Vaginal	Shotgun	India	no_means_disease_present	
MMC2-12794	2	2021	Frontiers in endocrinology	Clinical Manifestations of Polycystic Ovary Syndrome and Associations With the Vaginal Microbiome: A Cross-Sectional Based Exploratory Study.	10.3389/fendo.2021.662725	PRJNA699990	1	89	sample_alias	reviewer_note	yes	Infectious		Vaginal	Amplicon	China	reviewer_agrees	
MMC2-12827	2	2020	Scientific reports	Vaginal microbiota diversity and paucity of Lactobacillus species are associated with persistent hrHPV infection in HIV negative but not in HIV positive women.	10.1038/s41598-020-76003-7	PRJNA668516	1	360	hiv_status	disease_key		Infectious		Vaginal	Amplicon	Nigeria	reviewer_agrees	
MMC2-12894	2	2019	Scientific reports	Diversity of vaginal microbiome and metabolome during genital infections.	10.1038/s41598-019-50410-x	PRJNA523312	1	79	host_infection	disease_key		Infectious		Vaginal	Amplicon	Italy	reviewer_agrees	
MMC2-12967	2	2017	Scientific reports	Analysis of the cervical microbiome and potential biomarkers from postpartum HIV-positive women displaying cervical intraepithelial lesions.	10.1038/s41598-017-17351-9	PRJNA392046	1	104	sample_title	reviewer_note	yes	Infectious		Vaginal	Amplicon	Brazil	no_means_disease_present	
MMC2-12977	2	2017	Proceedings of the National Academy of Sciences of the United States of America	Replication and refinement of a vaginal microbial signature of preterm birth in two racially distinct cohorts of US women.	10.1073/pnas.1705899114	PRJNA393472	1	2367				Healthy	yes	Vaginal	Amplicon	United States	reviewer_agrees	
MMC2-12989	2	2017	Microbiome	The interaction between vaginal microbiota, cervical length, and vaginal progesterone treatment for preterm birth risk.	10.1186/s40168-016-0223-9	PRJEB11895; PRJEB12577	2	459	feature	reviewer_note		Reproductive		Vaginal	Amplicon	United Kingdom	no_means_disease_present	
MMC2-00050	3	2018	Gut microbes	Mucosa-associated microbiota dysbiosis in colitis associated cancer.	10.1080/19490976.2017.1379637	PRJEB20354	1	289				Cancer		Gut	Amplicon	Italy	reviewer_agrees	
MMC2-00125	3	2023	BJS open	Changes in Bacteroides and the microbiota in patients with obstructed colorectal cancer: retrospective cohort study.	10.1093/bjsopen/zrad105	SAMN30428202; SAMN30428209; SRR12019460; SRR12020117	2	2				Cancer		Gut	Amplicon	China	t4_reviewer_accepts_proposal	
MMC2-00148	3	2018	Microbiome	Signatures within the esophageal microbiome are associated with host genetics, age, and disease.	10.1186/s40168-018-0611-4	PRJEB25236; PRJEB25244; PRJEB25422	3	345				Cancer		Oral	Both	Australia	reviewer_agrees	
MMC2-00149	3	2020	BMC medicine	The intestinal microbiome, weight, and metabolic changes in women treated by adjuvant chemotherapy for breast and gynecological malignancies.	10.1186/s12916-020-01751-2	PRJEB39809	1	48	treatment; host	reviewer_note		Cancer		Gut	Amplicon	Israel	reviewer_agrees	
MMC2-00174	3	2016	PloS one	Colorectal Cancer and the Human Gut Microbiome: Reproducibility with Whole-Genome Shotgun Sequencing.	10.1371/journal.pone.0155362	PRJEB12449	1	110				Cancer		Gut	Shotgun	United States	reviewer_agrees	
MMC2-00185	3	2019	Microbiome	Specific gut microbiome members are associated with distinct immune markers in pediatric allogeneic hematopoietic stem cell transplantation.	10.1186/s40168-019-0745-z	PRJEB25221	1	97				Cancer		Gut	Amplicon	Denmark	reviewer_agrees	
MMC2-00194	3	2025	Cancer research and treatment	Fecal Microbial Dysbiosis Is Associated with Colorectal Cancer Risk in a Korean Population.	10.4143/crt.2024.382	PRJEB33905	1	890				Healthy	yes	Gut	Amplicon	South Korea	reviewer_agrees	
MMC2-00206	3	2022	Gut	A faecal microbiota signature with high specificity for pancreatic cancer.	10.1136/gutjnl-2021-324755	PRJEB38625; PRJEB42013	2	1092				Cancer		Oral	Both	Spain	reviewer_agrees	
MMC2-00230	3	2024	Nature communications	Diet changes due to urbanization in South Africa are linked to microbiome and metabolome signatures of Westernization and colorectal cancer.	10.1038/s41467-024-46265-0	PRJEB67451; PRJNA1066974	2	96				Cancer		Gut	Both	South Africa	reviewer_agrees	
MMC2-00234	3	2025	Scientific reports	The gut microbiota during tamoxifen therapy in patients with breast cancer.	10.1038/s41598-025-91734-1	PRJEB80483	1	122	host_disease; host_disease_stat; host_disease_status	reviewer_note		Cancer		Gut	Amplicon	Netherlands	constant_label_not_per_sample	sam_rule_B
MMC2-00235	3	2020	Genome medicine	Integrated analysis of microbiome and host transcriptome reveals correlations between gut microbiota and clinical outcomes in HBV-related hepatocellular carcinoma.	10.1186/s13073-020-00796-5	GSE138485; PRJEB8708; PRJNA576155	2	79	sample_title; HCC_diagnosis	reviewer_note	yes	Cancer		Gut	Amplicon	China	constant_label_not_per_sample	sam_rule_B
MMC2-00249	3	2025	Journal of translational medicine	Metagenomic characterization of oral microbiome signatures to predict upper gastrointestinal and pancreaticobiliary cancers: a case-control study.	10.1186/s12967-024-05989-9	PRJNA1027093; PRJNA1109323	2	435				Healthy	yes	Oral	Amplicon	South Korea	reviewer_agrees	
MMC2-00258	3	2024	Thoracic cancer	Association between oral microbiome and breast cancer in the east Asian population: A Mendelian randomization and case-control study.	10.1111/1759-7714.15280	CNP0001664; PRJNA1036382	1	181				Cancer		Oral	Amplicon	China	reviewer_agrees	
MMC2-00261	3	2025	Gut	Butyrate-producing Faecalibacterium prausnitzii suppresses natural killer/T-cell lymphoma by dampening the JAK-STAT pathway.	10.1136/gutjnl-2024-333530	PRJCA010329; PRJNA1043252	1	41				Cancer		Gut	Shotgun	South Korea	reviewer_agrees	
MMC2-00263	3	2025	Microbiome	Microbiota-derived urolithin A in monoclonal gammopathies and multiple myeloma therapy.	10.1186/s40168-025-02045-6	PRJNA1043906	1	51				Cancer		Gut	Amplicon	Spain	reviewer_agrees	
MMC2-00296	3	2024	BMC cancer	Gut microbiota composition and metabolic characteristics in patients with Craniopharyngioma.	10.1186/s12885-024-12283-w	PRJNA1093500	1	30				Cancer		Gut	Shotgun	China	reviewer_agrees	
MMC2-00303	3	2024	Frontiers in immunology	Evaluation of efficacy and safety of Lacticaseibacillus rhamnosus LRa05 in the eradication of Helicobacter pylori: a randomized, double-blind, placebo-controlled trial.	10.3389/fimmu.2024.1450414	PRJNA1111965	1	143	sample_title	reviewer_note	yes	Cancer	yes	Gut	Amplicon	China	reviewer_agrees	
MMC2-00304	3	2025	Scientific reports	Exploring non-invasive biomarkers for pulmonary nodule detection based on salivary microbiomics and machine learning algorithms.	10.1038/s41598-025-95692-6	PRJNA1114406	1	930				Cancer		Oral	Amplicon	China	reviewer_agrees	
MMC2-00345	3	2025	World journal of gastroenterology	Altered microbiota of rectal mucosa in rectal cancer patients.	10.3748/wjg.v31.i13.105248	PRJNA1201090; PRJNA644453	2	430				Cancer		Gut	Amplicon	China	reviewer_agrees	
MMC2-00350	3	2025	Scientific reports	Metagenomic next-generation sequencing for concurrent diagnosis of infections and malignancies in patients with lung lesions: a single-center prospective study.	10.1038/s41598-025-18812-2	PRJNA1212486	1	45				Cancer		Pulmonary	Shotgun	China	reviewer_agrees	
MMC2-00356	3	2025	PeerJ	Oropharyngeal microbiome dysbiosis in esophageal squamous cell carcinoma: taxonomic shifts, metabolic reprogramming, and geographic disparities in a high-incidence cohort.	10.7717/peerj.20009	PRJNA1226964	1	61				Cancer		Oral	Amplicon	China	reviewer_agrees	
MMC2-00359	3	2025	BMC gastroenterology	Intestinal microbiota in adults with cholangiocarcinoma identifies the dysregulated Blautia species and bile acid metabolic pathways.	10.1186/s12876-025-04096-3	PRJNA1237519	1	23				Cancer		Multiple	Shotgun	China	reviewer_agrees	
MMC2-00385	3	2016	Nature communications	Intestinal microbiome analyses identify melanoma patients at risk for checkpoint-blockade-induced colitis.	10.1038/ncomms10391	PRJNA302832	1	78				Cancer		Gut	Both	United States	reviewer_agrees	
MMC2-00395	3	2020	mSphere	Observational Cohort Study of Oral Mycobiome and Interkingdom Interactions over the Course of Induction Therapy for Leukemia.	10.1128/mSphere.00048-20	PRJNA352060; PRJNA526551; PRJNA599151	3	1623				Cancer		Multiple	Amplicon	United States	reviewer_agrees	
MMC2-00405	3	2020	BMC infectious diseases	Human papillomavirus infection and cervical intraepithelial neoplasia progression are associated with increased vaginal microbiome diversity in a Chinese cohort.	10.1186/s12879-020-05324-9	PRJNA415526	1	1				Cancer		Vaginal	Amplicon	China	reviewer_named_tier	
MMC2-00408	3	2019	International journal of cancer	Overuse of antianaerobic drug is associated with poor postchemotherapy prognosis of patients with hepatocellular carcinoma.	10.1002/ijc.32339	PRJNA445357	1	26				Cancer		Gut	Amplicon	Japan	reviewer_agrees	
MMC2-00421	3	2020	Cell host & microbe	Structure of the Mucosal and Stool Microbiome in Lynch Syndrome.	10.1016/j.chom.2020.03.005	PRJNA526861	1	361	experiment_title	reviewer_note	yes	Cancer		Gut	Both	United States	reviewer_agrees	
MMC2-00437	3	2021	Sleep & breathing = Schlaf & Atmung	Relationships of sleep disturbance, intestinal microbiota, and postoperative pain in breast cancer patients: a prospective observational study.	10.1007/s11325-020-02246-3	PRJNA566060	1	36				Cancer		Gut	Amplicon	China	reviewer_agrees	
MMC2-00466	3	2021	The Lancet. Microbe	Antibiotic prophylaxis and the gastrointestinal resistome in paediatric patients with acute lymphoblastic leukaemia: a cohort study with metagenomic sequencing analysis.	10.1016/s2666-5247(20)30202-0	PRJNA656820	1	148				Cancer		Gut	Shotgun	United States	reviewer_agrees	
MMC2-00469	3	2020	Frontiers in cellular and infection microbiology	Alterations of Oral Microbiota in Chinese Patients With Esophageal Cancer.	10.3389/fcimb.2020.541144	PRJNA660092	1	90				Cancer		Oral	Amplicon	China	reviewer_agrees	
MMC2-00476	3	2022	Scientific reports	Reusing a prepaid health plan's fecal immunochemical tests for microbiome associations with colorectal adenoma.	10.1038/s41598-022-18870-w	PRJNA673212	1	538	Fit_test_result	reviewer_note		Cancer		Gut	Shotgun	United States	reviewer_agrees	
MMC2-00480	3	2021	PloS one	A prospective study of the adaptive changes in the gut microbiome during standard-of-care chemoradiotherapy for gynecologic cancers.	10.1371/journal.pone.0247905	PRJNA685389	1	332				Cancer		Gut	Amplicon	United States	reviewer_agrees	
MMC2-00481	3	2021	Scientific reports	Case control study comparing the HPV genome in patients with oral cavity squamous cell carcinoma to normal patients using metagenomic shotgun sequencing.	10.1038/s41598-021-83197-x	PRJNA692713	1	9				Cancer		Oral	Shotgun	United States	reviewer_agrees	
MMC2-00490	3	2021	Cell death and differentiation	Intestinal microbiota influences clinical outcome and side effects of early breast cancer treatment.	10.1038/s41418-021-00784-1	PRJNA718520	1	76				Cancer		Gut	Shotgun	France	reviewer_agrees	
MMC2-00495	3	2022	Orphanet journal of rare diseases	Microbiome insights into pediatric familial adenomatous polyposis.	10.1186/s13023-022-02569-2	PRJNA729439	1	50				Cancer		Gut	Amplicon	United States	reviewer_agrees	
MMC2-00509	3	2022	Nature medicine	Intestinal Akkermansia muciniphila predicts clinical response to PD-1 blockade in patients with advanced non-small-cell lung cancer.	10.1038/s41591-021-01655-5	GSE182328; PRJNA751792	1	338				Cancer		Gut	Shotgun	France	reviewer_agrees	
MMC2-00520	3	2021	Frontiers in cellular and infection microbiology	A Predictive Model Based on the Gut Microbiota Improves the Diagnostic Effect in Patients With Cholangiocarcinoma.	10.3389/fcimb.2021.751795	PRJNA765184	1	140				Cancer		Gut	Amplicon	China	reviewer_agrees	
MMC2-00534	3	2025	Frontiers in immunology	Featured intestinal microbiota associated with hepatocellular carcinoma in various liver disease states.	10.3389/fimmu.2025.1674838	PRJNA784025	1	257	sample_alias; healthy	reviewer_note	yes	Cancer	yes	Gut	Amplicon	China	reviewer_agrees	
MMC2-00548	3	2023	Nature communications	Candida expansion in the gut of lung cancer patients associates with an ecological signature that supports growth under dysbiotic conditions.	10.1038/s41467-023-38058-8	PRJNA81; PRJNA811494	1	86	NAMED_IN_NOTE_UNPARSED	reviewer_note		Cancer		Gut	Both	Hungary	reviewer_agrees	
MMC2-00568	3	2022	Microbiome	Enterotypical Prevotella and three novel bacterial biomarkers in preoperative stool predict the clinical outcome of colorectal cancer.	10.1186/s40168-022-01388-8	PRJNA859426	1	333				Cancer		Gut	Amplicon	United States	reviewer_agrees	
MMC2-00569	3	2025	PloS one	Dynamic changes and metabolic function of intestinal flora in patients with postoperative pneumonia after lung cancer surgery.	10.1371/journal.pone.0321016	PRJNA859507	1	75				Cancer		Gut	Amplicon	China	reviewer_agrees	
MMC2-00580	3	2025	BMJ open gastroenterology	Derivation and validation of lifestyle-based and microbiota-based models for colorectal adenoma risk evaluation and self-prediction.	10.1136/bmjgast-2024-001597	PRJNA88047; PRJNA880470	1	164				Cancer		Gut	Amplicon	China	reviewer_agrees	
MMC2-00597	3	2023	Microbiome	Salivary microbiome changes distinguish response to chemoradiotherapy in patients with oral cancer.	10.1186/s40168-023-01677-w	PRJNA906710	1	185				Cancer		Oral	Amplicon	United States	reviewer_agrees	
MMC2-00602	3	2023	The American journal of clinical nutrition	Variety of Fruit and Vegetables and Alcohol Intake are Associated with Gut Microbial Species and Gene Abundance in Colorectal Cancer Survivors.	10.1016/j.ajcnut.2023.07.011	PRJNA909793	1	28				Cancer		Gut	Both	United States	reviewer_agrees	
MMC2-00627	3	2023	BMC cancer	Percutaneous transhepatic cholangial drainage or antibiotic therapy worsens response to immunotherapy in advanced cholangiocarcinoma.	10.1186/s12885-023-11128-2	PRJNA972988; PRJNA973004	2	36				Cancer		Multiple	Amplicon	China	reviewer_agrees	
MMC2-00665	3	2020	Alimentary pharmacology & therapeutics	Randomised clinical study: oral aspirin 325 mg daily vs placebo alters gut microbial composition and bacterial taxa associated with colorectal cancer risk.	10.1111/apt.16013	PRJNA428226	1	248				Cancer		Gut	Amplicon	United States	reviewer_agrees	
MMC2-00666	3	2018	Cancer epidemiology, biomarkers & prevention : a publication of the American           Association for Cancer Research, cosponsored by the American Society of            Preventive Oncology	Temporal Variability of Oral Microbiota over 10 Months and the Implications for Future Epidemiologic Studies.	10.1158/1055-9965.EPI-17-1004	PRJNA430530	1	375				Cancer		Oral	Shotgun	United States	reviewer_agrees	
MMC2-00679	3	2022	BMC cancer	Broad-spectrum antibiotics associated gut microbiome disturbance impairs T cell immunity and promotes lung cancer metastasis: a retrospective study.	10.1186/s12885-022-10307-x	PRJNA578601	1	52				Cancer		Gut	Amplicon	China	reviewer_agrees	
MMC2-00683	3	2021	Frontiers in cellular and infection microbiology	Gilbert's Syndrome and the Gut Microbiota - Insights From the Case-Control BILIHEALTH Study.	10.3389/fcimb.2021.701109	PRJNA725388	1	90				Cancer		Gut	Amplicon	Austria	reviewer_agrees	
MMC2-00700	3	2024	Aging	Effectiveness of vaginal probiotics	10.18632/aging.206032	PRJNA915656	1	55				Cancer		Vaginal	Amplicon	China	reviewer_agrees	
MMC2-00707	3	2020	NPJ biofilms and microbiomes	Vaginal microbiota and human papillomavirus infection among young Swedish women.	10.1038/s41522-020-00146-8	PRJEB34755	1	257				Infectious		Vaginal	Amplicon	Sweden	reviewer_agrees	
MMC2-01007	3	2012	The ISME journal	Increased rectal microbial richness is associated with the presence of colorectal adenomas in humans.	10.1038/ismej.2012.43		0	0				Cancer		Gut	Amplicon	United States	reviewer_named_tier	
MMC2-01243	3	2022	International journal of radiation oncology, biology, physics	Microbiome Dynamics During Chemoradiation Therapy for Anal Cancer.	10.1016/j.ijrobp.2022.04.037		0	0				Cancer		Multiple	Amplicon		t4_reviewer_accepts_proposal	
MMC2-01253	3	2022	Human cell	Deciphering the influence of urinary microbiota on FoxP3+ regulatory T cell infiltration and prognosis in Chinese patients with non-muscle-invasive bladder cancer.	10.1007/s13577-021-00659-0		0	0				Cancer		Other	Amplicon		t4_reviewer_accepts_proposal	
MMC2-01366	3	2023	Journal of medical microbiology	Gut microbiota associated with the mitigation effect of synbiotics on adverse events of neoadjuvant chemotherapy in patients with esophageal cancer: A retrospective exploratory study.	10.1099/jmm.0.001723	DRA012032	1	153				Cancer		Gut	Amplicon	Japan	reviewer_agrees	
MMC2-01382	3	2025	International journal of surgery (London, England)	Oral microbiota as a biomarker for predicting the risk of malignancy in indeterminate pulmonary nodules: a prospective multicenter study.	10.1097/JS9.0000000000002152	PRJEB62655; PRJNA1114406; PRJNA662100; PRJNA791834; PRJNA873789; PRJNA997108	6	2476	diabetes_status; emp_status; host_disease; host_health_state	disease_key	yes	Cancer		Oral	Amplicon	United States	no_means_disease_absent	
MMC2-01418	3	2022	Anesthesia and analgesia	Predictive and Preventive Potential of Preoperative Gut Microbiota in Chronic Postoperative Pain in Breast Cancer Survivors.	10.1213/ANE.0000000000005713		0	0				Cancer		Gut	Amplicon	China	t4_reviewer_accepts_proposal	
MMC2-01433	3	2020	International journal of cancer	Gastrointestinal toxicity during induction treatment for childhood acute lymphoblastic leukemia: The impact of the gut microbiota.	10.1002/ijc.32942		0	0				Cancer		Multiple	Amplicon	Denmark	t4_reviewer_accepts_proposal	
MMC2-01510	3	2021	Clinical nutrition (Edinburgh, Scotland)	Gut microbiota composition influences outcomes of skeletal muscle nutritional intervention via blended protein supplementation in posttransplant patients with hematological malignancies.	10.1016/j.clnu.2020.04.030		0	0				Cancer		Gut	Amplicon	China	t4_reviewer_accepts_proposal	
MMC2-01555	3	2020	Microbial ecology	Persistent Gut Microbial Dysbiosis in Children with Acute Lymphoblastic Leukemia (ALL) During Chemotherapy.	10.1007/s00248-019-01448-x		0	0				Cancer		Gut	Amplicon	United States	reviewer_named_tier	
MMC2-01558	3	2023	European journal of cancer (Oxford, England : 1990)	Faecal microbiota composition is related to response to CDK4/6-inhibitors in metastatic breast cancer: A prospective cross-sectional exploratory study.	10.1016/j.ejca.2023.112948	PRJNA946762	1	14	host_disease	disease_key		Cancer		Gut	Amplicon	Italy	reviewer_agrees	
MMC2-01574	3	2020	Cancer immunology research	The Gut Microbiome Associates with Immune Checkpoint Inhibition Outcomes in Patients with Advanced Non-Small Cell Lung Cancer.	10.1158/2326-6066.CIR-20-0196		0	0				Cancer		Multiple	Amplicon	Japan	t4_reviewer_accepts_proposal	
MMC2-01593	3	2025	Neurosurgical review	Unveiling gut microbiome divergence in sellar-parasellar masses and brain tumors: A link beyond the skull.	10.1007/s10143-025-03788-4		0	0				Cancer		Gut	Amplicon	Turkey	t4_reviewer_accepts_proposal	
MMC2-01599	3	2019	Nutrition (Burbank, Los Angeles County, Calif.)	Effects of prebiotics on immunologic indicators and intestinal microbiota structure in perioperative colorectal cancer patients.	10.1016/j.nut.2018.10.038	PRJNA427500	1	38				Cancer		Multiple	Amplicon	China	reviewer_agrees	
MMC2-01624	3	2024	Annals of surgical oncology	Probiotic Compounds Enhanced Recovery after Surgery for Patients with Distal Gastric Cancer: A Prospective, Controlled Clinical Trial.	10.1245/s10434-024-15394-7		0	0				Cancer		Multiple	Amplicon	China	reviewer_named_tier	
MMC2-01653	3	2023	Cancer	Analysis of the fecal metagenome in long-term survivors of pancreas cancer.	10.1002/cncr.34748	PRJNA896226	1	24				Cancer		Gut	Shotgun	United States	reviewer_agrees	
MMC2-01878	3	2024	Cancer medicine	Exploring the Clinical Signatures of Cervical Dysplasia Patients and Their Association With Vaginal Microbiota.	10.1002/cam4.70440	PRJNA993994	1	254				Cancer		Vaginal	Amplicon	China	reviewer_agrees	
MMC2-01893	3	2024	PloS one	Cervical microbiota dysbiosis associated with high-risk Human Papillomavirus infection.	10.1371/journal.pone.0302270	PRJNA1069753	1	53	gynecologic_disord	reviewer_note	yes	Cancer		Vaginal	Amplicon	Poland	sam_exception_tier	
MMC2-01921	3	2022	Scientific reports	A cross-sectional analysis about bacterial vaginosis, high-risk human papillomavirus infection, and cervical intraepithelial neoplasia in Chinese women.	10.1038/s41598-022-10532-1		0	0				Cancer		Vaginal	Amplicon		t4_reviewer_accepts_proposal	
MMC2-01954	3	2020	Nature communications	The vaginal microbiota associates with the regression of untreated cervical intraepithelial neoplasia 2 lesions.	10.1038/s41467-020-15856-y	PRJEB31832	1	605				Cancer		Vaginal	Amplicon	United States	reviewer_agrees	
MMC2-01965	3	2018	Scientific reports	Cervical microbiome is altered in cervical intraepithelial neoplasia after loop electrosurgical excision procedure in china.	10.1038/s41598-018-23389-0	PRJNA397378	1	52				Cancer		Vaginal	Amplicon		reviewer_agrees	
MMC2-01972	3	2016	Clinical nutrition (Edinburgh, Scotland)	Combined effect of diet and cervical microbiome on the risk of cervical intraepithelial neoplasia.	10.1016/j.clnu.2016.03.019		0	0				Cancer		Vaginal	Amplicon		t4_reviewer_accepts_proposal	
MMC2-01974	3	2015	Scientific reports	Cervical intraepithelial neoplasia disease progression is associated with increased vaginal microbiome diversity.	10.1038/srep16865	PRJEB7756	1	39				Cancer		Vaginal	Amplicon	United Kingdom	reviewer_agrees	
MMC2-02022	3	2023	Gastroenterology	Human Gut Microbiota and Its Metabolites Impact Immune Responses in COVID-19 and Its Complications.	10.1053/j.gastro.2022.09.024	DRA013706	1	208				Respiratory		Gut	Shotgun	Japan	reviewer_agrees	
MMC2-02036	3	2022	Journal of medical virology	Comparison of the respiratory tract microbiome in hospitalized COVID-19 patients with different disease severity.	10.1002/jmv.28002	PRJNA780081	1	69				Respiratory		Pulmonary	Amplicon	China	reviewer_agrees	
MMC2-02072	3	2021	Diabetes care	Characteristics of the Gut Microbiota and Metabolism in Patients With Latent Autoimmune Diabetes in Adults: A Case-Control Study.	10.2337/dc20-2975	PRJNA646610	1	119	sample_alias	reviewer_note	yes	Metabolic		Gut	Amplicon	China	reviewer_agrees	
MMC2-02073	3	2021	Clinical infectious diseases : an official publication of the Infectious Diseases           Society of America	Compositional Flux Within the Intestinal Microbiota and Risk for Bloodstream Infection With Gram-negative Bacteria.	10.1093/cid/ciaa068	PRJNA548153	1	3384				Infectious		Gut	Amplicon	United States	reviewer_agrees	
MMC2-02087	3	2021	Journal of the Pediatric Infectious Diseases Society	Associations Between Salivary Bacteriome Diversity and Salivary Human Herpesvirus Detection in Early Childhood: A Prospective Cohort Study.	10.1093/jpids/piab044	PRJNA650552	1	516				Healthy	yes	Oral	Amplicon	United States	reviewer_agrees	
MMC2-02124	3	2021	The international journal of neuropsychopharmacology	Effects of Psychotropics on the Microbiome in Patients With Depression and Anxiety: Considerations in a Naturalistic Clinical Setting.	10.1093/ijnp/pyaa070	DRA010810	1	246	host_disease_stat	disease_key		Mental Health		Gut	Amplicon	Japan	reviewer_agrees	
MMC2-02130	3	2021	Journal of dental research	Maternal Oral Health Influences Infant Salivary Microbiome.	10.1177/0022034520947665	PRJNA612517	1	37				Infectious		Oral	Amplicon	United States	reviewer_agrees	
MMC2-02139	3	2020	Infection and immunity	Presence of Gastric Pepsinogen in the Trachea Is Associated with Altered Inflammation and Microbial Composition.	10.1128/IAI.00455-20	PRJEB36454; PRJEB36455	2	178				Gastrointestinal		Multiple	Amplicon	Australia	reviewer_agrees	
MMC2-02151	3	2020	Gut microbes	Alteration in gut microbiota is associated with dysregulation of cytokines and glucocorticoid therapy in systemic lupus erythematosus.	10.1080/19490976.2020.1768644	PRJNA626512	1	57				Autoimmune		Gut	Amplicon	China	reviewer_agrees	
MMC2-02157	3	2020	Proceedings of the National Academy of Sciences of the United States of America	Alterations of the gut ecological and functional microenvironment in different stages of multiple sclerosis.	10.1073/pnas.2011703117	DRA007703; DRA007704	2	236				Neurodegenerative		Gut	Both	Japan	reviewer_agrees	
MMC2-02172	3	2020	American journal of respiratory and critical care medicine	Alterations in Oral Microbiota in HIV Are Related to Decreased Pulmonary Function.	10.1164/rccm.201905-1016OC	PRJNA535518	1	260				Respiratory		Multiple	Amplicon	United States	reviewer_agrees	
MMC2-02173	3	2020	American journal of respiratory and critical care medicine	Lung Microbiota Predict Clinical Outcomes in Critically Ill Patients.	10.1164/rccm.201907-1487OC	PRJNA553560	1	122	VFDandAlive; APACHE_IV_Score; SOFA_total	reviewer_note		Respiratory		Pulmonary	Amplicon		no_means_disease_absent	
MMC2-02179	3	2019	Annals of the American Thoracic Society	Upper Respiratory Dysbiosis with a Facultative-dominated Ecotype in Advanced Lung Disease and Dynamic Change after Lung Transplant.	10.1513/AnnalsATS.201904-299OC	PRJNA518155	1	164	library_name	reviewer_note	yes	Infectious	yes	Oral	Amplicon	United States	reviewer_agrees	
MMC2-02185	3	2019	Gut microbes	The success of fecal microbial transplantation in Clostridium difficile infection correlates with bacteriophage relative abundance in the donor: a retrospective cohort study.	10.1080/19490976.2019.1586037	PRJNA454892	1	83	sample_description; patient	reviewer_note	yes	Infectious		Gut	Shotgun	Canada	no_means_disease_absent	
MMC2-02196	3	2018	The Journal of infectious diseases	Effects of Substance Use and Sex Practices on the Intestinal Microbiome During HIV-1 Infection.	10.1093/infdis/jiy349	PRJNA422134	1	458				Infectious		Gut	Amplicon	United States	reviewer_agrees	
MMC2-02199	3	2019	The Journal of international medical research	Effects of a probiotic drink containing Lactobacillus casei strain Shirota on dental plaque microbiota.	10.1177/0300060519853655	SRR8497113; SRR8497142	2	2				Healthy	yes	Oral	Amplicon	China	t4_reviewer_accepts_proposal	
MMC2-02225	3	2018	Gut microbes	Low dietary fiber intake increases Collinsella abundance in the gut microbiota of overweight and obese pregnant women.	10.1080/19490976.2017.1406584	PRJNA385231	1	129				Metabolic		Gut	Amplicon	Australia	reviewer_agrees	
MMC2-02239	3	2018	JAMA dermatology	Association of Disease Severity With Skin Microbiome and Filaggrin Gene Mutations in Adult Atopic Dermatitis.	10.1001/jamadermatol.2017.5440		0	0				Skin		Multiple	Amplicon		t4_reviewer_accepts_proposal	
MMC2-02242	3	2018	Infection and immunity	Dysbiosis of Inferior Turbinate Microbiota Is Associated with High Total IgE Levels in Patients with Allergic Rhinitis.	10.1128/IAI.00934-17	PRJEB14731	1	2	host disease status	disease_key		Respiratory		Nasal	Amplicon	South Korea	reviewer_agrees	
MMC2-02244	3	2018	The Journal of clinical endocrinology and metabolism	Bolus Weekly Vitamin D3 Supplementation Impacts Gut and Airway Microbiota in Adults With Cystic Fibrosis: A Double-Blind, Randomized, Placebo-Controlled Clinical Trial.	10.1210/jc.2017-01983	PRJEB23120	1	132				Respiratory		Gut	Amplicon	United States	reviewer_agrees	
MMC2-02245	3	2018	American journal of respiratory and critical care medicine	Microbial Lineages in Sarcoidosis. A Metagenomic Analysis Tailored for Low-Microbial Content Samples.	10.1164/rccm.201705-0891OC	PRJNA392272	1	734				Healthy	yes	Pulmonary	Both	United States	reviewer_agrees	
MMC2-02250	3	2017	JAMA dermatology	The Follicular Skin Microbiome in Patients With Hidradenitis Suppurativa and Healthy Controls.	10.1001/jamadermatol.2017.0904	PRJEB15266	1	145				Infectious		Skin	Amplicon	Denmark	reviewer_agrees	
MMC2-02252	3	2017	PloS one	Immune-modulatory genomic properties differentiate gut microbiota of infants with and without eczema.	10.1371/journal.pone.0184955	SRR1763038; SRR1766383; SRR1768458; SRR1773183; SRR1776761; SRR1777715; SRR1779472; SRR1783777; SRR1785909; SRR1789035; SRR1791585; SRR1793359; SRR1793377; SRR1793408; SRR1793410; SRR1793416; SRR1799892; SRR1802723; SRR1818227; SRR1818231; SRR1818235; SRR1818241; SRR1819806; SRR1821190; SRR1822318; SRR1822319; SRR1825362; SRR1825367; SRR2155554	29	29				Skin		Gut	Shotgun	Singapore	t4_reviewer_accepts_proposal	
MMC2-02272	3	2016	American journal of respiratory and critical care medicine	Nasopharyngeal Microbiota, Host Transcriptome, and Disease Severity in Children with Respiratory Syncytial Virus Infection.	10.1164/rccm.201602-0220OC	GSE77087; PRJNA309968	1	132				Respiratory		Nasal	Amplicon	Netherlands	reviewer_agrees	
MMC2-02286	3	2016	Scientific reports	Tongue Coating and the Salivary Microbial Communities Vary in Children with Halitosis.	10.1038/srep24481	SRX831098; SRX831194	2	2				Oral		Oral	Amplicon	United States	reviewer_named_tier	
MMC2-02289	3	2016	American journal of physiology. Gastrointestinal and liver physiology	Molecular characterization of the intestinal microbiota in patients with and without abdominal bloating.	10.1152/ajpgi.00044.2015	PRJNA302437	1	2				Gastrointestinal		Gut	Amplicon	United States	reviewer_agrees	
MMC2-02310	3	2014	Journal of clinical microbiology	Severity-related changes of bronchial microbiome in chronic obstructive pulmonary disease.	10.1128/JCM.01967-14	PRJEB4144	1	31				Respiratory		Pulmonary	Amplicon	Spain	reviewer_agrees	
MMC2-02332	3	2012	Journal of pediatric gastroenterology and nutrition	Microbiota separation and C-reactive protein elevation in treatment-naïve pediatric granulomatous Crohn disease.	10.1097/MPG.0b013e3182617c16	SRA048320	1	2				Respiratory		Gut	Amplicon	United States	reviewer_agrees	
MMC2-02338	3	2013	American journal of respiratory and critical care medicine	Lung microbiota and bacterial abundance in patients with bronchiectasis when clinically stable and during exacerbation.	10.1164/rccm.201210-1937OC	PRJEB1219	1	29				Respiratory		Pulmonary	Amplicon	United Kingdom	reviewer_agrees	
MMC2-02339	3	2012	Archives of disease in childhood. Fetal and neonatal edition	Gut microbial colonisation in premature neonates predicts neonatal sepsis.	10.1136/fetalneonatal-2011-301373	SRA043957	1	39				Infectious		Gut	Amplicon	United States	reviewer_agrees	
MMC2-02349	3	2013	PloS one	Inflammation and airway microbiota during cystic fibrosis pulmonary exacerbations.	10.1371/journal.pone.0062917	SRA052781	1	37				Respiratory		Pulmonary	Amplicon	United States	reviewer_agrees	
MMC2-02399	3	2025	Journal of Zhejiang University. Science. B	Pediatric inflammatory bowel disease in mother‒child pairs: clinical risk factors and gut microbiota characteristics.	10.1631/jzus.B2400330	PRJNA1125871	1	65				Gastrointestinal		Gut	Amplicon	China	reviewer_agrees	
MMC2-02416	3	2025	Med (New York, N.Y.)	Donor composition and fiber promote strain engraftment in a randomized controlled trial of fecal microbiota transplant for ulcerative colitis.	10.1016/j.medj.2025.100707	PRJNA1169096	1	127				Gastrointestinal		Gut	Shotgun	United States	reviewer_agrees	
MMC2-02487	3	2024	American journal of physiology. Gastrointestinal and liver physiology	Mapping the geographical distribution of the mucosa-associated gut microbiome in GI-symptomatic children with autism spectrum disorder.	10.1152/ajpgi.00101.2024	PRJNA1088255	1	90	host_disease	disease_key		Mental Health		Gut	Amplicon	United States	reviewer_agrees	
MMC2-02528	3	2024	American journal of respiratory and critical care medicine	Longitudinal Lower Airway Microbial Signatures of Acute Cellular Rejection in Lung Transplantation.	10.1164/rccm.202309-1551OC	PRJNA1003499	1	756				Immune Complications		Pulmonary	Amplicon	United States	reviewer_agrees	
MMC2-02566	3	2023	Clinical and experimental dental research	Changes in oral microflora following 0.3% cetylpyridinium chloride-containing mouth spray intervention in adult volunteers after professional oral care: Randomized clinical study.	10.1002/cre2.810	DRR385398; DRR385749	2	2				Healthy	yes	Oral	Amplicon	Japan	t4_reviewer_accepts_proposal	
MMC2-02569	3	2024	JDR clinical and translational research	Plaque Microbiome in Caries-Active and Caries-Free Teeth by Dentition.	10.1177/23800844221121260	PRJNA811423	1	750				Oral		Oral	Amplicon	United States	reviewer_agrees	
MMC2-02616	3	2023	The Journal of nutrition	Dietary Intake of Monosaccharides from Foods is Associated with Characteristics of the Gut Microbiota and Gastrointestinal Inflammation in Healthy US Adults.	10.1016/j.tjnut.2022.12.008	PRJNA795985	1	290				Healthy	yes	Gut	Shotgun	United States	reviewer_agrees	
MMC2-02637	3	2012	PloS one	Upper airways microbiota in antibiotic-naïve wheezing and healthy infants from the tropics of rural Ecuador.	10.1371/journal.pone.0046803	PRJEB3117	1	50				Respiratory		Oral	Amplicon	Gaz	reviewer_agrees	
MMC2-02671	3	2016	Genome medicine	Roux-en-Y gastric bypass surgery of morbidly obese patients induces swift and persistent changes of the individual gut microbiota.	10.1186/s13073-016-0312-1	PRJEB12947	1	33				Respiratory		Gut	Shotgun	Denmark	reviewer_agrees	
MMC2-02672	3	2020	Nutrients	Consumption of Stilbenes and Flavonoids is Linked to Reduced Risk of Obesity Independently of Fiber Intake.	10.3390/nu12061871	PRJEB13747	1	3288				Metabolic		Gut	Shotgun	United Kingdom	reviewer_agrees	
MMC2-02686	3	2017	Nature communications	The gut microbiome in atherosclerotic cardiovascular disease.	10.1038/s41467-017-00900-1	PRJEB21528	1	385				Metabolic		Gut	Shotgun	China	reviewer_agrees	
MMC2-02708	3	2025	Nature communications	Gut Prevotella stercorea associates with protection against infection in rural African children.	10.1038/s41467-025-66011-4	PRJEB28671	1	1616				Gastrointestinal		Gut	Shotgun	United Kingdom	no_means_disease_absent	
MMC2-02716	3	2021	PloS one	Gut microbiota alterations in response to sleep length among African-origin adults.	10.1371/journal.pone.0255323	PRJEB32880	1	655				Metabolic		Gut	Amplicon	Ghana	reviewer_agrees	
MMC2-02719	3	2019	Genome biology	Gut microbiome composition in the Hispanic Community Health Study/Study of Latinos is shaped by geographic relocation, environmental factors, and obesity.	10.1186/s13059-019-1831-z	PRJEB34394	1	1924	placeofbirth_group	disease_key		Metabolic		Gut	Amplicon	United States	no_means_disease_absent	
MMC2-02740	3	2024	Frontiers in endocrinology	Children with idiopathic short stature have significantly different gut microbiota than their normal height siblings: a case-control study.	10.3389/fendo.2024.1343337	PRJEB72222	1	60				Metabolic		Gut	Amplicon	Israel	no_means_disease_absent	FLAG_ambiguous
MMC2-02763	3	2024	Nutrients	Effects of Heat-Treated Lactobacillus helveticus CP790-Fermented Milk on Gastrointestinal Health in Healthy Adults: A Randomized Double-Blind Placebo-Controlled Trial.	10.3390/nu16142191	PRJDB18202	1	234				Gastrointestinal		Gut	Amplicon	Japan	reviewer_agrees	
MMC2-02769	3	2025	PloS one	Lower Firmicutes abundance in gut microbiota associated with amyloid-β positivity in older adults in Japan as assessed by positron emission tomography.	10.1371/journal.pone.0332801	DRA022037; PRJDB37280	2	272				Neurodegenerative		Gut	Amplicon	Japan	reviewer_agrees	
MMC2-02782	3	2025	PloS one	Targeted virome deep sequencing reveals frequent herpesvirus detection in intestinal biopsies of inflammatory bowel disease patients.	10.1371/journal.pone.0337322	PRJEB101152	1	62	host_health_state	reviewer_note		Gastrointestinal		Gut	Shotgun	Spain	reviewer_agrees	
MMC2-02797	3	2017	BMC microbiology	The respiratory microbiome in bronchial mucosa and secretions from severe IgE-mediated asthma patients.	10.1186/s12866-017-0933-6	PRJEB12006	1	24	sample_title; sample_description	reviewer_note	yes	Respiratory		Pulmonary	Amplicon	Spain	constant_label_not_per_sample	sam_rule_B
MMC2-02798	3	2024	Nature medicine	Noninvasive, microbiome-based diagnosis of inflammatory bowel disease.	10.1038/s41591-024-03280-4	PRJNA1086048	1	1154				Gastrointestinal		Gut	Shotgun	China	no_means_disease_absent	
MMC2-02807	3	2016	Microbiome	Reduced diversity and altered composition of the gut microbiome in individuals with myalgic encephalomyelitis/chronic fatigue syndrome.	10.1186/s40168-016-0171-4	PRJEB13092	1	88				Neurological		Gut	Amplicon	United States	reviewer_agrees	
MMC2-02819	3	2022	Nutrients	The Association between Gut Microbiome and Pregnancy-Induced Hypertension: A Nested Case-Control Study.	10.3390/nu14214582	PRJEB13870; PRJEB55996	1	196				Infectious		Gut	Shotgun	China	reviewer_agrees	
MMC2-02824	3	2025	Microbiome	Interplay between the gut microbiome and typhoid fever: insights from endemic countries and a controlled human infection model.	10.1186/s40168-025-02125-7	PRJEB14050; PRJEB22175	2	2632	host_status	disease_key		Respiratory		Gut	Shotgun	Nepal	no_means_disease_absent	
MMC2-02825	3	2018	PloS one	Comparison of the upper and lower airway microbiota in children with chronic lung diseases.	10.1371/journal.pone.0201156	PRJEB14074	1	192				Respiratory		Pulmonary	Amplicon	United Kingdom	reviewer_agrees	
MMC2-02826	3	2020	Scientific reports	Exclusive enteral nutrition mediates gut microbial and metabolic changes that are associated with remission in children with Crohn's disease.	10.1038/s41598-020-75306-z	PRJEB14084	1	114				Gastrointestinal		Gut	Shotgun	United Kingdom	no_means_disease_absent	
MMC2-02828	3	2017	PloS one	Longitudinal assessment of sputum microbiome by sequencing of the 16S rRNA gene in non-cystic fibrosis bronchiectasis patients.	10.1371/journal.pone.0170622	PRJEB14304	1	381	lung/pulmonary disorder	disease_key		Respiratory		Pulmonary	Amplicon	United Kingdom	constant_label_not_per_sample	sam_rule_B
MMC2-02829	3	2016	BMC genomics	Is genotyping of single isolates sufficient for population structure analysis of Pseudomonas aeruginosa in cystic fibrosis airways?	10.1186/s12864-016-2873-1	PRJEB14440	1	5				Respiratory		Pulmonary	Shotgun	Denmark	reviewer_agrees	
MMC2-02831	3	2016	Nutrients	Effect of Bifidobacterium breve on the Intestinal Microbiota of Coeliac Children on a Gluten Free Diet: A Pilot Study.	10.3390/nu8100660	PRJEB14943	1	96				Gastrointestinal		Gut	Amplicon	Slovenia	reviewer_agrees	
MMC2-02833	3	2016	Applied and environmental microbiology	Distinguishing the Signals of Gingivitis and Periodontitis in Supragingival Plaque: a Cross-Sectional Cohort Study in Malawi.	10.1128/AEM.01756-16	PRJEB15035	1	30				Oral		Oral	Amplicon	United Kingdom	reviewer_agrees	
MMC2-02835	3	2017	GigaScience	Two distinct metacommunities characterize the gut microbiota in Crohn's disease patients.	10.1093/gigascience/gix050	PRJEB15371	1	122				Gastrointestinal		Gut	Shotgun	China	no_means_disease_absent	
MMC2-02838	3	2018	PloS one	Human pharyngeal microbiota in age-related macular degeneration.	10.1371/journal.pone.0201768	PRJEB15613	1	700				Infectious		Nasal	Amplicon	Singapore	reviewer_agrees	
MMC2-02840	3	2018	BMJ open	Metagenomic analysis of gut microbial communities from a Central Asian population.	10.1136/bmjopen-2018-021682	PRJEB17632	1	283				Healthy	yes	Gut	Shotgun	Kazakhstan	reviewer_agrees	
MMC2-02845	3	2020	BMC medicine	Dietary fruit and vegetable intake, gut microbiota, and type 2 diabetes: results from two large human cohort studies.	10.1186/s12916-020-01842-0	CNP0000829; PRJEB18535	1	18				Metabolic		Gut	Amplicon	China	reviewer_agrees	
MMC2-02850	3	2024	Gut microbes	Collinsella aerofaciens as a predictive marker of response to probiotic treatment in non-constipated irritable bowel syndrome.	10.1080/19490976.2023.2298246	PRJEB18753; PRJEB56302	2	211				Gastrointestinal		Gut	Amplicon	Italy	reviewer_agrees	
MMC2-02853	3	2017	Frontiers in cellular and infection microbiology	Enterotype May Drive the Dietary-Associated Cardiometabolic Risk Factors.	10.3389/fcimb.2017.00047	PRJEB19103	1	268				Healthy	yes	Gut	Amplicon	Brazil	reviewer_agrees	
MMC2-02869	3	2017	Scientific reports	A pilot study demonstrating the altered gut microbiota functionality in stable adults with Cystic Fibrosis.	10.1038/s41598-017-06880-y	PRJEB21353	1	12				Respiratory		Gut	Shotgun	Ireland	reviewer_agrees	
MMC2-02871	3	2018	Inflammatory bowel diseases	The Impact of NOD2 Variants on Fecal Microbiota in Crohn's Disease and Controls Without Gastrointestinal Disease.	10.1093/ibd/izx061	PRJEB21593	1	214				Gastrointestinal		Gut	Amplicon	United Kingdom	reviewer_agrees	
MMC2-02872	3	2021	Journal of Crohn's & colitis	The Impact of NOD2 Genetic Variants on the Gut Mycobiota in Crohn's Disease Patients in Remission and in Individuals Without Gastrointestinal Inflammation.	10.1093/ecco-jcc/jjaa220	PRJEB21593; PRJNA607176	2	295	host_phenotype	disease_key		Gastrointestinal		Gut	Amplicon	United Kingdom	no_means_disease_absent	
MMC2-02882	3	2019	Gut	Major microbiota dysbiosis in severe obesity: fate after bariatric surgery.	10.1136/gutjnl-2018-316103	PRJEB23292	1	271				Metabolic		Gut	Shotgun	France	reviewer_agrees	
MMC2-02893	3	2018	PloS one	Association of metformin administration with gut microbiome dysbiosis in healthy volunteers.	10.1371/journal.pone.0204317	PRJEB24497	1	53				Healthy	yes	Gut	Amplicon	Latvia	reviewer_agrees	
MMC2-02898	3	2022	Microbial genomics	Changes to the upper gastrointestinal microbiotas of children with reflux oesophagitis and oesophageal metaplasia.	10.1099/mgen.0.000870	PRJEB25422; PRJEB48716	2	535				Gastrointestinal		Multiple	Both	Australia	reviewer_agrees	
MMC2-02905	3	2018	PloS one	Pregestational overweight and obesity are associated with differences in gut microbiota composition and systemic inflammation in the third trimester.	10.1371/journal.pone.0200305	PRJEB25784	1	108				Metabolic		Gut	Amplicon	Finland	reviewer_agrees	
MMC2-02906	3	2018	Frontiers in cellular and infection microbiology	Intestinal Inflammation in Chilean Infants Fed With Bovine Formula vs. Breast Milk and Its Association With Their Gut Microbiota.	10.3389/fcimb.2018.00190	PRJEB25846	1	33				Healthy	yes	Gut	Amplicon	Chile	reviewer_agrees	
MMC2-02911	3	2024	Nature communications	The phageome of patients with ulcerative colitis treated with donor fecal microbiota reveals markers associated with disease remission.	10.1038/s41467-024-53454-4	PRJEB26357; PRJEB50699; PRJEB58035; PRJEB76864	3	536				Gastrointestinal		Gut	Shotgun	Australia	reviewer_agrees	
MMC2-02914	3	2019	Scientific reports	Longitudinal development of the airway microbiota in infants with cystic fibrosis.	10.1038/s41598-019-41597-0	PRJEB26618	1	606				Respiratory		Pulmonary	Amplicon	United Kingdom	reviewer_agrees	
MMC2-02917	3	2019	BMC pulmonary medicine	Relationship between the respiratory microbiome and the severity of airflow limitation, history of exacerbations and circulating eosinophils in COPD patients.	10.1186/s12890-019-0867-x	PRJEB26773	1	95	disorder	reviewer_note		Respiratory		Pulmonary	Amplicon	Spain	constant_label_not_per_sample	sam_rule_B
MMC2-02944	3	2018	PloS one	HPV infection and bacterial microbiota in breast milk and infant oral mucosa.	10.1371/journal.pone.0207016	PRJEB28469	1	140				Infectious		Multiple	Amplicon	Finland	reviewer_agrees	
MMC2-02948	3	2019	Surgery for obesity and related diseases : official journal of the American           Society for Bariatric Surgery	Longitudinal changes of microbiome composition and microbial metabolomics after surgical weight loss in individuals with obesity.	10.1016/j.soard.2019.05.038	PRJEB28869	1	113				Metabolic		Gut	Amplicon	United States	reviewer_agrees	
MMC2-02959	3	2019	Frontiers in cellular and infection microbiology	Higher Risk of Stroke Is Correlated With Increased Opportunistic Pathogen Load and Reduced Levels of Butyrate-Producing Bacteria in the Gut.	10.3389/fcimb.2019.00004	PRJEB29939	1	141				Cardiovascular		Gut	Amplicon	China	reviewer_agrees	
MMC2-02968	3	2025	BMC pregnancy and childbirth	Gut microbiota changes in patients with hypertensive disorders and gestational diabetes in early pregnancy: a prospective cohort study.	10.1186/s12884-025-07903-7	PRJEB31743	1	1474				Metabolic		Gut	Amplicon	China	reviewer_agrees	
MMC2-02973	3	2021	mBio	Strain-Resolved Dynamics of the Lung Microbiome in Patients with Cystic Fibrosis.	10.1128/mBio.02863-20	PRJEB32062	1	27	lung/pulmonary disorder	disease_key		Respiratory		Pulmonary	Shotgun	Switzerland	reviewer_agrees	
MMC2-02976	3	2020	Scientific reports	Gut metagenomic and short chain fatty acids signature in hypertension: a cross-sectional study.	10.1038/s41598-020-63475-w	PRJEB32411	1	120				Cardiovascular		Gut	Both	Spain	reviewer_agrees	
MMC2-02990	3	2020	Inflammatory bowel diseases	Bacterial Taxa and Functions Are Predictive of Sustained Remission Following Exclusive Enteral Nutrition in Pediatric Crohn's Disease.	10.1093/ibd/izaa001	PRJEB33603	1	139	gastrointestinal tract disorder	disease_key		Gastrointestinal		Gut	Shotgun	Canada	reviewer_agrees	
MMC2-02993	3	2020	mBio	Persistent Legionnaires' Disease and Associated Antibiotic Treatment Engender a Highly Disturbed Pulmonary Microbiome Enriched in Opportunistic Microorganisms.	10.1128/mBio.00889-20	PRJEB33790	1	44				Respiratory		Pulmonary	Amplicon	France	reviewer_agrees	
MMC2-02995	3	2020	Gut	Gut microbiota of obese subjects with Prader-Willi syndrome is linked to metabolic health.	10.1136/gutjnl-2019-319322	PRJEB33908	1	58				Metabolic		Gut	Amplicon	France	reviewer_agrees	
MMC2-03003	3	2020	Frontiers in immunology	Low IgA Associated With Oropharyngeal Microbiota Changes and Lung Disease in Primary Antibody Deficiency.	10.3389/fimmu.2020.01245	PRJEB34684	1	168				Infectious		Multiple	Amplicon	Netherlands	reviewer_agrees	
MMC2-03016	3	2023	Pediatric research	The breast milk and childhood gastrointestinal microbiotas and disease outcomes: a longitudinal study.	10.1038/s41390-022-02328-w	PRJEB35824	1	749				Respiratory		Oral	Amplicon	Sweden	reviewer_agrees	
MMC2-03018	3	2022	Microbiome	Evaluating the ecological hypothesis: early life salivary microbiome assembly predicts dental caries in a longitudinal case-control study.	10.1186/s40168-022-01442-5	PRJEB35824; PRJNA752888	2	1696				Respiratory		Oral	Both	United States	no_means_disease_absent	
MMC2-03021	3	2020	Gut microbes	Effects of fecal microbiota transplantation in subjects with irritable bowel syndrome are mirrored by changes in gut microbiome.	10.1080/19490976.2020.1794263	PRJEB36140	1	93				Gastrointestinal		Gut	Shotgun	Norway	reviewer_agrees	
MMC2-03041	3	2020	Nutrients	Hospital Regimens Including Probiotics Guide the Individual Development of the Gut Microbiome of Very Low Birth Weight Infants in the First Two Weeks of Life.	10.3390/nu12051256	PRJEB37883	1	379				Gastrointestinal		Gut	Shotgun	Austria	reviewer_agrees	
MMC2-03046	3	2021	PloS one	Investigation of the impact of commonly used medications on the oral microbiome of individuals living without major chronic conditions.	10.1371/journal.pone.0261032	PRJEB38175	1	1214				Healthy	yes	Oral	Amplicon	Canada	reviewer_agrees	
MMC2-03060	3	2023	BMC oral health	Type 1 diabetes, periodontal health, and a familial history of hyperlipidaemia is associated with oral microbiota in children: a cross-sectional study.	10.1186/s12903-022-02625-0	PRJEB39172	1	186				Metabolic		Oral	Amplicon	Australia	reviewer_agrees	
MMC2-03076	3	2020	BMC microbiology	Gut microbiome profiling of a rural and urban South African cohort reveals biomarkers of a population in lifestyle transition.	10.1186/s12866-020-02017-w	PRJEB40733	1	170				Healthy	yes	Gut	Amplicon	South Africa	reviewer_agrees	
MMC2-03087	3	2021	Microbial genomics	Differential nasopharyngeal microbiota composition in children according to respiratory health status.	10.1099/mgen.0.000661	PRJEB41741	1	137				Respiratory		Nasal	Amplicon	Spain	reviewer_named_tier	
MMC2-03091	3	2021	Nutrients	Gut Microbiota and Mycobiota Evolution Is Linked to Memory Improvement after Bariatric Surgery in Obese Patients: A Pilot Study.	10.3390/nu13114061	PRJEB42057	1	52				Metabolic		Gut	Shotgun	France	reviewer_agrees	
MMC2-03094	3	2022	Clinical infectious diseases : an official publication of the Infectious Diseases           Society of America	Bacterial and Viral Respiratory Tract Microbiota and Host Characteristics in Adults With Lower Respiratory Tract Infections: A Case-Control Study.	10.1093/cid/ciab568	PRJEB42265; PRJNA431639	2	986				Respiratory		Multiple	Both	United States	reviewer_named_tier	
MMC2-03109	3	2021	Journal of immunology (Baltimore, Md. : 1950)	Altered IgA Response to Gut Bacteria Is Associated with Childhood Asthma in Peru.	10.4049/jimmunol.2001296	PRJEB44044	1	576				Respiratory		Gut	Amplicon	United States	reviewer_agrees	
MMC2-03116	3	2022	Scientific reports	B-cell-depletion reverses dysbiosis of the microbiome in multiple sclerosis patients.	10.1038/s41598-022-07336-8	PRJEB44538	1	194				Infectious		Oral	Amplicon	Germany	reviewer_agrees	
MMC2-03126	3	2022	EBioMedicine	Evidence of immunometabolic dysregulation and airway dysbiosis in athletes susceptible to respiratory illness.	10.1016/j.ebiom.2022.104024	PRJEB45648	1	188				Respiratory		Pulmonary	Amplicon	United Kingdom	reviewer_agrees	
MMC2-03128	3	2021	PloS one	Exploring the nasopharyngeal microbiota composition in infants with whooping cough: A test-negative case-control study.	10.1371/journal.pone.0259318	PRJEB45720	1	48				Respiratory		Nasal	Amplicon	Spain	reviewer_agrees	
MMC2-03132	3	2021	Frontiers in immunology	Fecal Bacteria Implicated in Biofilm Production Are Enriched and Associate to Gastrointestinal Symptoms in Patients With APECED - A Pilot Study.	10.3389/fimmu.2021.668219	PRJEB46143	1	30				Gastrointestinal		Gut	Amplicon	Finland	reviewer_agrees	
MMC2-03152	3	2022	Gut	Gut microbiota composition is associated with SARS-CoV-2 vaccine immunogenicity and adverse events.	10.1136/gutjnl-2021-326563	PRJEB48269	1	272				Respiratory		Gut	Shotgun	China	reviewer_agrees	
MMC2-03154	3	2022	Journal of translational medicine	Analysis of correlations between gut microbiota, stool short chain fatty acids, calprotectin and cardiometabolic risk factors in postmenopausal women with obesity: a cross-sectional study.	10.1186/s12967-022-03801-0	PRJEB48670	1	114	unclear	reviewer_note		Metabolic		Gut	Amplicon	Poland	reviewer_agrees	
MMC2-03174	3	2022	Frontiers in cellular and infection microbiology	Associations of Blautia Genus With Early-Life Events and Later Phenotype in the NutriHS.	10.3389/fcimb.2022.838750	PRJEB49536	1	114				Healthy	yes	Gut	Amplicon	Brazil	reviewer_agrees	
MMC2-03180	3	2024	Scientific reports	Familial clustering of dysbiotic oral and fecal microbiomes in juvenile dermatomyositis.	10.1038/s41598-024-60225-0	PRJEB50544; PRJEB75379; PRJEB75444; PRJEB75445; PRJEB75446	5	253				Healthy	yes	Oral	Amplicon	United States	reviewer_agrees	
MMC2-03181	3	2025	mSystems	Bacterial taxonomic and functional changes following oral lyophilized donor fecal microbiota transplantation in patients with ulcerative colitis.	10.1128/msystems.00991-25	PRJEB50699; PRJEB58035	2	252				Gastrointestinal		Gut	Shotgun	Australia	reviewer_agrees	
MMC2-03190	3	2023	Chest	OSA Is Associated With the Human Gut Microbiota Composition and Functional Potential in the Population-Based Swedish CardioPulmonary bioImage Study.	10.1016/j.chest.2023.03.010	PRJEB51353	1	9819				Respiratory		Gut	Shotgun	Sweden	reviewer_agrees	
MMC2-03193	3	2022	Journal of translational medicine	Oral ecological environment modifications by hard-cheese: from pH to microbiome: a prospective cohort study based on 16S rRNA metabarcoding approach.	10.1186/s12967-022-03506-4	PRJEB51725	1	28				Healthy	yes	Oral	Shotgun	Italy	reviewer_agrees	
MMC2-03202	3	2024	Journal of translational medicine	Distinct characteristics of the gut virome in patients with osteoarthritis and gouty arthritis.	10.1186/s12967-024-05374-6	PRJEB52499; PRJEB58696	2	36				Healthy	yes	Gut	Shotgun	China	reviewer_agrees	
MMC2-03206	3	2025	Gut microbes	Why do babies cry? Exploring the role of the gut microbiota in infantile colic, constipation, and cramps in the KOALA birth cohort study.	10.1080/19490976.2025.2485326	PRJEB52836	1	1118				Gastrointestinal		Gut	Amplicon	Netherlands	reviewer_agrees	
MMC2-03219	3	2022	Frontiers in cellular and infection microbiology	Role and Clinical Application of Metagenomic Next-Generation Sequencing in Immunocompromised Patients With Acute Respiratory Failure During Veno-Venous Extracorporeal Membrane Oxygenation.	10.3389/fcimb.2022.877205	CNP0002988; PRJEB55072	1	49				Respiratory		Pulmonary	Shotgun	China	reviewer_agrees	
MMC2-03235	3	2025	Respiratory research	Sputum quality affects assessment of airway microbiology in childhood asthma.	10.1186/s12931-025-03266-x	PRJEB57744	1	241				Respiratory		Multiple	Amplicon	New Zealand	reviewer_agrees	
MMC2-03240	3	2023	Nature communications	The airway microbiota of neonates colonized with asthma-associated pathogenic bacteria.	10.1038/s41467-023-42309-z	PRJEB58215	1	306				Respiratory		Pulmonary	Amplicon	Denmark	reviewer_named_tier	
MMC2-03241	3	2023	Scientific reports	A prospective study on linking diarrheagenic E. coli with stunted childhood growth in relation to gut microbiome.	10.1038/s41598-023-32491-x	PRJEB58411	1	39				Gastrointestinal		Gut	Shotgun	United Kingdom	reviewer_agrees	
MMC2-03260	3	2023	BMC microbiology	Increased bacterial taxonomic and functional diversity is associated with impaired rotavirus vaccine immunogenicity in infants from India and Malawi.	10.1186/s12866-023-03098-z	PRJEB62041	1	344	sample group	disease_key		Gastrointestinal		Gut	Shotgun	India	reviewer_agrees	
MMC2-03271	3	2019	EBioMedicine	Temporal association of the development of oropharyngeal microbiota with early life wheeze in a population-based birth cohort.	10.1016/j.ebiom.2019.07.034	PRJEB6349	1	1229				Respiratory		Gut	Amplicon	United Kingdom	reviewer_named_tier	
MMC2-03278	3	2024	Nature communications	Deep longitudinal lower respiratory tract microbiome profiling reveals genome-resolved functional and evolutionary dynamics in critical illness.	10.1038/s41467-024-52713-8	PRJEB64676	1	462				Respiratory		Pulmonary	Shotgun	China	reviewer_agrees	
MMC2-03284	3	2023	Frontiers in cellular and infection microbiology	Longitudinal dynamics of gut bacteriome and mycobiome interactions pre- and post-visceral surgery in Crohn's disease.	10.3389/fcimb.2023.1275405	PRJEB65608	1	33				Gastrointestinal		Gut	Amplicon	Germany	reviewer_agrees	
MMC2-03285	3	2025	mSystems	Microbiome gut community structure and functionality are associated with symptom severity in non-responsive celiac disease patients undergoing a gluten-free diet.	10.1128/msystems.00143-25	PRJEB65879; PRJNA904924	2	171				Gastrointestinal		Gut	Both	Italy	reviewer_agrees	
MMC2-03289	3	2018	Gastroenterology	DNA Methylation and Transcription Patterns in Intestinal Epithelial Cells From Pediatric Patients With Inflammatory Bowel Diseases Differentiate Disease Subtypes and Associate With Outcome.	10.1053/j.gastro.2017.10.007	E-MTAB-5463; E-MTAB-5464; PRJEB6663	1	224				Gastrointestinal		Gut	Shotgun	United Kingdom	reviewer_named_tier	
MMC2-03304	3	2024	International journal of molecular sciences	Gut Microbiome Composition and Dynamics in Hospitalized COVID-19 Patients and Patients with Post-Acute COVID-19 Syndrome.	10.3390/ijms25010567	PRJEB70508	1	419				Respiratory		Gut	Shotgun	Latvia	reviewer_agrees	
MMC2-03305	3	2024	Microbiology spectrum	Early-life gut microbiota associates with allergic rhinitis during 13-year follow-up in a Finnish probiotic intervention cohort.	10.1128/spectrum.04135-23	PRJEB70729	1	383				Respiratory		Gut	Amplicon	Finland	reviewer_agrees	
MMC2-03309	3	2024	Microbiology spectrum	Gut and respiratory tract microbiota in children younger than 12 months hospitalized for bronchiolitis compared with healthy children: can we predict the severity and medium-term respiratory outcome?	10.1128/spectrum.02556-23	PRJEB71847	1	147				Respiratory		Multiple	Shotgun	Spain	reviewer_agrees	
MMC2-03320	3	2024	mSphere	A shared group of bacterial taxa in the duodenal microbiota of undernourished Pakistani children with environmental enteric dysfunction.	10.1128/msphere.00196-24	PRJEB75181	1	43				Metabolic		Gut	Amplicon	Bangladesh	reviewer_agrees	
MMC2-03341	3	2025	Gut microbes	2'-Fucosyllactose supplementation results in a transient improvement in gut microbial resilience after vancomycin use in adults with overweight or obesity: a randomized, double-blind, placebo-controll	10.1080/19490976.2025.2580693	PRJEB80391	1	229				Metabolic		Gut	Amplicon	Netherlands	reviewer_agrees	
MMC2-03343	3	2015	PloS one	High individuality of respiratory bacterial communities in a large cohort of adult cystic fibrosis patients under continuous antibiotic treatment.	10.1371/journal.pone.0117436	PRJEB8060	1	77	lung/pulmonary disorder	disease_key		Respiratory		Pulmonary	Amplicon	Germany	reviewer_agrees	
MMC2-03347	3	2025	Gut	Toxic microbiome and progression of chronic kidney disease: insights from a longitudinal CKD-Microbiome Study.	10.1136/gutjnl-2024-334634	PRJEB81434	1	343				Renal		Gut	Shotgun	France	reviewer_agrees	
MMC2-03350	3	2025	Gut microbes	Distinct clusters of bacterial and fungal microbiota in end-stage liver cirrhosis correlate with antibiotic treatment, intestinal barrier impairment, and systemic inflammation.	10.1080/19490976.2025.2487209	PRJEB81819	1	95				Liver		Gut	Shotgun	Germany	reviewer_agrees	
MMC2-03357	3	2025	PloS one	Gut microbiome signatures in iNPH: Insights from a shotgun metagenomics study.	10.1371/journal.pone.0330251	PRJEB83971	1	168				Neurodegenerative		Gut	Shotgun	Switzerland	reviewer_agrees	
MMC2-03368	3	2025	Gut microbes	Deciphering the microbiome-metabolome landscape of an inflammatory bowel disease inception cohort.	10.1080/19490976.2025.2527863	PRJEB86986	1	77				Gastrointestinal		Gut	Amplicon	United Kingdom	reviewer_agrees	
MMC2-03371	3	2025	Scientific reports	Multi-omics analysis of bariatric surgery's impact on type 2 diabetes and prediabetes.	10.1038/s41598-025-14577-w	PRJEB88699	1	57	sample_description	reviewer_note	yes	Metabolic		Gut	Both	United Arab Emirates	reviewer_agrees	
MMC2-03382	3	2024	EBioMedicine	Exploratory multi-omics analysis reveals host-microbe interactions associated with disease severity in psoriatic skin.	10.1016/j.ebiom.2024.105222	E-MTAB-8149; PRJNA1000281	1	319				Infectious		Skin	Shotgun	United Kingdom	reviewer_agrees	
MMC2-03386	3	2025	Frontiers in immunology	Metabolic and immune consequences of antibiotic related microbiome alterations during first-line tuberculosis treatment in Bamako, Mali.	10.3389/fimmu.2025.1561459	PRJNA1002577	1	100				Respiratory		Gut	Shotgun	Mali	reviewer_agrees	
MMC2-03409	3	2023	BMC microbiology	Multi-omics analyses of gut microbiota via 16S rRNA gene sequencing, LC-MS/MS and diffusion tension imaging reveal aberrant microbiota-gut-brain axis in very low or extremely low birth weight infants 	10.1186/s12866-023-03103-5	PRJNA1013131	1	152				Reproductive		Gut	Amplicon	China	reviewer_agrees	
MMC2-03410	3	2024	Gut microbes	The impact of gestational diabetes on functional capacity of the infant gut microbiome is modest and transient.	10.1080/19490976.2024.2356277	PRJNA1013505	1	87				Metabolic		Gut	Both	Canada	reviewer_agrees	
MMC2-03417	3	2023	Nutrients	Effects of Synbiotic Supplementation on Metabolic Syndrome Traits and Gut Microbial Profile among Overweight and Obese Hong Kong Chinese Individuals: A Randomized Trial.	10.3390/nu15194248	PRJNA1015382	1	110				Metabolic		Gut	Amplicon	China	reviewer_agrees	
MMC2-03420	3	2024	Journal of epidemiology and global health	Exploration of the Changes in Facial Microbiota of Maskne Patients and Healthy Controls Before and After Wearing Masks Using 16 S rRNA Analysis.	10.1007/s44197-024-00240-6	PRJNA1017432	1	50				Skin		Skin	Amplicon	China	no_without_note	FLAG_empty_note
MMC2-03431	3	2025	The Journal of infectious diseases	Longitudinal Analysis of Nasopharyngeal Microbial Risk Markers for Fatal Acute Febrile Illness in a Zambian Birth Cohort.	10.1093/infdis/jiaf292	PRJNA1021270	1	99				Infectious		Nasal	Amplicon	Zambia	reviewer_agrees	
MMC2-03438	3	2024	Frontiers in cellular and infection microbiology	Investigating gut microbiota-blood and urine metabolite correlations in early sepsis-induced acute kidney injury: insights from targeted KEGG analyses.	10.3389/fcimb.2024.1375874	PRJNA1025259	1	9	sample_title	reviewer_note	yes	Infectious		Gut	Shotgun	China	reviewer_agrees	
MMC2-03444	3	2025	BMC nephrology	Decrease in Escherichia-Shigella in the gut microbiota of ESKD patients undergoing maintenance hemodialysis.	10.1186/s12882-025-03988-6	PRJNA1031320; PRJNA574226; PRJNA801894	2	394				Infectious		Gut	Amplicon	China	reviewer_agrees	
MMC2-03449	3	2024	Journal of translational medicine	Altered gut microbiota and systemic immunity in Chinese patients with schizophrenia comorbid with metabolic syndrome.	10.1186/s12967-024-05533-9	PRJNA1034806	1	1				Metabolic		Gut	Amplicon	China	reviewer_named_tier	
MMC2-03456	3	2024	Frontiers in cellular and infection microbiology	Comparative analysis of oropharyngeal microbiota in healthcare workers post-COVID-19.	10.3389/fcimb.2024.1347345	PRJNA1038769	1	55				Healthy	yes	Oral	Amplicon	China	reviewer_agrees	
MMC2-03458	3	2025	Journal of gastroenterology	New potential biomarkers of ulcerative colitis and disease course - integrated metagenomic and metabolomic analysis among Polish patients.	10.1007/s00535-025-02280-6	PRJNA1040490	1	65				Gastrointestinal		Gut	Amplicon	Poland	reviewer_named_tier	
MMC2-03459	3	2024	BMC microbiology	Gut microbiota in preterm infants with late-onset sepsis and pneumonia: a pilot case-control study.	10.1186/s12866-024-03419-w	PRJNA1040967; PRJNA926124	2	52	host_disease	disease_key		Respiratory		Gut	Amplicon	China	reviewer_named_tier	
MMC2-03468	3	2024	Gut microbes	Gut virome and microbiome dynamics before and after SARS-CoV-2 infection in women living with HIV and their infants.	10.1080/19490976.2024.2394248	PRJNA1045584	1	655				Respiratory		Gut	Shotgun	Kenya	reviewer_agrees	
MMC2-03474	3	2024	PeerJ	Microbiota based personalized nutrition improves hyperglycaemia and hypertension parameters and reduces inflammation: a prospective, open label, controlled, randomized, comparative, proof of concept s	10.7717/peerj.17583	PRJNA1046298	1	30				Metabolic		Gut	Shotgun	India	reviewer_agrees	
MMC2-03478	3	2024	BMC pulmonary medicine	Value of bronchoalveolar lavage fluid metagenomic next-generation sequencing in acute exacerbation of fibrosing interstitial lung disease: an individualized treatment protocol based on microbiological	10.1186/s12890-024-03216-1	PRJNA1048156; PRJNA1051816; PRJNA1058145	3	66				Respiratory		Pulmonary	Shotgun	China	reviewer_agrees	
MMC2-03482	3	2024	PeerJ	Gut microbiome-immune interactions and their role in rheumatoid arthritis development.	10.7717/peerj.17477	PRJNA1048722	1	208				Healthy	yes	Gut	Amplicon	Kazakhstan	reviewer_named_tier	
MMC2-03516	3	2025	BMC oral health	Characteristics of tongue coating microbiota in diabetic and non-diabetic kidney patients receiving hemodialysis.	10.1186/s12903-025-05455-y	PRJNA1063458	1	97				Renal		Oral	Amplicon	China	reviewer_agrees	
MMC2-03523	3	2025	Scientific reports	Baseline gut microbiome and metabolites are correlated with changes in alcohol consumption in participants in a randomized Zonisamide clinical trial.	10.1038/s41598-025-92313-0	PRJNA1065830	1	69				Healthy	yes	Gut	Amplicon	United States	reviewer_agrees	
MMC2-03543	3	2024	Scientific reports	A prospective pilot study of gut microbiome in cerebral vasospasm and delayed cerebral ischemia after aneurysmal subarachnoid hemorrhage.	10.1038/s41598-024-68722-y	PRJNA1075509	1	26				Infectious		Gut	Amplicon	Poland	reviewer_agrees	
MMC2-03551	3	2024	Gut microbes	Pathogen-specific alterations in intestinal microbiota precede urinary tract infections in preterm infants: a longitudinal case-control study.	10.1080/19490976.2024.2333413	PRJNA1079890	1	1				Infectious		Multiple	Shotgun	China	reviewer_named_tier	
MMC2-03563	3	2025	NPJ biofilms and microbiomes	The adoption of a westernized gut microbiome in Indian Immigrants and Indo-Canadians is associated with dietary acculturation.	10.1038/s41522-025-00778-8	PRJNA1082632	1	174				Gastrointestinal		Gut	Both	Canada	reviewer_agrees	
MMC2-03567	3	2024	Nutrients	Effectiveness of Psychobiotic Bifidobacterium breve BB05 in Managing Psychosomatic Diarrhea in College Students by Regulating Gut Microbiota: A Randomized, Double-Blind, Placebo-Controlled Trial.	10.3390/nu16131989	PRJNA1084101	1	1				Gastrointestinal		Gut	Amplicon	China	reviewer_named_tier	
MMC2-03574	3	2024	BMC research notes	A comparison of oral bacteriome isolated from periodontal pockets of participants with or without diabetes mellitus in Uganda: a case control study.	10.1186/s13104-024-06804-w	PRJNA1087153	1	45				Metabolic		Oral	Amplicon	Uganda	reviewer_agrees	
MMC2-03579	3	2024	Journal of translational medicine	The compositional and functional imbalance of the gut microbiota in CKD linked to disease patterns.	10.1186/s12967-024-05578-w	PRJNA1088902	1	148				Mental Health		Gut	Amplicon	China	reviewer_agrees	
MMC2-03582	3	2024	Frontiers in endocrinology	Exploring gut microbiota and metabolite alterations in patients with thyroid-associated ophthalmopathy using high-throughput sequencing and untargeted metabolomics.	10.3389/fendo.2024.1413890	PRJNA1089481	1	59				Autoimmune		Gut	Amplicon	China	reviewer_agrees	
MMC2-03583	3	2024	Scientific reports	Turicibacter and Catenibacterium as potential biomarkers in autism spectrum disorders.	10.1038/s41598-024-73700-5	PRJNA1090096	1	69				Mental Health		Gut	Amplicon	Lebanon	reviewer_agrees	
MMC2-03584	3	2025	Frontiers in immunology	Dupilumab treatment has no effect on the nasal microbiome in patients with NSAID-exacerbated respiratory disease: a longitudinal pilot study.	10.3389/fimmu.2025.1508500	PRJNA1090288	1	494				Cancer		Nasal	Amplicon	Austria	reviewer_agrees	
MMC2-03597	3	2024	International journal of obesity (2005)	Enhancing gut microbiota and microbial function with inulin supplementation in children with obesity.	10.1038/s41366-024-01590-8	PRJNA1096061	1	469				Metabolic		Gut	Amplicon	Thailand	reviewer_agrees	
MMC2-03599	3	2024	BMC infectious diseases	High utility of bronchoalveolar lavage fluid metagenomic next-generation sequencing approach for etiological diagnosis of pneumonia.	10.1186/s12879-024-10108-6	PRJNA1097291	1	56				Respiratory		Multiple	Shotgun	China	reviewer_agrees	
MMC2-03623	3	2024	International journal of surgery (London, England)	Effect of extracorporeal shock wave therapy on the microbial community in burn scars: retrospective case-control study.	10.1097/JS9.0000000000002083	PRJNA1108912	1	2				Skin		Skin	Amplicon	South Korea	reviewer_agrees	
MMC2-03627	3	2024	Frontiers in immunology	Metagenomic analysis demonstrates distinct changes in the gut microbiome of Kawasaki diseases children.	10.3389/fimmu.2024.1416185	PRJNA1112983	1	202				Cardiovascular		Gut	Shotgun	China	reviewer_agrees	
MMC2-03635	3	2025	PloS one	Changes in energy homeostasis, gut peptides, and gut microbiota in Emiratis with obesity after bariatric surgery.	10.1371/journal.pone.0318699	PRJNA1118203	1	38				Metabolic		Gut	Amplicon	United Arab Emirates	reviewer_agrees	
MMC2-03640	3	2024	BMC infectious diseases	Characterization of oral microbiota of children with hand, foot, and mouth disease caused by enterovirus A 71.	10.1186/s12879-024-10233-2	PRJNA1121660	1	80				Healthy	yes	Gut	Amplicon	China	reviewer_agrees	
MMC2-03641	3	2024	Renal failure	Gut and respiratory microbiota landscapes in IgA nephropathy: a cross-sectional study.	10.1080/0886022X.2024.2399749	PRJNA1121870	1	283				Infectious		Gut	Amplicon	China	reviewer_agrees	
MMC2-03642	3	2024	Scientific reports	Analysis of the characteristics of intestinal microbiota in patients with different severity of obstructive sleep apnea.	10.1038/s41598-024-72230-4	PRJNA1121898	1	64				Healthy	yes	Gut	Amplicon	China	reviewer_agrees	
MMC2-03647	3	2025	Microbiome	Host clustering of Campylobacter species and enteric pathogens in a longitudinal cohort of infants, family members and livestock in rural Eastern Ethiopia.	10.1186/s40168-025-02203-w	PRJNA1127034; PRJNA843963	2	363				Metabolic		Gut	Both	Ethiopia	reviewer_named_tier	
MMC2-03654	3	2024	BMC oral health	Effects of clear aligners and traditional removable appliances on oral microbiome in mixed dentition: a comparative study.	10.1186/s12903-024-05063-2	PRJNA1129082	1	100				Healthy	yes	Oral	Amplicon	China	reviewer_agrees	
MMC2-03658	3	2025	mSystems	Multi-omics analyses of the gut microbiota and metabolites in children with metabolic dysfunction-associated steatotic liver disease.	10.1128/msystems.01148-24	PRJNA1130618	1	36				Metabolic		Gut	Amplicon	China	reviewer_agrees	
MMC2-03662	3	2024	Frontiers in endocrinology	Effect of oral metformin on gut microbiota characteristics and metabolite fractions in normal-weight type 2 diabetic mellitus patients.	10.3389/fendo.2024.1397034	PRJNA1133738	1	135				Metabolic		Gut	Amplicon	China	reviewer_agrees	
MMC2-03679	3	2024	Applied microbiology and biotechnology	Oral microbiota in preschoolers with rampant caries: a matched case-control study.	10.1007/s00253-024-13362-5	PRJNA1141721	1	88				Infectious		Oral	Amplicon	China	reviewer_agrees	
MMC2-03687	3	2024	Scientific reports	Profiling and comprehensive analysis of microbiome and ARGs of nurses and nursing workers in China: a cross-sectional study.	10.1038/s41598-024-82659-2	PRJNA1148628	1	100				Healthy	yes	Gut	Shotgun	China	reviewer_agrees	
MMC2-03689	3	2025	Microbiome	hTAS2R38 polymorphisms modulate oral microbiota and influence the prevalence and treatment outcome of halitosis.	10.1186/s40168-025-02087-w	PRJNA1149521	1	1219				Oral		Oral	Amplicon	China	reviewer_agrees	
MMC2-03710	3	2025	Frontiers in cellular and infection microbiology	Linking peri-implantitis to microbiome changes in affected implants, healthy implants, and saliva: a cross-sectional pilot study.	10.3389/fcimb.2025.1543100	PRJNA1163384	1	100				Respiratory		Oral	Shotgun	Portugal	reviewer_agrees	
MMC2-03714	3	2024	Nutrients	Effect of Postbiotic Bifidobacterium longum CECT 7347 on Gastrointestinal Symptoms, Serum Biochemistry, and Intestinal Microbiota in Healthy Adults: A Randomised, Parallel, Double-Blind, Placebo-Contr	10.3390/nu16223952	PRJNA1164946	1	166				Healthy	yes	Gut	Amplicon	Spain	reviewer_agrees	
MMC2-03727	3	2024	Frontiers in cellular and infection microbiology	Bronchoalveolar lavage fluid and lung biopsy tissue metagenomic next-generation sequencing in the diagnosis of pulmonary cryptococcosis.	10.3389/fcimb.2024.1446814	PRJNA1175072	1	321				Healthy	yes	Pulmonary	Shotgun	China	reviewer_agrees	
MMC2-03732	3	2025	Gut microbes	Bacteroides uniformis-generated hexadecanedioic acid ameliorates metabolic-associated fatty liver disease.	10.1080/19490976.2025.2508433	PRJNA1177604; PRJNA1193240	2	11				Liver		Gut	Amplicon	China	reviewer_agrees	
MMC2-03738	3	2025	Journal of microbiology and biotechnology	Rare and Intermediate Taxa Shape the Gut Bacterial Structure in Neonates and Preterm Infants with Necrotizing Enterocolitis.	10.4014/jmb.2501.01035	PRJNA1180186	1	39				Gastrointestinal		Gut	Amplicon	China	reviewer_agrees	
MMC2-03748	3	2025	Scientific reports	The characteristics of intestinal microflora in infants with rotavirus enteritis, changes in microflora before and after treatment and their clinical values.	10.1038/s41598-025-88312-w	PRJNA1185898	1	118				Gastrointestinal		Gut	Amplicon	China	reviewer_agrees	
MMC2-03751	3	2025	The European respiratory journal	Sputum metagenomics in bronchiectasis reveals pan-European variation: an EMBARC-BRIDGE study.	10.1183/13993003.00054-2025	PRJNA1186390	1	349				Respiratory		Pulmonary	Shotgun	United Kingdom	reviewer_agrees	
MMC2-03753	3	2025	Scientific reports	The clinical value of metagenomic next-generation sequencing in the diagnosis of pulmonary tuberculosis and the exploration of lung microbiota characteristics.	10.1038/s41598-025-91520-z	PRJNA1188195	1	190				Respiratory		Pulmonary	Shotgun	China	reviewer_agrees	
MMC2-03755	3	2025	BMC medicine	Probiotic mitigates gut hypoperfusion-associated acute gastrointestinal injury in patients undergoing cardiopulmonary bypass: a randomized controlled trial.	10.1186/s12916-025-04082-2	PRJNA1188732	1	78	sample_alias	reviewer_note	yes	Infectious		Gut	Amplicon	China	reviewer_agrees	
MMC2-03756	3	2025	PloS one	Correlation between pre-extraction periodontal diagnosis and peri-implant microbiome for patients treated with implant-retained overdenture - A retrospective cohort pilot study.	10.1371/journal.pone.0325711	PRJNA1190949	1	50				Oral		Oral	Amplicon	United States	reviewer_agrees	
MMC2-03763	3	2024	Scientific reports	Probiotic treatment induces changes in intestinal microbiota but does not alter SCFA levels in peritoneal dialysis patients-a randomized, placebo-controlled trial.	10.1038/s41598-024-83056-5	PRJNA1193117; PRJNA704190	1	30				Gastrointestinal		Gut	Amplicon	China	reviewer_agrees	
MMC2-03769	3	2025	mSystems	Metagenome-assembled genomes reveal microbial signatures and metabolic pathways linked to coronary artery disease.	10.1128/msystems.00954-25	PRJNA1195215	1	1710				Cardiovascular		Gut	Shotgun	South Korea	reviewer_agrees	
MMC2-03771	3	2025	PloS one	Microbial diversity in drug-naïve Parkinson's disease patients.	10.1371/journal.pone.0328761	PRJNA1196315	1	83				Neurodegenerative		Gut	Amplicon	Croatia	reviewer_agrees	
MMC2-03774	3	2025	Nature communications	Association of distinct microbial and metabolic signatures with microscopic colitis.	10.1038/s41467-025-59566-9	PRJNA1197998	1	903				Respiratory		Gut	Shotgun	United States	reviewer_agrees	
MMC2-03787	3	2025	BMC pediatrics	Gut microbiome dysbiosis as a potential biomarker for liver metabolic disorders in in neonatal hemolytic jaundice.	10.1186/s12887-025-05692-8	PRJNA1207199	1	1				Liver		Gut	Amplicon	China	reviewer_named_tier	
MMC2-03794	3	2025	Nature communications	Fecal microbiota transplantation to prevent acute graft-versus-host disease: pre-planned interim analysis of donor effect.	10.1038/s41467-025-56375-y	PRJNA1209112	1	80	library_name	reviewer_note	yes	Immune Complications		Gut	Shotgun	United States	reviewer_agrees	
MMC2-03800	3	2025	BMC pregnancy and childbirth	Association between gestational diabetes mellitus, maternal health and diet, and gut microbiota in mother-infant dyads.	10.1186/s12884-025-07584-2	PRJNA1213118	1	58				Metabolic		Gut	Amplicon	Canada	reviewer_agrees	
MMC2-03827	3	2025	Scientific reports	High-dose multi-strain Bacillus probiotics enhance treatment and reduce antibiotic usage in children with persistent diarrhea through immune and microbiota modulation.	10.1038/s41598-025-15199-y	PRJNA1231769	1	84				Gastrointestinal		Gut	Amplicon	Vietnam	reviewer_agrees	
MMC2-03829	3	2025	Gut microbes	Gut enterotype- and body mass index (BMI)-dependent effects of anthocyanin supplementation on gut microbiota composition in individuals at risk for cognitive decline: a randomized placebo-controlled t	10.1080/19490976.2025.2570862	PRJNA1235737	1	290				Healthy	yes	Gut	Amplicon	Norway	reviewer_agrees	
MMC2-03830	3	2025	Nature communications	Timing of unsaturated fat intake improves insulin sensitivity via the gut microbiota-bile acid axis: a randomized controlled trial.	10.1038/s41467-025-58937-6	PRJCA033596; PRJNA1238858	1	120				Metabolic		Gut	Shotgun	China	reviewer_agrees	
MMC2-03842	3	2025	Scientific reports	Association between post-stroke cognitive impairment and gut microbiota in patients with ischemic stroke.	10.1038/s41598-025-03068-7	PRJNA1246515	1	94				Cardiovascular		Gut	Amplicon	Taiwan	reviewer_agrees	
MMC2-03843	3	2025	Frontiers in cellular and infection microbiology	The alternations of gut microbiota in diabetic kidney disease: insights from a triple comparative cohort.	10.3389/fcimb.2025.1606700	PRJNA1246967	1	40				Metabolic		Gut	Shotgun	China	reviewer_agrees	
MMC2-03847	3	2025	BMC gastroenterology	Mucosal microbiota signatures reveal diagnostic insights in chronic liver disease.	10.1186/s12876-025-04204-3	PRJNA1249378	1	10	sample_alias	reviewer_note	yes	Healthy	yes	Gut	Amplicon	Turkey	reviewer_agrees	
MMC2-03858	3	2025	Frontiers in cellular and infection microbiology	Distinct gut microbiota and metabolomic profiles in HBV-related liver cirrhosis: insights into disease progression.	10.3389/fcimb.2025.1560564	PRJNA1259947	1	123				Liver		Gut	Amplicon	China	t4_reviewer_accepts_proposal	
MMC2-03864	3	2025	Journal of translational medicine	Gut microbiota dysbiosis and systemic immune dysfunction in critical ill patients with multidrug-resistant bacterial colonization and infection.	10.1186/s12967-025-07049-2	PRJNA1265392	1	1				Infectious		Gut	Amplicon	China	reviewer_named_tier	
MMC2-03868	3	2025	Frontiers in cellular and infection microbiology	Thick vs. thin tongue coatings in hemodialysis patients: unveiling gut microbiome dysregulation and systemic health implications.	10.3389/fcimb.2025.1640429	PRJNA1267578	1	45				Infectious		Multiple	Amplicon	China	reviewer_agrees	
MMC2-03871	3	2025	Frontiers in cellular and infection microbiology	Lower respiratory tract co-infection of Streptococcus pneumoniae and respiratory syncytial virus shapes microbial landscape and clinical outcomes in children.	10.3389/fcimb.2025.1593053	PRJNA1268748	1	212				Respiratory		Pulmonary	Amplicon	China	reviewer_agrees	
MMC2-03892	3	2025	BMC microbiology	Gut microbiota and metabolomic profiles of tacrolimus-induced DILI in renal transplant recipients: a population-based case control study.	10.1186/s12866-025-04432-3	PRJNA1297145	1	72				Immune Complications		Gut	Amplicon	China	reviewer_agrees	
MMC2-03900	3	2025	mSphere	Age and antibiotic use influence longitudinal dynamics of the upper respiratory microbiome in children with recurrent acute otitis media.	10.1128/msphere.00468-25	PRJNA1327964	1	271				Respiratory		Multiple	Amplicon	United States	reviewer_agrees	
MMC2-03907	3	2015	The Journal of pediatrics	Associations between Gut Microbial Colonization in Early Life and Respiratory Outcomes in Cystic Fibrosis.	10.1016/j.jpeds.2015.02.049	PRJNA170783	1	430				Respiratory		Gut	Amplicon	United States	reviewer_agrees	
MMC2-03910	3	2020	Microbial cell factories	Metatranscriptomic analysis to define the Secrebiome, and 16S rRNA profiling of the gut microbiome in obesity and metabolic syndrome of Mexican children.	10.1186/s12934-020-01319-y	GSE143207; PRJNA188481; PRJNA354235	2	1339				Metabolic		Gut	Shotgun	United States	reviewer_agrees	
MMC2-03927	3	2015	PloS one	Impact of the CFTR-potentiator ivacaftor on airway microbiota in cystic fibrosis patients carrying a G551D mutation.	10.1371/journal.pone.0124124	PRJNA258369	1	1				Respiratory		Pulmonary	Shotgun	France	reviewer_named_tier	
MMC2-03949	3	2015	PloS one	Low Level Engraftment and Improvement following a Single Colonoscopic Administration of Fecal Microbiota to Patients with Ulcerative Colitis.	10.1371/journal.pone.0133925	PRJNA285502	1	41				Gastrointestinal		Gut	Shotgun	United States	reviewer_agrees	
MMC2-03966	3	2020	Scientific reports	Prospective associations of the infant gut microbiome and microbial function with social behaviors related to autism at age 3 years.	10.1038/s41598-020-72386-9	PRJNA296814	1	2310				Mental Health		Gut	Both	United States	reviewer_agrees	
MMC2-03973	3	2024	Molecular autism	Prospective association of the infant gut microbiome with social behaviors in the ECHO consortium.	10.1186/s13229-024-00597-2	PRJNA296814; PRJNA695570	2	4077	host_disease_stat	disease_key		Mental Health		Gut	Both	United States	reviewer_agrees	
MMC2-03976	3	2016	Scientific reports	Gut microbiota composition and Clostridium difficile infection in hospitalized elderly individuals: a metagenomic study.	10.1038/srep25945	PRJNA297268; PRJNA297269	2	99				Infectious		Gut	Both	Italy	reviewer_agrees	
MMC2-03986	3	2016	Scientific reports	Impact of dietary resistant starch type 4 on human gut microbiota and immunometabolic functions.	10.1038/srep28797	PRJNA234345; PRJNA308315	2	81				Healthy	yes	Gut	Amplicon	United States	reviewer_agrees	
MMC2-03997	3	2016	Genome medicine	An expansion of rare lineage intestinal microbes characterizes rheumatoid arthritis.	10.1186/s13073-016-0299-7	PRJNA317370	1	71				Autoimmune		Gut	Amplicon	United States	reviewer_agrees	
MMC2-04023	3	2019	Nature communications	Infant airway microbiota and topical immune perturbations in the origins of childhood asthma.	10.1038/s41467-019-12989-7	PRJNA340273	1	1788				Respiratory		Pulmonary	Amplicon	Denmark	reviewer_agrees	
MMC2-04033	3	2021	Communications biology	Microbial community networks across body sites are associated with susceptibility to respiratory infections in infants.	10.1038/s42003-021-02755-1	PRJNA353336; PRJNA450937; PRJNA481243	3	4354				Respiratory		Multiple	Amplicon	Netherlands	reviewer_agrees	
MMC2-04039	3	2018	Microbiome	A metagenomic study of the gut microbiome in Behcet's disease.	10.1186/s40168-018-0520-6	PRJNA356225; PRJNA431482	2	226				Infectious		Gut	Shotgun	China	reviewer_agrees	
MMC2-04043	3	2017	Scientific reports	Antibiotic treatment at delivery shapes the initial oral microbiome in neonates.	10.1038/srep43481	PRJNA357524	1	124				Healthy	yes	Multiple	Amplicon	Australia	reviewer_agrees	
MMC2-04045	3	2017	PloS one	Longitudinal sampling of the lung microbiota in individuals with cystic fibrosis.	10.1371/journal.pone.0172811	PRJNA360332	1	118				Respiratory		Pulmonary	Amplicon	Canada	reviewer_agrees	
MMC2-04052	3	2018	Thorax	Longitudinal profiling of the lung microbiome in the AERIS study demonstrates repeatability of bacterial and eosinophilic COPD exacerbations.	10.1136/thoraxjnl-2017-210408	PRJNA377739	1	584				Respiratory		Pulmonary	Amplicon	United Kingdom	reviewer_agrees	
MMC2-04054	3	2019	PloS one	The microbiota composition of the offspring of patients with gestational diabetes mellitus (GDM).	10.1371/journal.pone.0226545	PRJNA378341; PRJNA438491; PRJNA529352	3	112	library_name	reviewer_note	yes	Metabolic		Gut	Amplicon	Italy	sam_exception_tier	
MMC2-04060	3	2018	Movement disorders : official journal of the Movement Disorder Society	The nasal and gut microbiome in Parkinson's disease and idiopathic rapid eye movement sleep behavior disorder.	10.1002/mds.27105	PRJNA381395	1	270				Neurodegenerative		Gut	Both	Germany	reviewer_agrees	
MMC2-04072	3	2018	Nature microbiology	Dynamics of metatranscription in the inflammatory bowel disease gut microbiome.	10.1038/s41564-017-0089-z	PRJNA389280	1	378				Gastrointestinal		Gut	Shotgun	United States	reviewer_agrees	
MMC2-04073	3	2018	PloS one	Gut microbiota varies by opioid use, circulating leptin and oxytocin in African American men with diabetes and high burden of chronic disease.	10.1371/journal.pone.0194171	PRJNA389481	1	96				Metabolic		Gut	Amplicon	United States	reviewer_agrees	
MMC2-04079	3	2019	Journal of pediatric gastroenterology and nutrition	Enteric Virome and Bacterial Microbiota in Children With Ulcerative Colitis and Crohn Disease.	10.1097/MPG.0000000000002140	PRJNA391511	1	24				Gastrointestinal		Gut	Shotgun	United States	reviewer_agrees	
MMC2-04081	3	2019	Gut microbes	Rifaximin is associated with modest, transient decreases in multiple taxa in the gut microbiota of patients with diarrhoea-predominant irritable bowel syndrome.	10.1080/19490976.2018.1460013	PRJNA391915	1	1				Gastrointestinal		Gut	Amplicon	United States	reviewer_named_tier	
MMC2-04100	3	2018	Scientific reports	A Lachnospiraceae-dominated bacterial signature in the fecal microbiota of HIV-infected individuals from Colombia, South America.	10.1038/s41598-018-22629-7	PRJNA408085	1	37				Infectious		Gut	Amplicon	Colombia	reviewer_agrees	
MMC2-04104	3	2021	Gut	Ranking microbiome variance in inflammatory bowel disease: a large longitudinal intercontinental study.	10.1136/gutjnl-2020-321106	PRJNA414072	1	1817				Gastrointestinal		Gut	Amplicon	Ireland	reviewer_agrees	
MMC2-04123	3	2018	The Pediatric infectious disease journal	Pneumococcal Colonization and the Nasopharyngeal Microbiota of Children in Botswana.	10.1097/INF.0000000000002174	PRJNA423191	1	548				Respiratory		Nasal	Amplicon	Botswana	reviewer_agrees	
MMC2-04132	3	2018	Microbiome	Probiotic Bifidobacterium strains and galactooligosaccharides improve intestinal barrier function in obese adults but show no synergism when used together as synbiotics.	10.1186/s40168-018-0494-4	PRJNA434249	1	235	library_name	reviewer_note	yes	Healthy	yes	Gut	Amplicon	United States	reviewer_agrees	
MMC2-04135	3	2021	The Pediatric infectious disease journal	Impact of Anaerobic Antibacterial Spectrum on Cystic Fibrosis Airway Microbiome Diversity and Pulmonary Function.	10.1097/INF.0000000000003211	PRJNA437613	1	102				Respiratory		Pulmonary	Amplicon	United States	reviewer_agrees	
MMC2-04142	3	2019	BMJ open respiratory research	Porphyromonas, a potential predictive biomarker of Pseudomonas aeruginosa pulmonary infection in cystic fibrosis.	10.1136/bmjresp-2018-000374	PRJNA445243	1	65				Respiratory		Pulmonary	Amplicon	France	reviewer_agrees	
MMC2-04148	3	2019	Microbiome	Evolution of the gut microbiome following acute HIV-1 infection.	10.1186/s40168-019-0687-5	PRJNA450025	1	312				Infectious		Gut	Both	Mozambique	reviewer_agrees	
MMC2-04151	3	2019	PloS one	Aerodigestive sampling reveals altered microbial exchange between lung, oropharyngeal, and gastric microbiomes in children with impaired swallow function.	10.1371/journal.pone.0216453	PRJNA450850	1	446				Respiratory		Multiple	Amplicon	United States	reviewer_agrees	
MMC2-04152	3	2019	Genomics, proteomics & bioinformatics	Correlation of Gut Microbiome Between ASD Children and Mothers and Potential Biomarkers for Risk Assessment.	10.1016/j.gpb.2019.01.002	PRJNA453894	1	1				Infectious		Gut	Amplicon	China	reviewer_named_tier	
MMC2-04157	3	2019	The Journal of molecular diagnostics : JMD	Leveraging Human Microbiome Features to Diagnose and Stratify Children with Irritable Bowel Syndrome.	10.1016/j.jmoldx.2019.01.006	PRJNA46339	1	9				Gastrointestinal		Gut	Both	United States	reviewer_agrees	
MMC2-04164	3	2020	Cell metabolism	A Universal Gut-Microbiome-Derived Signature Predicts Cirrhosis.	10.1016/j.cmet.2020.06.005	PRJNA471972	1	109				Liver		Gut	Amplicon	Italy	reviewer_agrees	
MMC2-04165	3	2019	Clinical and translational gastroenterology	Characterization of Proximal Small Intestinal Microbiota in Patients With Suspected Small Intestinal Bacterial Overgrowth: A Cross-Sectional Study.	10.14309/ctg.0000000000000073	PRJNA472002	1	106				Infectious		Gut	Amplicon	United States	reviewer_agrees	
MMC2-04169	3	2021	mBio	Dynamic Colonization of Microbes and Their Functions after Fecal Microbiota Transplantation for Inflammatory Bowel Disease.	10.1128/mBio.00975-21	PRJNA475599	1	241				Gastrointestinal		Gut	Both	United States	reviewer_agrees	
MMC2-04194	3	2019	PloS one	Feeding intolerance alters the gut microbiota of preterm infants.	10.1371/journal.pone.0210609	PRJNA490881; PRJNA493729	2	222				Reproductive		Gut	Amplicon	China	reviewer_agrees	
MMC2-04198	3	2018	BMC microbiology	Stability and resilience of the intestinal microbiota in children in daycare - a 12 month cohort study.	10.1186/s12866-018-1367-5	PRJNA491825	1	191				Healthy	yes	Gut	Amplicon	Denmark	reviewer_agrees	
MMC2-04199	3	2020	Respiratory research	The sputum microbiome is distinct between COPD and health, independent of smoking history.	10.1186/s12931-020-01448-3	PRJNA380493; PRJNA491861	2	840				Respiratory		Pulmonary	Both	United Kingdom	reviewer_agrees	
MMC2-04204	3	2020	The Journal of heart and lung transplantation : the official publication of the           International Society for Heart Transplantation	Pediatric lung transplantation: Dynamics of the microbiome and bronchiolitis obliterans in cystic fibrosis.	10.1016/j.healun.2020.04.016	PRJNA494034	1	82				Respiratory		Pulmonary	Shotgun	United States	reviewer_agrees	
MMC2-04213	3	2021	Microbiome	Anna Karenina and the subgingival microbiome associated with periodontitis.	10.1186/s40168-021-01056-3	PRJNA508385; PRJNA552294	2	93	library_name	reviewer_note	yes	Oral		Oral	Shotgun	United States	sam_exception_tier	
MMC2-04218	3	2019	Pharmacotherapy	Effects of Atypical Antipsychotic Treatment and Resistant Starch Supplementation on Gut Microbiome Composition in a Cohort of Patients with Bipolar Disorder or Schizophrenia.	10.1002/phar.2214	PRJNA509882	1	163				Mental Health		Gut	Amplicon	United States	reviewer_agrees	
MMC2-04225	3	2022	Frontiers in endocrinology	Integrating Choline and Specific Intestinal Microbiota to Classify Type 2 Diabetes in Adults: A Machine Learning Based Metagenomics Study.	10.3389/fendo.2022.906310	PRJNA511714	1	361				Metabolic		Gut	Amplicon	China	reviewer_agrees	
MMC2-04229	3	2019	Scientific reports	A longitudinal characterization of the Non-Cystic Fibrosis Bronchiectasis airway microbiome.	10.1038/s41598-019-42862-y	PRJNA514329	1	137				Respiratory		Pulmonary	Amplicon	Canada	reviewer_agrees	
MMC2-04239	3	2021	Genome medicine	Trans-ethnic gut microbial signatures of prediabetic subjects from India and Denmark.	10.1186/s13073-021-00851-9	PRJNA517829	1	2				Metabolic		Gut	Amplicon	India	reviewer_agrees	
MMC2-04242	3	2020	International journal of molecular sciences	Potential Associations Among Alteration of Salivary miRNAs, Saliva Microbiome Structure, and Cognitive Impairments in Autistic Children.	10.3390/ijms21176203	PRJNA518756; PRJNA518760	2	80				Healthy	yes	Oral	Amplicon	Italy	reviewer_agrees	
MMC2-04259	3	2021	BMC microbiology	Limited effects of long-term daily cranberry consumption on the gut microbiome in a placebo-controlled study of women with recurrent urinary tract infections.	10.1186/s12866-021-02106-4	PRJNA528960	1	133	host_disease	disease_key		Infectious		Gut	Both	United States	reviewer_agrees	
MMC2-04272	3	2021	Arthritis & rheumatology (Hoboken, N.J.)	An Autoimmunogenic and Proinflammatory Profile Defined by the Gut Microbiota of Patients With Untreated Systemic Lupus Erythematosus.	10.1002/art.41511		0	0				Infectious		Multiple	Amplicon	United States	t4_reviewer_accepts_proposal	
MMC2-04273	3	2019	Clinical and translational gastroenterology	The Salivary Microbiome Is Altered in Children With Eosinophilic Esophagitis and Correlates With Disease Activity.	10.14309/ctg.0000000000000039	PRJNA532939	1	45				Gastrointestinal		Oral	Amplicon	United States	reviewer_agrees	
MMC2-04274	3	2021	BMC microbiology	Altered gut microbiota correlate with different immune responses to HAART in HIV-infected individuals.	10.1186/s12866-020-02074-1	PRJNA533202	1	94				Infectious		Gut	Amplicon	China	reviewer_agrees	
MMC2-04276	3	2019	Microbial genomics	Loss of microbial diversity and pathogen domination of the gut microbiota in critically ill patients.	10.1099/mgen.0.000293	PRJNA533528	1	233				Infectious		Gut	Shotgun	United Kingdom	reviewer_agrees	
MMC2-04285	3	2020	BMC microbiology	Dysbiosis of saliva microbiome in patients with oral lichen planus.	10.1186/s12866-020-01733-7	PRJNA542018	1	40				Oral		Oral	Amplicon	United States	reviewer_agrees	
MMC2-04296	3	2020	BMC microbiology	Microbial and metabolomic profiles in correlation with depression and anxiety co-morbidities in diarrhoea-predominant IBS patients.	10.1186/s12866-020-01841-4	PRJNA544721	1	128	sample_alias; experiment_title	reviewer_note	yes	Gastrointestinal		Gut	Amplicon	China	reviewer_agrees	
MMC2-04300	3	2020	NPJ biofilms and microbiomes	Strong oral plaque microbiome signatures for dental implant diseases identified by strain-resolution metagenomics.	10.1038/s41522-020-00155-7	PRJNA547717	1	320				Oral		Oral	Shotgun	Italy	reviewer_agrees	
MMC2-04316	3	2019	Nature communications	Microbe-host interplay in atopic dermatitis and psoriasis.	10.1038/s41467-019-12253-y	E-MTAB-8149; PRJNA554499	1	1				Skin		Skin	Both	Germany	reviewer_named_tier	
MMC2-04326	3	2020	Gastroenterology	Synbiotics Alter Fecal Microbiomes, But Not Liver Fat or Fibrosis, in a Randomized Trial of Patients With Nonalcoholic Fatty Liver Disease.	10.1053/j.gastro.2020.01.031	PRJNA559052	1	172				Metabolic		Gut	Amplicon	United Kingdom	reviewer_agrees	
MMC2-04336	3	2019	Frontiers in cellular and infection microbiology	Identification of Gut Microbiota and Metabolites Signature in Patients With Irritable Bowel Syndrome.	10.3389/fcimb.2019.00346	PRJNA566284	1	29				Gastrointestinal		Gut	Amplicon	China	reviewer_agrees	
MMC2-04349	3	2019	Frontiers in cellular and infection microbiology	Marked Changes in Gut Microbiota in Cardio-Surgical Intensive Care Patients: A Longitudinal Cohort Study.	10.3389/fcimb.2019.00467	PRJNA578267	1	207				Cardiovascular		Gut	Amplicon	Netherlands	reviewer_agrees	
MMC2-04353	3	2019	Frontiers in cellular and infection microbiology	Oral Microbiota Perturbations Are Linked to High Risk for Rheumatoid Arthritis.	10.3389/fcimb.2019.00475	PRJNA578951	1	80				Autoimmune		Oral	Amplicon	China	reviewer_agrees	
MMC2-04359	3	2019	Scientific reports	Long-term impact of oral surgery with or without amoxicillin on the oral microbiome-A prospective cohort study.	10.1038/s41598-019-55056-3	PRJNA586897	1	300				Healthy	yes	Oral	Amplicon	China	reviewer_agrees	
MMC2-04360	3	2020	Journal of diabetes research	Alterations of Gut Microbiota in Type 2 Diabetes Individuals and the Confounding Effect of Antidiabetic Agents.	10.1155/2020/7253978	PRJNA588353	1	46				Metabolic		Gut	Amplicon	Sudan	reviewer_agrees	
MMC2-04362	3	2020	Biology of blood and marrow transplantation : journal of the American Society for           Blood and Marrow Transplantation	Anaerobic Antibiotics and the Risk of Graft-versus-Host Disease after Allogeneic Hematopoietic Stem Cell Transplantation.	10.1016/j.bbmt.2020.07.011	PRJNA588783	1	56				Infectious		Gut	Shotgun	United States	reviewer_agrees	
MMC2-04369	3	2020	Frontiers in cellular and infection microbiology	Gut Microbiota Composition Associated With Clostridium difficile-Positive Diarrhea and C. difficile Type in ICU Patients.	10.3389/fcimb.2020.00190	PRJNA591064; PRJNA597086	2	126				Gastrointestinal		Gut	Shotgun	China	reviewer_agrees	
MMC2-04378	3	2020	Frontiers in cellular and infection microbiology	Cystic Fibrosis Patients Infected With Epidemic Pseudomonas aeruginosa Strains Have Unique Microbial Communities.	10.3389/fcimb.2020.00173	PRJNA594982	1	144				Respiratory		Pulmonary	Amplicon	Canada	reviewer_agrees	
MMC2-04404	3	2021	Respiratory research	Gut microbiota dysbiosis contributes to the development of chronic obstructive pulmonary disease.	10.1186/s12931-021-01872-z	PRJNA606975	1	1				Respiratory		Gut	Amplicon	China	reviewer_named_tier	
MMC2-04417	3	2020	Parasites & vectors	Impact of intestinal parasites on microbiota and cobalamin gene sequences: a pilot study.	10.1186/s13071-020-04073-7	PRJNA612291	1	37				Infectious		Gut	Shotgun	Argentina	reviewer_agrees	
MMC2-04421	3	2021	The Libyan journal of medicine	Resistome and microbial profiling of pediatric patient's gut infected with multidrug-resistant diarrhoeagenic Enterobacteriaceae using next-generation sequencing; the first study from Pakistan.	10.1080/19932820.2021.1915615	PRJNA612780	1	26				Gastrointestinal		Gut	Shotgun	Pakistan	reviewer_agrees	
MMC2-04431	3	2021	BMC pregnancy and childbirth	Association between premature ovarian insufficiency and gut microbiota.	10.1186/s12884-021-03855-w	PRJNA615330	1	1				Healthy	yes	Gut	Amplicon	China	reviewer_named_tier	
MMC2-04432	3	2021	Journal of investigative medicine : the official publication of the American           Federation for Clinical Research	Importance of beta-lactam pharmacokinetics and pharmacodynamics on the recovery of microbial diversity in the airway of persons with cystic fibrosis.	10.1136/jim-2021-001824	PRJNA615628	1	71				Respiratory		Pulmonary	Shotgun	United States	reviewer_agrees	
MMC2-04462	3	2023	Microbiome	Dynamics of the gut microbiome, IgA response, and plasma metabolome in the development of pediatric celiac disease.	10.1186/s40168-022-01429-2	PRJNA631001	1	400				Gastrointestinal		Gut	Amplicon	Sweden	reviewer_agrees	
MMC2-04464	3	2021	Frontiers in cellular and infection microbiology	Dynamic Alterations of Oral Microbiota Related to Halitosis in Preschool Children.	10.3389/fcimb.2021.599467	PRJNA632355	1	40				Oral		Oral	Amplicon	China	reviewer_agrees	
MMC2-04465	3	2021	Nature communications	A prevalent and culturable microbiota links ecological balance to clinical stability of the human lung after transplantation.	10.1038/s41467-021-22344-4	PRJNA632552	1	1				Infectious		Pulmonary	Amplicon	Switzerland	reviewer_named_tier	
MMC2-04467	3	2021	BMC microbiology	Lifestyle modifications result in alterations in the gut microbiota in obese children.	10.1186/s12866-020-02002-3	PRJNA633584	1	72				Metabolic		Gut	Amplicon	South Korea	reviewer_agrees	
MMC2-04469	3	2020	mSphere	Gut Microbiota Predict Enterococcus Expansion but Not Vancomycin-Resistant Enterococcus Acquisition.	10.1128/mSphere.00537-20	PRJNA633879	1	288				Infectious		Gut	Amplicon	United States	reviewer_agrees	
MMC2-04483	3	2020	Frontiers in cellular and infection microbiology	Intranasal Application of Lactococcus lactis W136 Is Safe in Chronic Rhinosinusitis Patients With Previous Sinus Surgery.	10.3389/fcimb.2020.00440	PRJNA638899	1	49				Respiratory		Nasal	Amplicon	Canada	reviewer_agrees	
MMC2-04491	3	2020	PloS one	Relationship between the composition of the intestinal microbiota and the tracheal and intestinal colonization by opportunistic pathogens in intensive care patients.	10.1371/journal.pone.0237260	PRJNA641109	1	1				Infectious		Gut	Amplicon	France	reviewer_named_tier	
MMC2-04492	3	2020	JAMA network open	Assessment of Neonatal Intensive Care Unit Practices and Preterm Newborn Gut Microbiota and 2-Year Neurodevelopmental Outcomes.	10.1001/jamanetworkopen.2020.18119	PRJNA641157	1	484				Infectious		Gut	Amplicon	France	reviewer_agrees	
MMC2-04494	3	2021	Critical care (London, England)	Ventilator-associated pneumonia in critically ill patients with COVID-19.	10.1186/s13054-021-03460-5	PRJNA642012	1	29				Respiratory		Pulmonary	Amplicon	United Kingdom	reviewer_agrees	
MMC2-04504	3	2020	mSphere	Gut Bacteria Shared by Children and Their Mothers Associate with Developmental Level and Social Deficits in Autism Spectrum Disorder.	10.1128/mSphere.01044-20	PRJNA644763	1	246				Mental Health		Gut	Shotgun	United States	reviewer_agrees	
MMC2-04516	3	2020	BMC infectious diseases	The sputum microbiome associated with different sub-types of AECOPD in a Chinese cohort.	10.1186/s12879-020-05313-y	PRJNA647843	1	68				Respiratory		Pulmonary	Amplicon	China	reviewer_agrees	
MMC2-04529	3	2020	mSphere	Nutrition and the Gut Microbiota in 10- to 18-Month-Old Children Living in Urban Slums of Mumbai, India.	10.1128/mSphere.00731-20	PRJNA657036	1	53				Reproductive		Gut	Amplicon	India	reviewer_agrees	
MMC2-04541	3	2020	PloS one	Bacterial diversity and prevalence of antibiotic resistance genes in the oral microbiome.	10.1371/journal.pone.0239664	PRJNA660085	1	22				Infectious		Oral	Amplicon	Brazil	reviewer_agrees	
MMC2-04551	3	2021	Microbial cell factories	A comprehensive approach to stool donor screening for faecal microbiota transplantation in China.	10.1186/s12934-021-01705-0	PRJNA664544	1	66				Healthy	yes	Gut	Shotgun	China	reviewer_agrees	
MMC2-04558	3	2020	Frontiers in immunology	Altered Gut Microbiota Related to Inflammatory Responses in Patients With Huntington's Disease.	10.3389/fimmu.2020.603594	PRJNA667318	1	66	sample_alias	reviewer_note	yes	Cancer		Gut	Amplicon	China	reviewer_agrees	
MMC2-04562	3	2021	European journal of nutrition	Prebiotic dietary fibre intervention improves fecal markers related to inflammation in obese patients: results from the Food4Gut randomized placebo-controlled trial.	10.1007/s00394-021-02484-5	PRJNA669275	1	53				Metabolic		Gut	Amplicon	Belgium	reviewer_agrees	
MMC2-04564	3	2021	Bioengineered	Profile of gut microbiota in patients with traumatic thoracic spinal cord injury and its clinical implications: a case-control study in a rehabilitation setting.	10.1080/21655979.2021.1955543	PRJNA669472	1	69				Neurological		Gut	Amplicon	China	reviewer_agrees	
MMC2-04589	3	2021	Scientific reports	Altered fecal microbiota composition in individuals who abuse methamphetamine.	10.1038/s41598-021-97548-1	PRJNA679237	1	30				Mental Health		Gut	Amplicon	China	reviewer_agrees	
MMC2-04595	3	2021	Frontiers in immunology	The Effects of Helicobacter pylori Infection on Microbiota Associated With Gastric Mucosa and Immune Factors in Children.	10.3389/fimmu.2021.625586	PRJNA680429	1	256				Gastrointestinal		Multiple	Amplicon	China	reviewer_agrees	
MMC2-04599	3	2021	PloS one	16S rRNA gene sequencing of rectal swab in patients affected by COVID-19.	10.1371/journal.pone.0247041	PRJNA681516	1	23				Respiratory		Gut	Amplicon	Italy	reviewer_agrees	
MMC2-04605	3	2021	Arthritis & rheumatology (Hoboken, N.J.)	The Pretreatment Gut Microbiome Is Associated With Lack of Response to Methotrexate in New-Onset Rheumatoid Arthritis.	10.1002/art.41622	PRJNA682730	1	139				Healthy	yes	Gut	Both	United States	reviewer_agrees	
MMC2-04609	3	2021	Oxidative medicine and cellular longevity	Gut Microbiota-Related Effects of Tanhuo Decoction in Acute Ischemic Stroke.	10.1155/2021/5596924	PRJNA683157	1	128				Cardiovascular		Gut	Amplicon	China	reviewer_agrees	
MMC2-04615	3	2022	Microbial biotechnology	Characteristic gut microbiota and metabolic changes in patients with pulmonary tuberculosis.	10.1111/1751-7915.13761	PRJNA684468	1	135				Respiratory		Gut	Amplicon	China	reviewer_agrees	
MMC2-04620	3	2021	Nature communications	Incidence and predictive biomarkers of Clostridioides difficile infection in hospitalized patients receiving broad-spectrum antibiotics.	10.1038/s41467-021-22269-y	PRJNA685914	1	1714				Infectious		Gut	Both	Spain	reviewer_agrees	
MMC2-04623	3	2022	European journal of pediatrics	Exploring the long-term colonisation and persistence of probiotic-prophylaxis species on the gut microbiome of preterm infants: a pilot study.	10.1007/s00431-022-04548-y	PRJNA687291; PRJNA751712; PRJNA805057	3	19				Gastrointestinal		Gut	Both	China	reviewer_agrees	
MMC2-04632	3	2023	mSystems	Oral microbial communities in children, caregivers, and associations with salivary biomeasures and environmental tobacco smoke exposure.	10.1128/msystems.00036-23	PRJNA689848	1	714				STI		Oral	Amplicon	United States	reviewer_agrees	
MMC2-04636	3	2021	BioMed research international	Comparative Analyses of the Subgingival Microbiome in Chronic Periodontitis Patients with and without Gingival Erosive Oral Lichen Planus Based on 16S rRNA Gene Sequencing.	10.1155/2021/9995225	PRJNA690677	1	39				Oral		Oral	Amplicon	China	reviewer_agrees	
MMC2-04647	3	2021	Scientific reports	Probiotics maintain the gut microbiome homeostasis during Indian Antarctic expedition by ship.	10.1038/s41598-021-97890-4	PRJNA694018	1	38				Healthy	yes	Gut	Shotgun	India	reviewer_agrees	
MMC2-04648	3	2021	NPJ biofilms and microbiomes	Gut dysbiosis and mortality in hemodialysis patients.	10.1038/s41522-021-00191-x	PRJNA694038	1	108				Renal		Gut	Amplicon	Taiwan	reviewer_agrees	
MMC2-04653	3	2025	Nature communications	Role of the upper airway microbiota in respiratory virus and bacterial pathobiont dynamics in the first year of life.	10.1038/s41467-025-60552-4	PRJNA698366	1	3037				Respiratory		Nasal	Both	Botswana	reviewer_agrees	
MMC2-04660	3	2021	Scientific reports	Longitudinal profiling of the burn patient cutaneous and gastrointestinal microbiota: a pilot study.	10.1038/s41598-021-89822-z	PRJNA701230	1	186				Infectious		Skin	Amplicon	United States	reviewer_agrees	
MMC2-04667	3	2021	Scientific reports	Potential role of microbiome in Chronic Fatigue Syndrome/Myalgic Encephalomyelits (CFS/ME).	10.1038/s41598-021-86425-6	PRJNA702047; PRJNA702086	2	183				Neurological		Multiple	Amplicon	Italy	reviewer_agrees	
MMC2-04703	3	2021	Scientific reports	The gut microbiome in pancreatogenic diabetes differs from that of Type 1 and Type 2 diabetes.	10.1038/s41598-021-90024-w	PRJNA723868	1	44				Metabolic		Gut	Amplicon	India	reviewer_agrees	
MMC2-04717	3	2025	mSphere	Multiple perinatal characteristics affect the association between maternal diabetes status and early neonatal gut microbiota.	10.1128/msphere.00914-24	PRJNA728531	1	247				Metabolic		Gut	Amplicon	China	reviewer_agrees	
MMC2-04719	3	2021	Frontiers in endocrinology	Alteration of Gut Microbiota Relates to Metabolic Disorders in Primary Aldosteronism Patients.	10.3389/fendo.2021.667951	PRJNA728662	1	65				Metabolic		Gut	Amplicon	China	reviewer_agrees	
MMC2-04722	3	2021	Frontiers in cellular and infection microbiology	Probiotic Lacticaseibacillus rhamnosus GR-1 and Limosilactobacillus reuteri RC-14 as an Adjunctive Treatment for Bacterial Vaginosis Do Not Increase the Cure Rate in a Chinese Cohort: A Prospective, P	10.3389/fcimb.2021.669901	PRJNA730591	1	543				Reproductive		Multiple	Amplicon	China	reviewer_agrees	
MMC2-04727	3	2022	Microbiome	Longitudinal disease-associated gut microbiome differences in infants with food protein-induced allergic proctocolitis.	10.1186/s40168-022-01322-y	PRJNA730851	1	954				Gastrointestinal		Gut	Amplicon	United States	reviewer_agrees	
MMC2-04728	3	2021	Frontiers in immunology	The Salivary Microbiota of Patients With Primary Biliary Cholangitis Is Distinctive and Pathogenic.	10.3389/fimmu.2021.713647	PRJNA732238	1	101				Cancer		Oral	Amplicon	China	reviewer_agrees	
MMC2-04740	3	2021	NPJ biofilms and microbiomes	Reduced stress-associated FKBP5 DNA methylation together with gut microbiota dysbiosis is linked with the progression of obese PCOS patients.	10.1038/s41522-021-00231-6	PRJNA737206	1	136				Reproductive		Gut	Amplicon	China	reviewer_agrees	
MMC2-04745	3	2023	The Lancet. Microbe	Effect of amoxicillin on the gut microbiome of children with severe acute malnutrition in Madarounfa, Niger: a retrospective metagenomic analysis of a placebo-controlled trial.	10.1016/S2666-5247(23)00213-6	PRJNA739008	1	434				Metabolic		Gut	Shotgun	Niger	reviewer_agrees	
MMC2-04762	3	2021	Nature microbiology	Haematopoietic cell transplantation outcomes are linked to intestinal mycobiota dynamics and an expansion of Candida parapsilosis complex species.	10.1038/s41564-021-00989-7	PRJNA746305	1	1274				Immune Complications		Gut	Amplicon	United States	reviewer_agrees	
MMC2-04765	3	2021	Frontiers in cellular and infection microbiology	A Pro-Inflammatory Gut Microbiome Characterizes SARS-CoV-2 Infected Patients and a Reduction in the Connectivity of an Anti-Inflammatory Bacterial Network Associates With Severe COVID-19.	10.3389/fcimb.2021.747816	PRJNA747262	1	212				Respiratory		Gut	Amplicon	Germany	reviewer_agrees	
MMC2-04766	3	2021	Frontiers in cellular and infection microbiology	Salivary Microbial Dysbiosis Is Associated With Peri-Implantitis: A Case-Control Study in a Brazilian Population.	10.3389/fcimb.2021.696432	PRJNA747611	1	1				Respiratory		Oral	Amplicon	Brazil	reviewer_named_tier	
MMC2-04781	3	2022	BMC pregnancy and childbirth	Dynamics of gut microbiota during pregnancy in women with TPOAb-positive subclinical hypothyroidism: a prospective cohort study.	10.1186/s12884-022-04923-5	PRJNA751915	1	297				Endocrine		Gut	Amplicon	China	reviewer_agrees	
MMC2-04785	3	2022	Frontiers in cellular and infection microbiology	Development and validation of diagnostic models for immunoglobulin A nephropathy based on gut microbes.	10.3389/fcimb.2022.1059692	PRJNA752445; PRJNA801894; PRJNA832071; PRJNA866322	4	1048	sample_alias	reviewer_note	yes	Renal		Gut	Amplicon	China	reviewer_agrees	
MMC2-04791	3	2022	The Journal of infection	Nasopharyngeal Microbiota as an early severity biomarker in COVID-19 hospitalised patients.	10.1016/j.jinf.2021.12.030	PRJNA754005	1	177	host_disease	reviewer_note		Respiratory		Pulmonary	Amplicon	Spain	reviewer_agrees	
MMC2-04792	3	2022	American journal of respiratory and critical care medicine	Lung Allograft Microbiome Association with Gastroesophageal Reflux, Inflammation, and Allograft Dysfunction.	10.1164/rccm.202110-2413OC	PRJNA754787	1	270				Gastrointestinal		Pulmonary	Amplicon	Canada	reviewer_agrees	
MMC2-04803	3	2022	Microbiology spectrum	The Impact of Mouthwash on the Oropharyngeal Microbiota of Men Who Have Sex with Men: a Substudy of the OMEGA Trial.	10.1128/spectrum.01757-21	PRJNA759097	1	306				STI		Oral	Amplicon	Australia	reviewer_agrees	
MMC2-04806	3	2021	Frontiers in immunology	Therapeutic Potential of a Novel Bifidobacterium Identified Through Microbiome Profiling of RA Patients With Different RF Levels.	10.3389/fimmu.2021.736196	GSE183154; PRJNA759926	1	109	sample_alias; very	reviewer_note	yes	Autoimmune		Gut	Amplicon	South Korea	reviewer_agrees	
MMC2-04818	3	2022	mBio	Bacterial Signatures of Cerebral Thrombi in Large Vessel Occlusion Stroke.	10.1128/mbio.01085-22	PRJNA764274	1	400				Cardiovascular		Multiple	Amplicon	China	reviewer_agrees	
MMC2-04819	3	2023	Nutrients	Integrated Omic Analysis of Human Plasma Metabolites and Microbiota in a Hypertension Cohort.	10.3390/nu15092074	PRJNA764503; PRJNA765566; PRJNA774166	3	733				Cardiovascular		Oral	Both	China	reviewer_agrees	
MMC2-04827	3	2022	Nutrients	Effects of Smoking on the Gut Microbiota in Individuals with Type 2 Diabetes Mellitus.	10.3390/nu14224800	PRJNA766337	1	497				Metabolic		Gut	Amplicon	Japan	reviewer_agrees	
MMC2-04835	3	2021	Frontiers in cellular and infection microbiology	Analysis of Salivary Microbiome and Its Association With Periodontitis in Patients With Obstructive Sleep Apnea.	10.3389/fcimb.2021.752475	PRJNA767516	1	123				Oral		Oral	Amplicon	China	reviewer_agrees	
MMC2-04845	3	2022	Microbiome	Gut metabolites predict Clostridioides difficile recurrence.	10.1186/s40168-022-01284-1	PRJNA772946	1	278				Infectious		Gut	Amplicon	United States	reviewer_agrees	
MMC2-04851	3	2022	Journal of dental research	Particle Size, Mass Concentration, and Microbiota in Dental Aerosols.	10.1177/00220345221087880	PRJNA776892	1	201				Respiratory		Multiple	Amplicon	Canada	reviewer_agrees	
MMC2-04870	3	2024	Journal of translational medicine	Microbial and proteomic signatures of type 2 diabetes in an Arab population.	10.1186/s12967-024-05928-8	PRJNA781451	1	2974				Metabolic		Oral	Amplicon	Qatar	reviewer_agrees	
MMC2-04890	3	2024	Annals of medicine	Investigation of gut microbiota disorders in norovirus infected children patients based on 16s rRNA sequencing.	10.1080/07853890.2024.2412834	PRJNA788674	1	56				Gastrointestinal		Gut	Amplicon	China	reviewer_agrees	
MMC2-04902	3	2022	Frontiers in cellular and infection microbiology	Alterations in the Gut Microbiome of Individuals With Tuberculosis of Different Disease States.	10.3389/fcimb.2022.836987	PRJNA795263	1	142				Respiratory		Gut	Amplicon	China	reviewer_agrees	
MMC2-04905	3	2022	Scientific reports	Dietary carbohydrate intake is associated with the subgingival plaque oral microbiome abundance and diversity in a cohort of postmenopausal women.	10.1038/s41598-022-06421-2	PRJNA796273	1	1204				Oral		Oral	Amplicon	United States	reviewer_agrees	
MMC2-04924	3	2022	Frontiers in cellular and infection microbiology	Gut Microbiota Dysbiosis in BK Polyomavirus-Infected Renal Transplant Recipients: A Case-Control Study.	10.3389/fcimb.2022.860201	PRJNA801362	1	48				Infectious		Gut	Amplicon	China	reviewer_agrees	
MMC2-04925	3	2023	PloS one	Comparing the gut microbiome of obese, African American, older adults with and without mild cognitive impairment.	10.1371/journal.pone.0280211	PRJNA801673	1	60				Neurodegenerative		Gut	Amplicon	United States	reviewer_agrees	
MMC2-04941	3	2024	Scientific reports	Uncovering the characteristics of the gut microbiota in patients with ischemic stroke and hemorrhagic stroke.	10.1038/s41598-024-62606-x	PRJNA807091	1	70				Cardiovascular		Gut	Amplicon	China	reviewer_agrees	
MMC2-04946	3	2022	Frontiers in endocrinology	Study on the differences of gut microbiota composition between phlegm-dampness syndrome and qi-yin deficiency syndrome in patients with metabolic syndrome.	10.3389/fendo.2022.1063579	PRJNA809501	1	90				Metabolic		Gut	Amplicon	China	reviewer_agrees	
MMC2-04951	3	2023	Journal of Korean medical science	Gut Microbiota Dysbiosis Correlates With Long COVID-19 at One-Year After Discharge.	10.3346/jkms.2023.38.e120	PRJNA810742	1	188				Respiratory		Gut	Amplicon	China	reviewer_agrees	
MMC2-04981	3	2022	BMC pregnancy and childbirth	Characteristics of the gut microbiota in pregnant women with fetal growth restriction.	10.1186/s12884-022-04635-w	PRJNA820332	1	1				Reproductive		Gut	Amplicon	China	reviewer_named_tier	
MMC2-04996	3	2022	Med (New York, N.Y.)	Heterogeneity in statin responses explained by variation in the human gut microbiome.	10.1016/j.medj.2022.04.007	PRJNA826530; PRJNA826648	2	1512				Metabolic		Gut	Amplicon	United States	reviewer_agrees	
MMC2-05048	3	2023	Nature medicine	Dysbiosis of a microbiota-immune metasystem in critical illness is associated with nosocomial infections.	10.1038/s41591-023-02243-5	PRJNA851469	1	122				Infectious		Gut	Amplicon	Canada	reviewer_agrees	
MMC2-05052	3	2023	Journal of translational medicine	Metagenomic analysis examines oral microbiome changes and interplay with immune response following prenatal total oral rehabilitation.	10.1186/s12967-023-03997-9	PRJNA852341	1	2				Reproductive		Oral	Amplicon	United States	reviewer_agrees	
MMC2-05059	3	2022	Frontiers in immunology	Metagenomic shotgun sequencing and metabolomic profiling identify specific human gut microbiota associated with diabetic retinopathy in patients with type 2 diabetes.	10.3389/fimmu.2022.943325	PRJNA855128	1	26				Metabolic		Gut	Shotgun	China	reviewer_agrees	
MMC2-05067	3	2025	Obesity surgery	Sleeve Gastrectomy and Gastric Bypass Impact in Patient's Metabolic, Gut Microbiome, and Immuno-inflammatory Profiles-A Comparative Study.	10.1007/s11695-025-07708-9	PRJNA859272	1	48				Metabolic		Gut	Amplicon	Portugal	reviewer_agrees	
MMC2-05088	3	2023	The Journal of allergy and clinical immunology	Longitudinal dynamics of the gut microbiome and metabolome in peanut allergy development.	10.1016/j.jaci.2023.08.012	PRJNA868282	1	244				Infectious		Gut	Amplicon	United States	reviewer_agrees	
MMC2-05094	3	2023	Gut microbes	Cholestasis impairs gut microbiota development and bile salt hydrolase activity in preterm neonates.	10.1080/19490976.2023.2183690	PRJNA870588	1	114				Liver		Gut	Shotgun	United States	reviewer_agrees	
MMC2-05117	3	2023	Scientific reports	Long-term benefit of DAAs on gut dysbiosis and microbial translocation in HCV-infected patients with and without HIV coinfection.	10.1038/s41598-023-41664-7	PRJNA882461	1	158				Liver		Gut	Amplicon	Thailand	reviewer_agrees	
MMC2-05121	3	2023	Brain and behavior	Longitudinal study of gut microbiome in obsessive-compulsive disorder.	10.1002/brb3.3115	PRJNA883179	1	79				Healthy	yes	Gut	Shotgun	Sweden	reviewer_agrees	
MMC2-05125	3	2022	Frontiers in cellular and infection microbiology	Entamoeba gingivalis is associated with periodontal conditions in Chinese young patients: A cross-sectional study.	10.3389/fcimb.2022.1020730	PRJNA884825; PRJNA885264	2	240				Cancer		Oral	Amplicon	China	reviewer_agrees	
MMC2-05146	3	2022	Frontiers in cellular and infection microbiology	Diurnal changes of the oral microbiome in patients with alcohol dependence.	10.3389/fcimb.2022.1068908	PRJNA895096	1	212	drag	reviewer_note		Healthy	yes	Oral	Amplicon	China	reviewer_agrees	
MMC2-05150	3	2025	BMC oral health	Association between oral microbial diversity (only bacteria) and diabetes in U.S. adults: analysis of NHANES 2009-2012 data.	10.1186/s12903-025-06204-x	PRJNA896165	1	2070				Metabolic		Gut	Amplicon	United States	reviewer_agrees	
MMC2-05153	3	2023	EBioMedicine	Mycoplasma pneumoniae carriage in children with recurrent respiratory tract infections is associated with a less diverse and altered microbiota.	10.1016/j.ebiom.2023.104868	PRJNA897835	1	372				Respiratory		Nasal	Amplicon	Netherlands	reviewer_agrees	
MMC2-05158	3	2023	The Journal of allergy and clinical immunology	Airway microbiota and immune mediator relationships differ in obesity and asthma.	10.1016/j.jaci.2022.11.024	PRJNA899889	1	61				Respiratory		Pulmonary	Amplicon	United States	reviewer_agrees	
MMC2-05212	3	2024	Respiratory research	The clinical impacts of lung microbiome in bronchiectasis with fixed airflow obstruction: a prospective cohort study.	10.1186/s12931-024-02931-x	PRJNA924101	1	288				Cancer		Multiple	Amplicon	Taiwan	reviewer_agrees	
MMC2-05229	3	2023	Frontiers in cellular and infection microbiology	Effects of second-line anti-tuberculosis drugs on the intestinal microbiota of patients with rifampicin-resistant tuberculosis.	10.3389/fcimb.2023.1127916	PRJNA932263	1	150				Respiratory		Gut	Shotgun	China	reviewer_agrees	
MMC2-05255	3	2024	Frontiers in immunology	Intensive oral prophylaxis does not alter the tongue microbiome in young patients with chronic kidney disease: longitudinal, randomized, controlled study.	10.3389/fimmu.2024.1430655	PRJNA938485	1	106				Oral		Oral	Amplicon	Germany	reviewer_agrees	
MMC2-05262	3	2024	American journal of respiratory and critical care medicine	Accelerated Lung Function Decline and Mucus-Microbe Evolution in Chronic Obstructive Pulmonary Disease.	10.1164/rccm.202306-1060OC	PRJNA941079	1	116				Respiratory		Pulmonary	Shotgun	United Kingdom	reviewer_agrees	
MMC2-05264	3	2025	Annals of medicine	Maternal group B Streptococcus decreases infant length and alters the early-life microbiome: a prospective cohort study.	10.1080/07853890.2024.2442070	PRJNA943482	1	279				Infectious		Multiple	Amplicon	China	reviewer_agrees	
MMC2-05274	3	2024	BMC pulmonary medicine	Exploring the microbiota difference of bronchoalveolar lavage fluid between community-acquired pneumonia with or without COPD based on metagenomic sequencing: a retrospective study.	10.1186/s12890-024-03087-6	PRJNA946338	1	47	host_disease	disease_key		Respiratory		Pulmonary	Shotgun	China	reviewer_agrees	
MMC2-05293	3	2024	AIDS (London, England)	Dysbiosis of gut microbiota and metabolites during AIDS: implications for CD4 + T cell reduction and immune activation.	10.1097/QAD.0000000000003812	PRJNA952811	1	317				STI		Gut	Amplicon	China	no_means_disease_absent	
MMC2-05303	3	2025	mBio	Persistent delay in maturation of the developing gut microbiota in infants with cystic fibrosis.	10.1128/mbio.03420-24	PRJNA955235	1	190				Respiratory		Gut	Shotgun	United States	reviewer_agrees	
MMC2-05308	3	2024	Alcohol (Fayetteville, N.Y.)	Effects of alcohol on the composition and metabolism of the intestinal microbiota among people with HIV: A cross-sectional study.	10.1016/j.alcohol.2024.02.003	PRJNA957577	1	93				STI		Gut	Amplicon	China	reviewer_agrees	
MMC2-05332	3	2024	Scientific reports	Dysbiotic signatures and diagnostic potential of gut microbial markers for inflammatory bowel disease in Korean population.	10.1038/s41598-024-74002-6	PRJNA978516	1	640				Gastrointestinal		Gut	Amplicon	South Korea	reviewer_agrees	
MMC2-05335	3	2025	BMC public health	Gut microbiota bridging spicy food intake and obesity: evidence from the China Multi-Ethnic Cohort (CMEC) study.	10.1186/s12889-025-23936-1	PRJNA980385; PRJNA980412	2	104	host	reviewer_note		Metabolic		Gut	Amplicon	China	reviewer_agrees	
MMC2-05342	3	2025	Frontiers in immunology	Gut microbiota is associated with persistence of longer-term BNT162b2 vaccine immunogenicity.	10.3389/fimmu.2025.1534787	PRJNA983517	1	242				Respiratory		Gut	Shotgun	China	reviewer_agrees	
MMC2-05344	3	2024	EBioMedicine	Alterations in the gut mycobiome with coronary artery disease severity.	10.1016/j.ebiom.2024.105137	PRJNA984163; PRJNA984626	2	264				Cardiovascular		Gut	Amplicon	China	reviewer_agrees	
MMC2-05347	3	2023	Frontiers in cellular and infection microbiology	Application of mNGS in the study of pulmonary microbiome in pneumoconiosis complicated with pulmonary infection patients and exploration of potential biomarkers.	10.3389/fcimb.2023.1200157	PRJNA985087	1	61				Respiratory		Pulmonary	Shotgun	China	reviewer_agrees	
MMC2-05361	3	2024	International journal of molecular sciences	An Analysis of the Digestive and Reproductive Tract Microbiota in Infertile Women with Obesity.	10.3390/ijms252312600	PRJNA993585	1	371				Metabolic		Multiple	Amplicon	Spain	reviewer_agrees	
MMC2-05372	3	2012	PloS one	Disruption of the human gut microbiota following Norovirus infection.	10.1371/journal.pone.0048224	PRJNA48333	1	155				Infectious		Oral	Both	United States	reviewer_named_tier	
MMC2-05397	3	2017	Microbiome	Influence of the pneumococcal conjugate vaccines on the temporal variation of pneumococcal carriage and the nasal microbiota in healthy infants: a longitudinal analysis of a case-control study.	10.1186/s40168-017-0302-6	PRJNA246046	1	4				Infectious		Multiple	Amplicon	Switzerland	reviewer_agrees	
MMC2-05401	3	2017	The European respiratory journal	Airway microbiota across age and disease spectrum in cystic fibrosis.	10.1183/13993003.00832-2017	PRJNA254115	1	118				Respiratory		Pulmonary	Amplicon	United States	reviewer_agrees	
MMC2-05405	3	2014	mBio	Susceptibility to Campylobacter infection is associated with the species composition of the human fecal microbiota.	10.1128/mBio.01212-14	PRJNA253527	1	80				Infectious		Gut	Amplicon	Sweden	reviewer_agrees	
MMC2-05412	3	2015	Inflammatory bowel diseases	Fungal Signature in the Gut Microbiota of Pediatric Patients With Inflammatory Bowel Disease.	10.1097/MIB.0000000000000454	SRP050217	1	2				Gastrointestinal		Gut	Amplicon	United States	reviewer_agrees	
MMC2-05422	3	2016	Microbiome	Disruption of the microbiota across multiple body sites in critically ill children.	10.1186/s40168-016-0211-0	PRJNA281626	1	266				Healthy	yes	Multiple	Amplicon	United States	reviewer_agrees	
MMC2-05424	3	2015	Inflammatory bowel diseases	Alterations of the Subgingival Microbiota in Pediatric Crohn's Disease Studied Longitudinally in Discovery and Validation Cohorts.	10.1097/MIB.0000000000000557	SRP057992; SRP058007	2	5				Gastrointestinal		Skin	Amplicon	United States	reviewer_agrees	
MMC2-05431	3	2016	Microbiome	Composition and dynamics of the respiratory tract microbiome in intubated patients.	10.1186/s40168-016-0151-8	SRP062137	1	1				Respiratory		Skin	Amplicon	United States	reviewer_named_tier	
MMC2-05439	3	2016	Microbiome	Correlation of the lung microbiota with metabolic profiles in bronchoalveolar lavage fluid in HIV infection.	10.1186/s40168-016-0147-4	PRJNA299510	1	378				Respiratory		Multiple	Amplicon	United States	reviewer_agrees	
MMC2-05440	3	2019	The journal of maternal-fetal & neonatal medicine : the official journal of the           European Association of Perinatal Medicine, the Federation of Asia and Oceania            Perinatal Societies, the International Society of Perinatal Obstetricians	Prenatal complications are associated with the postnatal airway host response and microbiota in intubated preterm infants.	10.1080/14767058.2017.1407310	PRJNA303160	1	379				Reproductive		Pulmonary	Amplicon	United States	reviewer_agrees	
MMC2-05442	3	2016	PloS one	Airway Microbiota in Bronchoalveolar Lavage Fluid from Clinically Well Infants with Cystic Fibrosis.	10.1371/journal.pone.0167649	PRJNA304740	1	11				Respiratory		Pulmonary	Amplicon	United States	reviewer_agrees	
MMC2-05454	3	2019	mBio	Durable Long-Term Bacterial Engraftment following Encapsulated Fecal Microbiota Transplantation To Treat Clostridium difficile Infection.	10.1128/mBio.01586-19	PRJNA311224	1	480				Gastrointestinal		Gut	Amplicon	United States	reviewer_named_tier	
MMC2-05478	3	2019	PloS one	Hepatic glycogen storage diseases are associated to microbial dysbiosis.	10.1371/journal.pone.0214582	PRJNA354838	1	95				Gastrointestinal		Multiple	Amplicon	Brazil	reviewer_named_tier	
MMC2-05479	3	2017	Genome biology	Relationships between gut microbiota, plasma metabolites, and metabolic syndrome traits in the METSIM cohort.	10.1186/s13059-017-1194-2	PRJNA368739	1	531				Metabolic		Gut	Amplicon	Finland	reviewer_agrees	
MMC2-05487	3	2017	Scientific reports	Unveiling the gut microbiota composition and functionality associated with constipation through metagenomic analyses.	10.1038/s41598-017-10663-w	PRJNA386307; PRJNA386422	2	122				Gastrointestinal		Gut	Both	Italy	reviewer_agrees	
MMC2-05490	3	2018	Respiratory research	Lower respiratory tract microbial composition was diversified in Pseudomonas aeruginosa ventilator-associated pneumonia patients.	10.1186/s12931-018-0847-3	PRJNA394618	1	107				Respiratory		Pulmonary	Amplicon	China	reviewer_agrees	
MMC2-05494	3	2017	Frontiers in cellular and infection microbiology	The Influence of Proton Pump Inhibitors on the Fecal Microbiome of Infants with Gastroesophageal Reflux-A Prospective Longitudinal Interventional Study.	10.3389/fcimb.2017.00444	PRJNA412497	1	36				Gastrointestinal		Gut	Amplicon	Austria	reviewer_agrees	
MMC2-05498	3	2018	PloS one	Short term dynamics of the sputum microbiome among COPD patients.	10.1371/journal.pone.0191499	PRJNA418003	1	26				Respiratory		Pulmonary	Amplicon	United States	reviewer_agrees	
MMC2-05503	3	2018	PloS one	Carious status and supragingival plaque microbiota in hemodialysis patients.	10.1371/journal.pone.0204674	PRJNA422651	1	1				Renal		Oral	Amplicon	China	reviewer_named_tier	
MMC2-05508	3	2018	Intensive care medicine	Pathogen colonization of the gastrointestinal microbiome at intensive care unit admission and risk for subsequent death or infection.	10.1007/s00134-018-5268-8	PRJNA430883	1	324				Infectious		Gut	Amplicon	United States	reviewer_agrees	
MMC2-05514	3	2018	Scientific reports	Changes in the gut microbiota composition during pregnancy in patients with gestational diabetes mellitus (GDM).	10.1038/s41598-018-30735-9	PRJNA438491	1	82				Metabolic		Gut	Amplicon	Italy	reviewer_agrees	
MMC2-05515	3	2019	Respiratory research	Airway host-microbiome interactions in chronic obstructive pulmonary disease.	10.1186/s12931-019-1085-z	GSE112165; PRJNA439311	1	102				Respiratory		Pulmonary	Amplicon	United Kingdom	reviewer_agrees	
MMC2-05522	3	2019	PloS one	A single alcohol binge impacts on neutrophil function without changes in gut barrier function and gut microbiome composition in healthy volunteers.	10.1371/journal.pone.0211703	PRJNA453963	1	30				Metabolic		Gut	Amplicon	Austria	reviewer_agrees	
MMC2-05527	3	2018	PloS one	Rapid gastrointestinal loss of Clostridial Clusters IV and XIVa in the ICU associates with an expansion of gut pathogens.	10.1371/journal.pone.0200322	PRJNA474221	1	182				Infectious		Gut	Amplicon	United States	reviewer_agrees	
MMC2-05531	3	2023	Journal of pediatric gastroenterology and nutrition	Mucosal Microbiota Associated With Eosinophilic Esophagitis and Eosinophilic Gastritis.	10.1097/MPG.0000000000003685	PRJNA484418	1	303				Gastrointestinal		Gut	Amplicon	United States	reviewer_agrees	
MMC2-05532	3	2019	World journal of gastroenterology	Characteristics of mucosa-associated gut microbiota during treatment in Crohn's disease.	10.3748/wjg.v25.i18.2204	PRJNA485216	1	74				Gastrointestinal		Gut	Shotgun	China	reviewer_agrees	
MMC2-05536	3	2018	Frontiers in cellular and infection microbiology	The Predictive Potentiality of Salivary Microbiome for the Recurrence of Early Childhood Caries.	10.3389/fcimb.2018.00423	PRJNA493618	1	84				Oral		Oral	Amplicon	China	reviewer_agrees	
MMC2-05544	3	2019	Nature communications	Colonizing multidrug-resistant bacteria and the longitudinal evolution of the intestinal microbiome after liver transplantation.	10.1038/s41467-019-12633-4	PRJNA522306	1	798				Infectious		Gut	Amplicon	United States	reviewer_agrees	
MMC2-05558	3	2021	Frontiers in immunology	Alteration of the Gut Microbiome in Chronic Kidney Disease Patients and Its Association With Serum Free Immunoglobulin Light Chains.	10.3389/fimmu.2021.609700	PRJNA659589	1	237				Infectious		Gut	Amplicon	China	reviewer_agrees	
MMC2-05563	3	2023	Frontiers in cellular and infection microbiology	Gut microbiome profiles may be related to atypical antipsychotic associated overweight in Asian children with psychiatric disorder: a preliminary study.	10.3389/fcimb.2023.1124846	PRJNA724918	1	305				Metabolic		Gut	Amplicon	China	reviewer_agrees	
MMC2-05565	3	2021	Frontiers in immunology	The Underrated Salivary Virome of Men Who Have Sex With Men Infected With HIV.	10.3389/fimmu.2021.759253	PRJNA743426	1	25				Infectious		Oral	Shotgun	China	reviewer_agrees	
MMC2-05570	3	2024	The Journal of nutrition	Diet, Microbiome, and Inflammation Predictors of Fecal and Plasma Short-Chain Fatty Acids in Humans.	10.1016/j.tjnut.2024.08.012	PRJNA1090850; PRJNA795985	2	330				Healthy	yes	Gut	Shotgun	United States	reviewer_agrees	
MMC2-05572	3	2022	Frontiers in cellular and infection microbiology	The effect of gut microbiota dysbiosis on patients with preeclampsia.	10.3389/fcimb.2022.1022857	PRJNA874332	1	86				Reproductive		Gut	Amplicon	China	reviewer_agrees	
MMC2-05573	3	2024	Scientific reports	The gut microbiome predicts response to UDCA/CDCA treatment in gallstone patients: comparison of responders and non-responders.	10.1038/s41598-024-53173-2	PRJNA930051	1	66				Healthy	yes	Gut	Amplicon	South Korea	reviewer_agrees	
MMC2-05589	3	2025	Journal of the American Heart Association	Association of Subgingival Microbiota Composition With Risk, Severity, and Outcome of Cryptogenic Ischemic Stroke in Young Adults.	10.1161/JAHA.125.043495	PRJEB82979	1	287				Cardiovascular		Oral	Amplicon	United Kingdom	reviewer_agrees	
MMC2-05592	3	2025	The Journal of infectious diseases	Alterations of the Upper Respiratory Microbiome Among Children Living With HIV Infection in Botswana.	10.1093/infdis/jiaf429	PRJNA1049442	1	152				Infectious		Nasal	Shotgun	Botswana	reviewer_agrees	
MMC2-05612	3	2025	Journal of assisted reproduction and genetics	Vaginal microbiota correlations to gynecological symptoms, intimate hygiene practices, and background parameters of IVF patients: a cross-sectional study.	10.1007/s10815-025-03629-9		0	0				Healthy	yes	Vaginal	Amplicon		reviewer_named_tier	
MMC2-05620	3	2025	BMC microbiology	An analysis of the vaginal microbiota in women positive for group B Streptococcus during the third trimester of pregnancy.	10.1186/s12866-025-04184-0	PRJNA1256138	1	62				Metabolic		Vaginal	Amplicon	China	reviewer_agrees	
MMC2-05630	3	2025	The Journal of infectious diseases	The Impact of Testosterone Therapy on the Vaginal Microbiota of Transgender Men and Nonbinary People: A Prospective Study.	10.1093/infdis/jiaf114	PRJNA1200677	1	718				Endocrine		Vaginal	Amplicon		reviewer_agrees	
MMC2-05636	3	2024	Frontiers in cellular and infection microbiology	Associations of vaginal microbiota with the onset, severity, and type of symptoms of genitourinary syndrome of menopause in women.	10.3389/fcimb.2024.1402389		0	0				Infectious		Multiple	Amplicon		reviewer_named_tier	
MMC2-05637	3	2025	Journal of affective disorders	Affective symptoms in pregnancy are associated with the vaginal microbiome.	10.1016/j.jad.2024.09.108	PRJNA1099167	1	224				Mental Health		Vaginal	Amplicon	United States	reviewer_named_tier	
MMC2-05641	3	2024	BMC women's health	The vaginal microbiome of South African pregnant women living with human immunodeficiency virus (HIV) with and without Chlamydia trachomatis infection.	10.1186/s12905-024-03246-1		0	0				Healthy	yes	Vaginal	Amplicon		reviewer_named_tier	
MMC2-05646	3	2024	PloS one	Characteristics of cervicovaginal microflora at different cervical maturity during late pregnancy: A nested case-control study.	10.1371/journal.pone.0300510		0	0				Reproductive		Vaginal	Amplicon		reviewer_named_tier	
MMC2-05666	3	2023	EBioMedicine	Lactobacillus-dominance and rapid stabilization of vaginal microbiota in combined oral contraceptive pill users examined through a longitudinal cohort study with frequent vaginal sampling over two yea	10.1016/j.ebiom.2022.104407	PHS002169.V1.P1; PRJNA610195	1	4550				Infectious		Vaginal	Amplicon	United States	reviewer_agrees	
MMC2-05676	3	2022	BMC microbiology	The associations between low abundance of Mycoplasma hominis and female fecundability: a pregnancy-planning cohort study.	10.1186/s12866-022-02545-7	PRJNA741092	1	89				Infectious		Vaginal	Amplicon	China	reviewer_agrees	
MMC2-05677	3	2022	Scientific reports	Identification of vaginal microbiome associated with IVF pregnancy.	10.1038/s41598-022-10933-2		0	0				Reproductive		Vaginal	Amplicon		reviewer_named_tier	
MMC2-05690	3	2021	Frontiers in cellular and infection microbiology	Association of the Cervical Microbiota With Pregnancy Outcome in a Subfertile Population Undergoing	10.3389/fcimb.2021.654202	PRJNA693672	1	100				Reproductive		Gut	Amplicon	China	reviewer_agrees	
MMC2-05723	3	2020	BJOG : an international journal of obstetrics and gynaecology	The vaginal metabolome and microbiota of cervical HPV-positive and HPV-negative women: a cross-sectional analysis.	10.1111/1471-0528.15981	PHS001386; PRJNA391039	1	195				STI		Vaginal	Amplicon	United States	reviewer_agrees	
MMC2-05731	3	2020	Brazilian journal of microbiology : [publication of the Brazilian Society for Microbiology]	Defining microbial biomarkers for risk of preterm labor.	10.1007/s42770-019-00118-x		0	0				Reproductive		Vaginal	Amplicon		reviewer_named_tier	
MMC2-05732	3	2019	The Journal of infectious diseases	Specific Vaginal Bacteria Are Associated With an Increased Risk of Trichomonas vaginalis Acquisition in Women.	10.1093/infdis/jiz354	PRJNA548797	1	108				Infectious		Vaginal	Amplicon	United States	reviewer_agrees	
MMC2-05733	3	2019	Frontiers in cellular and infection microbiology	Association Analysis on Recurrence of Bacterial Vaginosis Revealed Microbes and Clinical Variables Important for Treatment Outcome.	10.3389/fcimb.2019.00189	PRJNA433569	1	201				Reproductive		Vaginal	Amplicon		reviewer_agrees	
MMC2-05737	3	2019	Scientific reports	The Endobiota Study: Comparison of Vaginal, Cervical and Gut Microbiota Between Women with Stage 3/4 Endometriosis and Healthy Controls.	10.1038/s41598-019-39700-6	ERS2487953; ERS2488036; PRJEB26800	3	86				Infectious		Multiple	Amplicon	Turkey	reviewer_agrees	
MMC2-05743	3	2018	Sexually transmitted infections		10.1136/sextrans-2017-053133		0	0				Healthy	yes	Vaginal	Amplicon		reviewer_named_tier	
MMC2-05746	3	2017	Menopause (New York, N.Y.)	Vaginal microbiota and genitourinary menopausal symptoms: a cross-sectional analysis.	10.1097/GME.0000000000000904	PRJNA376456	1	163				Healthy	yes	Vaginal	Amplicon	United States	reviewer_agrees	
MMC2-05747	3	2017	American journal of obstetrics and gynecology	Early pregnancy vaginal microbiome trends and preterm birth.	10.1016/j.ajog.2017.05.030	PRJNA294119	1	231				Reproductive		Vaginal	Both		reviewer_named_tier	
MMC2-05749	3	2017	AIDS (London, England)	Associations of the vaginal microbiota with HIV infection, bacterial vaginosis, and demographic factors.	10.1097/QAD.0000000000001421	SRP062720	1	4				Infectious		Vaginal	Amplicon		reviewer_agrees	
MMC2-05756	3	2015	Sexually transmitted diseases	Relationship of Specific Bacteria in the Cervical and Vaginal Microbiotas With Cervicitis.	10.1097/OLQ.0000000000000318	PRJNA283125	1	42				Infectious		Vaginal	Amplicon	United States	reviewer_agrees	
MMC2-05873	3	2022	Clinical infectious diseases : an official publication of the Infectious Diseases           Society of America	Respiratory Microbiome Disruption and Risk for Ventilator-Associated Lower Respiratory Tract Infection.	10.1093/cid/ciab678	PRJNA529220	1	2085				Respiratory		Pulmonary	Amplicon	United States	reviewer_agrees	
MMC2-06173	3	2021	EBioMedicine	Chronic cannabis smoking-enriched oral pathobiont drives behavioral changes, macrophage infiltration, and increases β-amyloid protein production in the brain.	10.1016/j.ebiom.2021.103701		0	0				Healthy	yes	Oral	Amplicon	United States	reviewer_named_tier	
MMC2-06443	3	2021	Scientific reports	Microbiota analysis and transient elastography reveal new extra-hepatic components of liver steatosis and fibrosis in obese patients.	10.1038/s41598-020-79718-9	PRJNA595949	1	190				Metabolic		Gut	Amplicon	Belgium	reviewer_agrees	
MMC2-06740	3	2019	Biology of blood and marrow transplantation : journal of the American Society for           Blood and Marrow Transplantation	Gut Colonization Preceding Mucosal Barrier Injury Bloodstream Infection in Pediatric Hematopoietic Stem Cell Transplantation Recipients.	10.1016/j.bbmt.2019.07.019		0	0				Infectious		Multiple	Shotgun	United States	reviewer_named_tier	
MMC2-06841	3	2019	Respiratory research	Chronic obstructive pulmonary disease upper airway microbiota alpha diversity is associated with exacerbation phenotype: a case-control observational study.	10.1186/s12931-019-1080-4		0	0				Respiratory		Multiple	Amplicon	United States	reviewer_named_tier	
MMC2-07873	3	2024	BMC microbiology	Reduced gut microbiota diversity in ulcerative colitis patients with latent tuberculosis infection during vedolizumab therapy: insights on prophylactic anti-tuberculosis effects.	10.1186/s12866-024-03705-7		0	0				Respiratory		Gut	Amplicon	China	reviewer_named_tier	
MMC2-08449	3	2025	Clinical gastroenterology and hepatology : the official clinical practice journal           of the American Gastroenterological Association	One Year of Gluten-Free Diet Impacts Gut Function and Microbiome in Celiac Disease.	10.1016/j.cgh.2024.11.006	PRJNA1023737	1	95				Gastrointestinal		Gut	Shotgun	United Kingdom	reviewer_agrees	
MMC2-08470	3	2025	The Lancet. Microbe	Investigation of associations between the neonatal gut microbiota and severe viral lower respiratory tract infections in the first 2 years of life: a birth cohort study with metagenomics.	10.1016/j.lanmic.2024.101072	PRJEB32631	1	2387				Respiratory		Gut	Shotgun	United Kingdom	reviewer_named_tier	
MMC2-08569	3	2024	Beneficial microbes	Oral supplementation of heat-killed Enterococcus faecalis strain EC-12 relieves gastrointestinal discomfort and alters the gut microecology in academically stressed students.	10.1163/18762891-bja00046	PRJNA1106567	1	54				Healthy	yes	Gut	Amplicon	Japan	reviewer_agrees	
MMC2-08578	3	2025	Journal of dentistry	Salivary microbiota in children with and without type 1 diabetes mellitus: A one-year follow-up study.	10.1016/j.jdent.2025.106109	PRJEB89884	1	110				Metabolic		Oral	Amplicon	Turkey	reviewer_agrees	
MMC2-08596	3	2019	Journal of autoimmunity	Changes in the composition of the upper respiratory tract microbial community in granulomatosis with polyangiitis.	10.1016/j.jaut.2018.10.005	PRJNA494384	1	72				Respiratory		Nasal	Amplicon	Germany	reviewer_agrees	
MMC2-08659	3	2018	The European respiratory journal	Evaluation of the airway microbiome in nontuberculous mycobacteria disease.	10.1183/13993003.00810-2018	PRJNA418131	1	521				Respiratory		Pulmonary	Amplicon	United States	reviewer_agrees	
MMC2-08720	3	2016	The European respiratory journal	Lung microbiome dynamics in COPD exacerbations.	10.1183/13993003.01406-2015	PRJNA299077	1	476				Respiratory		Pulmonary	Amplicon	United Kingdom	reviewer_agrees	
MMC2-08870	3	2025	APMIS : acta pathologica, microbiologica, et immunologica Scandinavica	Alterations in the Tongue Coating Microbiome in Patients With Diarrhea-Predominant Irritable Bowel Syndrome: A Cross-Sectional Study.	10.1111/apm.70001		0	0				Gastrointestinal		Multiple	Amplicon	China	reviewer_named_tier	
MMC2-08961	3	2019	Journal of pediatric gastroenterology and nutrition	A Prospective Study on Child Morbidity and Gut Microbiota in Rural Malawi.	10.1097/MPG.0000000000002435	PRJEB29433	1	3230				Gastrointestinal		Gut	Amplicon	Singapore	reviewer_agrees	
MMC2-09020	3	2020	Brain : a journal of neurology	Gut metagenomics-derived genes as potential biomarkers of Parkinson's disease.	10.1093/brain/awaa201	PRJNA433459	1	80				Neurodegenerative		Gut	Shotgun	China	reviewer_agrees	
MMC2-09072	3	2023	Experimental dermatology	A cross-sectional cohort study on the skin microbiota in patients with different acne durations.	10.1111/exd.14951	PRJNA995545	1	70				Skin		Skin	Amplicon	China	reviewer_agrees	
MMC2-09096	3	2024	Journal of digestive diseases	Liver cirrhosis and antibiotic therapy but not TIPS application leads to a shift of the intestinal bacterial communities: A controlled, prospective study.	10.1111/1751-2980.13262	PRJEB21819	1	84				Liver		Gut	Amplicon	Germany	reviewer_agrees	
MMC2-09121	3	2018	The Journal of nutrition	Independent of Birth Mode or Gestational Age, Very-Low-Birth-Weight Infants Fed Their Mothers' Milk Rapidly Develop Personalized Microbiotas Low in Bifidobacterium.	10.1093/jn/nxx071	PRJNA328987	1	231				Healthy	yes	Gut	Amplicon	Canada	reviewer_agrees	
MMC2-09355	3	2019	Brain, behavior, and immunity	Altered microbiomes distinguish Alzheimer's disease from amnestic mild cognitive impairment and health in a Chinese cohort.	10.1016/j.bbi.2019.05.008	PRJNA496408	1	1				Neurodegenerative		Gut	Amplicon	China	reviewer_named_tier	
MMC2-09391	3	2023	Neuropsychobiology	Gut Microbiome Composition and Its Association with Sleep in Major Psychiatric Disorders.	10.1159/000530386	PRJNA845887	1	103				Mental Health		Gut	Amplicon	Austria	reviewer_agrees	
MMC2-09414	3	2020	American journal of physiology. Endocrinology and metabolism	Combined effects of Scutellaria baicalensis with metformin on glucose tolerance of patients with type 2 diabetes via gut microbiota modulation.	10.1152/ajpendo.00221.2019	10.6084/M9.FIGSHARE.9979979; PRJEB30770	1	23				Metabolic		Gut	Amplicon	South Korea	reviewer_agrees	
MMC2-09431	3	2020	Pediatric obesity	Microbiome of the first stool and overweight at age 3 years: A prospective cohort study.	10.1111/ijpo.12680	PRJNA311499	1	298				Metabolic		Gut	Amplicon	Finland	reviewer_named_tier	
MMC2-09685	3	2023	Nature medicine	Robust airway microbiome signatures in acute respiratory failure and hospital-acquired pneumonia.	10.1038/s41591-023-02617-9	PRJNA1020542	1	275				Respiratory		Pulmonary	Amplicon	France	reviewer_agrees	
MMC2-09751	3	2024	Clinical microbiology and infection : the official publication of the European           Society of Clinical Microbiology and Infectious Diseases	Gut microbiome diversity and composition in individuals with and without extended-spectrum β-lactamase-producing Enterobacterales carriage: a matched case-control study in infectious diseases departme	10.1016/j.cmi.2024.03.016	PRJNA1024378	1	352				Infectious		Gut	Amplicon	France	reviewer_agrees	
MMC2-09755	3	2019	The British journal of nutrition	Short-term impact of sucralose consumption on the metabolic response and gut microbiome of healthy adults.	10.1017/S0007114519001570	PRJEB27704	1	56				Metabolic		Gut	Amplicon	Chile	reviewer_agrees	
MMC2-09771	3	2023	Pediatric pulmonology	Impact of the bacterial nasopharyngeal microbiota on the severity of genus enterovirus lower respiratory tract infection in children: A case-control study.	10.1002/ppul.26393	10.6084/M9.FIGSHARE.19825249; 10.6084/M9.FIGSHARE.19825450; 10.6084/M9.FIGSHARE.19825837; 10.6084/M9.FIGSHARE.19826008; PRJEB52956	1	119				Respiratory		Nasal	Amplicon	Spain	reviewer_named_tier	
MMC2-09772	3	2025	American journal of transplantation : official journal of the American Society of           Transplantation and the American Society of Transplant Surgeons	Gut microbiome alterations precede graft rejection in kidney transplantation patients.	10.1016/j.ajt.2025.02.010	PRJNA1106540	1	566				Immune Complications		Gut	Amplicon	Germany	reviewer_agrees	
MMC2-09818	3	2023	Allergy	The skin microbiome in the first year of life and its association with atopic dermatitis.	10.1111/all.15671	10.5281/ZENODO.7660269; PRJEB42268	1	1215				Infectious		Skin	Amplicon	Switzerland	reviewer_agrees	
MMC2-09877	3	2014	American journal of transplantation : official journal of the American Society of           Transplantation and the American Society of Transplant Surgeons	Human microbiota characterization in the course of renal transplantation.	10.1111/ajt.12588	PRJNA209816	1	198				Infectious		Other	Amplicon	United States	reviewer_agrees	
MMC2-09926	3	2019	Gastroenterology	Specific Bacteria and Metabolites Associated With Response to Fecal Microbiota Transplantation in Patients With Ulcerative Colitis.	10.1053/j.gastro.2018.12.001	PRJEB20349; PRJEB26357; PRJEB26472; PRJEB26473; PRJEB26474	5	1457				Gastrointestinal		Gut	Both	Australia	reviewer_agrees	
MMC2-09968	3	2018	The Journal of allergy and clinical immunology	Intestinal microbiota in infants at high risk for allergy: Effects of prebiotics and role in eczema development.	10.1016/j.jaci.2017.05.054	PRJEB19801	1	269				Autoimmune		Gut	Amplicon	Singapore	reviewer_agrees	
MMC2-09973	3	2018	Journal of cystic fibrosis : official journal of the European Cystic Fibrosis           Society	Antibiotic exposure and interpersonal variance mask the effect of ivacaftor on respiratory microbiota composition.	10.1016/j.jcf.2017.08.002		0	0				Respiratory		Pulmonary	Amplicon	Australia	reviewer_named_tier	
MMC2-09987	3	2021	Food chemistry	Interplay between dietary phenolic compound intake and the human gut microbiome in hypertension: A cross-sectional study.	10.1016/j.foodchem.2020.128567		0	0				Cardiovascular		Multiple	Amplicon	Spain	reviewer_named_tier	
MMC2-10008	3	2018	Annals of the New York Academy of Sciences	Microbial and metabolic multi-omic correlations in systemic sclerosis patients.	10.1111/nyas.13736	PRJNA437384	1	88				Autoimmune		Gut	Amplicon	Italy	reviewer_agrees	
MMC2-10033	3	2021	Journal of microbiological methods	Implementation of microbiota analysis in clinical trials for cystic fibrosis lung infection: Experience from the OligoG phase 2b clinical trials.	10.1016/j.mimet.2021.106133		0	0				Respiratory		Pulmonary	Amplicon	United Kingdom	reviewer_named_tier	
MMC2-10040	3	2019	American journal of respiratory and critical care medicine	Loss of Microbial Topography between Oral and Nasopharyngeal Microbiota and Development of Respiratory Infections Early in Life.	10.1164/rccm.201810-1993OC		0	0				Respiratory		Multiple	Amplicon	United Kingdom	reviewer_named_tier	
MMC2-10076	3	2025	Gastroenterology	Structural Variations in Ulcerative Colitis-associated Escherichia coli Reduce Fructose Utilization and Aggravate Inflammation Under High-Fructose Diet.	10.1053/j.gastro.2025.03.039		0	0				Gastrointestinal		Gut	Shotgun	China	reviewer_named_tier	
MMC2-10091	3	2017	The Journal of pediatrics	Intestinal Microbiota Composition in Sudden Infant Death Syndrome and Age-Matched Controls.	10.1016/j.jpeds.2017.08.070		0	0				Infectious		Gut	Amplicon	Australia	reviewer_named_tier	
MMC2-10147	3	2024	Journal of pediatric gastroenterology and nutrition	Intestinal microbial and metabolite profile in infants with small bowel stomas after bowel resection.	10.1002/jpn3.12327	PRJNA970526	1	40				Healthy	yes	Gut	Amplicon	Canada	reviewer_agrees	
MMC2-10152	3	2024	Food & function	Bifidobacterium animalis subsp. lactis LPL-RH improves postoperative gastrointestinal symptoms and nutrition indexes by regulating the gut microbiota in patients with valvular heart disease: a randomi	10.1039/d4fo01471e		0	0				Gastrointestinal		Gut	Amplicon	China	reviewer_named_tier	
MMC2-10160	3	2020	Nature medicine	Effects of underfeeding and oral vancomycin on gut microbiome and nutrient absorption in humans.	10.1038/s41591-020-0801-z		0	0				Metabolic		Multiple	Amplicon	United States	reviewer_named_tier	
MMC2-10176	3	2017	American journal of respiratory and critical care medicine	Maturation of the Infant Respiratory Microbiota, Environmental Drivers, and Health Consequences. A Prospective Cohort Study.	10.1164/rccm.201703-0554OC		0	0				Respiratory		Pulmonary	Amplicon	Netherlands	reviewer_named_tier	
MMC2-10190	3	2024	Beneficial microbes	Effects of Limosilactobacillus reuteri DSM 17938 in neonates exposed to antibiotics: a randomised controlled trial.	10.1163/18762891-bja00049	10.6084/M9.FIGSHARE.27241542; PRJNA954698	1	161				Healthy	yes	Gut	Amplicon	Slovenia	reviewer_agrees	
MMC2-10208	3	2020	Pharmacological research	Probiotics and fructo-oligosaccharide intervention modulate the microbiota-gut brain axis to improve autism spectrum reducing also the hyper-serotonergic state and the dopamine metabolism disorder.	10.1016/j.phrs.2020.104784		0	0				Infectious		Gut	Amplicon	China	reviewer_named_tier	
MMC2-10211	3	2025	The Journal of infectious diseases	Decreased Microbiota-Driven Tyrosine Metabolism Is Associated With Symptomatic COVID-19 in Children.	10.1093/infdis/jiaf325		0	0				Respiratory		Multiple	Shotgun	United States	reviewer_named_tier	
MMC2-10215	3	2024	Otolaryngology--head and neck surgery : official journal of American Academy of           Otolaryngology-Head and Neck Surgery	Effect of Laryngopharyngeal Reflux and Potassium-Competitive Acid Blocker (P-CAB) on the Microbiological Comprise of the Laryngopharynx.	10.1002/ohn.682	PRJNA996485	1	1				Healthy	yes	Oral	Amplicon	China	reviewer_named_tier	
MMC2-10316	3	2025	Food & function	Temple stay diet and its impact on gut microbiome and irritable bowel syndrome: a prospective cohort study.	10.1039/d4fo06143h		0	0				Gastrointestinal		Gut	Amplicon	South Korea	reviewer_named_tier	
MMC2-10345	3	2017	FEMS microbiology ecology	Signatures in the gut microbiota of Japanese infants who developed food allergies in early childhood.	10.1093/femsec/fix099	DRA005562; PRJDB5316; SAMD00074601	2	624				Autoimmune		Gut	Amplicon	Japan	reviewer_agrees	
MMC2-10353	3	2025	International journal of obesity (2005)	Early childhood adiposity, lifestyle and gut microbiome are linked to steatotic liver disease development in adolescents.	10.1038/s41366-025-01737-1		0	0				Metabolic		Gut	Amplicon	China	reviewer_named_tier	
MMC2-10418	3	2025	American journal of physiology. Heart and circulatory physiology	Altered tryptophan metabolism and gut immune crosstalk in hypertensive middle-aged women.	10.1152/ajpheart.00395.2025	10.6084/M9.FIGSHARE.30152764; PRJNA922681	1	430				Cancer		Gut	Amplicon	Germany	reviewer_agrees	
MMC2-10430	3	2017	Diabetic medicine : a journal of the British Diabetic Association	Gut microbiota of Type 1 diabetes patients with good glycaemic control and high physical fitness is similar to people without diabetes: an observational study.	10.1111/dme.13140	ERS4603090	1	1				Metabolic		Gut	Shotgun	United Kingdom	reviewer_named_tier	
MMC2-10483	3	2021	American journal of respiratory and critical care medicine	The Airway Microbiota Modulates Effect of Azithromycin Treatment for Episodes of Recurrent Asthma-like Symptoms in Preschool Children: A Randomized Clinical Trial.	10.1164/rccm.202008-3226OC		0	0				Respiratory		Pulmonary	Amplicon	Denmark	reviewer_named_tier	
MMC2-10495	3	2022	Journal of Crohn's & colitis	Impact of the Ileal Microbiota on Surgical Site Infections in Crohn's Disease: A Nationwide Prospective Cohort.	10.1093/ecco-jcc/jjac026		0	0				Gastrointestinal		Gut	Amplicon	France	reviewer_named_tier	
MMC2-10515	3	2020	Thorax	Sputum microbiota in adults with CF associates with response to inhaled tobramycin.	10.1136/thoraxjnl-2019-214191		0	0				Respiratory		Pulmonary	Amplicon	Canada	reviewer_named_tier	
MMC2-10517	3	2024	Clinical gastroenterology and hepatology : the official clinical practice journal           of the American Gastroenterological Association	Fecal Microbiota Transplantation for Sleep Disturbance in Post-acute COVID-19 Syndrome.	10.1016/j.cgh.2024.06.004		0	0				Respiratory		Multiple	Shotgun	China	reviewer_named_tier	
MMC2-10541	3	2025	Anesthesiology	Altered Gut Microbiome Composition and Function in Individuals with Complex Regional Pain Syndrome.	10.1097/ALN.0000000000005435		0	0				Healthy	yes	Multiple	Amplicon	Israel	reviewer_named_tier	
MMC2-10551	3	2023	Biomedicine & pharmacotherapy = Biomedecine & pharmacotherapie	Lactulose regulates gut microbiota dysbiosis and promotes short-chain fatty acids production in acute pancreatitis patients with intestinal dysfunction.	10.1016/j.biopha.2023.114769	PRJNA800481	1	469				Infectious		Gut	Amplicon	China	reviewer_agrees	
MMC2-10562	3	2024	Allergy	Association between gut microbiota development and allergy in infants born during pandemic-related social distancing restrictions.	10.1111/all.16069	10.6084/M9.FIGSHARE.24922716; PRJNA1061451	1	712				Respiratory		Gut	Amplicon	Ireland	reviewer_agrees	
MMC2-10575	3	2020	Pediatric research	Microbiome of the first stool after birth and infantile colic.	10.1038/s41390-020-0804-y		0	0				Healthy	yes	Gut	Amplicon	Finland	reviewer_named_tier	
MMC2-10622	3	2024	The Journal of infection	Bacterial diversity and specific taxa are associated with decolonization of carbapenemase-producing enterobacterales after fecal microbiota transplantation.	10.1016/j.jinf.2024.106216	PRJNA1121295	1	68				Healthy	yes	Gut	Shotgun	France	reviewer_agrees	
MMC2-10710	3	2020	Gut	Prominence of ileal mucosa-associated microbiota to predict postoperative endoscopic recurrence in Crohn's disease.	10.1136/gutjnl-2019-318719		0	0				Gastrointestinal		Gut	Amplicon	France	reviewer_named_tier	
MMC2-10714	3	2020	Pharmacological research	Association of sputum microbiome with clinical outcome of initial antibiotic treatment in hospitalized patients with acute exacerbations of COPD.	10.1016/j.phrs.2020.105095		0	0				Respiratory		Pulmonary	Amplicon	China	reviewer_named_tier	
MMC2-10831	3	2024	Journal of pediatric gastroenterology and nutrition	Premodulator microbiome alterations associated with postmodulator growth outcomes in pediatric cystic fibrosis: Can we predict outcomes?	10.1002/jpn3.12350		0	0				Respiratory		Gut	Shotgun	United States	reviewer_named_tier	
MMC2-10833	3	2024	Journal of cosmetic dermatology	Heat-treated Limosilactobacillus fermentum LM1020 with menthol, salicylic acid, and panthenol promotes hair growth and regulates hair scalp microbiome balance in androgenetic alopecia: A double-blind,	10.1111/jocd.16357	PRJNA1012497	1	20				Skin		Skin	Amplicon	South Korea	reviewer_agrees	
MMC2-10857	3	2025	The Journal of allergy and clinical immunology	Early-preschool wheeze trajectories are predominantly nonallergic with distinct biologic and microbiome traits.	10.1016/j.jaci.2025.07.034		0	0				Respiratory		Gut	Shotgun	Canada	reviewer_named_tier	
MMC2-10860	3	2025	Journal of dental research	Dysbiotic Microbiome-Metabolome Axis in Childhood Obesity and Metabolic Syndrome.	10.1177/00220345251336129	PRJNA1145409	1	74				Metabolic		Oral	Amplicon	United States	reviewer_agrees	
MMC2-10884	3	2023	The Journal of clinical endocrinology and metabolism	Gut Microbiota Composition and Functionality Are Associated With REM Sleep Duration and Continuous Glucose Levels.	10.1210/clinem/dgad258		0	0				Metabolic		Gut	Shotgun	Spain	reviewer_named_tier	
MMC2-10978	3	2024	Neurobiology of disease	Difference in gut microbial dysbiotic patterns between body-first and brain-first Parkinson's disease.	10.1016/j.nbd.2024.106655	PRJNA1043247	1	36				Neurodegenerative		Gut	Shotgun	South Korea	reviewer_agrees	
MMC2-11037	3	2023	Journal of medical microbiology	Compositional shifts within the denture-associated bacteriome in pneumonia - an analytical cross-sectional study.	10.1099/jmm.0.001702	PRJNA971933	1	178				Respiratory		Oral	Amplicon	United Kingdom	reviewer_named_tier	
MMC2-11089	3	2019	American journal of respiratory and critical care medicine	Long-Term Azithromycin Reduces Haemophilus influenzae and Increases Antibiotic Resistance in Severe Asthma.	10.1164/rccm.201809-1739OC	PRJEB26356; PRJEB27079	2	122				Respiratory		Pulmonary	Both	Australia	reviewer_agrees	
MMC2-11122	3	2022	Journal of hepatology	Rifaximin-α reduces gut-derived inflammation and mucin degradation in cirrhosis and encephalopathy: RIFSYS randomised controlled trial.	10.1016/j.jhep.2021.09.010	PRJEB38481	1	185				Liver		Multiple	Shotgun	United Kingdom	reviewer_agrees	
MMC2-11124	3	2025	The Lancet. Microbe	Rapid pan-microbial metagenomics for pathogen detection and personalised therapy in the intensive care unit: a single-centre prospective observational study.	10.1016/j.lanmic.2025.101174	PRJEB79551	1	113				Respiratory		Pulmonary	Shotgun	United Kingdom	reviewer_agrees	
MMC2-11256	3	2024	Gastroenterology	Sex-Dependent Efficacy of Dietary Fiber in Pediatric Functional Abdominal Pain.	10.1053/j.gastro.2023.12.011	PRJNA971474	1	345				Gastrointestinal		Gut	Both	United States	reviewer_named_tier	
MMC2-12357	3	2022	Gastroenterology	Transferable Immunoglobulin A-Coated Odoribacter splanchnicus in Responders to Fecal Microbiota Transplantation for Ulcerative Colitis Limits Colonic Inflammation.	10.1053/j.gastro.2021.09.061		0	0				Gastrointestinal		Gut	Amplicon	United States	reviewer_named_tier	
MMC2-12434	3	2025	Microbial genomics	Cervicovaginal microbiome composition and absolute quantity are associated with pelvic inflammatory disease.	10.1099/mgen.0.001574	PRJEB80350; PRJEB80512; PRJEB80538	3	202				Infectious		Vaginal	Both	Australia	reviewer_agrees	
MMC2-12437	3	2025	Annals of epidemiology	Vaginal microbiome structure in pregnancy and host factors predict preterm birth: Results from the ECHO Cohort.	10.1016/j.annepidem.2025.11.003	PRJEB46659; PRJNA725416	2	888	sample_description	reviewer_note	yes	Reproductive		Multiple	Both	Georgia	reviewer_agrees	
MMC2-12440	3	2025	Scientific reports	Shotgun metagenomics of the vaginal microbiome in cervical shortening and preterm birth risk.	10.1038/s41598-025-23737-x		0	0				Reproductive		Vaginal	Shotgun		reviewer_named_tier	
MMC2-12457	3	2025	Frontiers in cellular and infection microbiology	Vaginal microbiota: different roles of lactobacilli and community instability in chronic vulvovaginal discomfort.	10.3389/fcimb.2025.1636873	PRJNA1301405; PRJNA1301413	2	252				Healthy	yes	Vaginal	Amplicon	Czechia	reviewer_agrees	
MMC2-12489	3	2025	Journal of translational medicine	Characteristics of the vaginal microbiota associated with recurrent spontaneous preterm birth: a prospective cohort study.	10.1186/s12967-025-06460-z	PRJNA1185444	1	304				Reproductive		Vaginal	Amplicon	China	reviewer_agrees	
MMC2-12517	3	2025	Microbiology spectrum	Effects of vaginal microbiota on	10.1128/spectrum.01255-24	PRJNA1091060	1	120				Healthy	yes	Vaginal	Amplicon	China	reviewer_agrees	
MMC2-12526	3	2024	BMC infectious diseases	Water source, latrine type, and rainfall are associated with detection of non-optimal and enteric bacteria in the vaginal microbiome: a prospective observational cohort study nested within a cluster r	10.1186/s12879-024-10313-3	PRJNA746243	1	1589				Healthy	yes	Vaginal	Amplicon	Kenya	reviewer_agrees	
MMC2-12530	3	2024	Scientific reports	Differential characteristics of vaginal versus endometrial microbiota in IVF patients.	10.1038/s41598-024-82466-9	PRJNA1095707	1	142				Reproductive		Vaginal	Amplicon	Germany	reviewer_agrees	
MMC2-12565	3	2024	PloS one	Effect of progestin-based contraceptives on HIV-associated vaginal immune biomarkers and microbiome in adolescent girls.	10.1371/journal.pone.0306237	PRJNA1081423	1	91				Healthy	yes	Vaginal	Amplicon	United States	reviewer_agrees	
MMC2-12653	3	2023	BMC medicine	Vaginal and neonatal microbiota in pregnant women with preterm premature rupture of membranes and consecutive early onset neonatal sepsis.	10.1186/s12916-023-02805-x	PRJNA804385	1	395				Infectious		Vaginal	Amplicon	Germany	reviewer_agrees	
MMC2-12654	3	2023	Menopause (New York, N.Y.)	Effect of ospemifene on vaginal microbiome in postmenopausal women with vulvovaginal atrophy.	10.1097/GME.0000000000002150		0	0				Infectious		Vaginal	Amplicon		reviewer_named_tier	
MMC2-12662	3	2023	BMC infectious diseases	Changes in vaginal microbiome after focused ultrasound treatment of high-risk human papillomavirus infection-related low-grade cervical lesions.	10.1186/s12879-022-07937-8	PRJNA826816	1	68				Infectious		Vaginal	Amplicon		reviewer_agrees	
MMC2-12693	3	2022	Reproductive biomedicine online	Female reproductive tract microbiota and recurrent pregnancy loss: a nested case-control study.	10.1016/j.rbmo.2022.06.008	PRJEB48310	1	354				Healthy	yes	Vaginal	Amplicon	Finland	reviewer_agrees	
MMC2-12703	3	2022	Frontiers in cellular and infection microbiology	Vaginal Microbiota Changes Caused by HPV Infection in Chinese Women.	10.3389/fcimb.2022.814668	PRJNA787754	1	471				Infectious		Vaginal	Amplicon	China	reviewer_agrees	
MMC2-12706	3	2022	EBioMedicine	Parity and gestational age are associated with vaginal microbiota composition in term and late term pregnancies.	10.1016/j.ebiom.2022.104107	PRJEB47492	1	324				Reproductive		Vaginal	Amplicon	Finland	reviewer_agrees	
MMC2-12724	3	2022	Frontiers in cellular and infection microbiology	Associations Between Vaginal Bacteria and Bacterial Vaginosis Signs and Symptoms: A Comparative Study of Kenyan and American Women.	10.3389/fcimb.2022.801770	PRJNA638104	1	706				Infectious		Vaginal	Amplicon	United States	reviewer_agrees	
MMC2-12732	3	2021	Frontiers in cellular and infection microbiology	Association Between Vaginal	10.3389/fcimb.2021.761153	PRJNA737055	1	95				Healthy	yes	Vaginal	Amplicon	China	reviewer_agrees	
MMC2-12736	3	2022	Sexually transmitted infections	Vaginal microbiota in ethnically diverse young women who did or did not develop pelvic inflammatory disease: community-based prospective study.	10.1136/sextrans-2021-055260	PRJEB41336	1	156				STI		Vaginal	Amplicon		reviewer_named_tier	
MMC2-12743	3	2021	Frontiers in immunology	Comparison of Female Genital Tract Cytokine and Microbiota Signatures Induced by Initiation of Intramuscular DMPA and NET-EN Hormonal Contraceptives - a Prospective Cohort Analysis.	10.3389/fimmu.2021.760504	PRJEB30774	1	351				Infectious		Vaginal	Amplicon		reviewer_named_tier	
MMC2-12752	3	2021	mBio	A Prospective, Open-Label Pilot Study of Concurrent Male Partner Treatment for Bacterial Vaginosis.	10.1128/mBio.02323-21	PRJNA735440	1	418	sample_title; title	reviewer_note	yes	Infectious		Multiple	Amplicon	Australia	reviewer_agrees	
MMC2-12758	3	2021	Frontiers in cellular and infection microbiology	Composition of Vaginal Microbiota in Pregnant Women With Aerobic Vaginitis.	10.3389/fcimb.2021.677648	PRJEB34614	1	212				Reproductive		Vaginal	Amplicon	South Korea	reviewer_agrees	
MMC2-12764	3	2022	Clinical microbiology and infection : the official publication of the European Society of Clinical Microbiology and Infectious Diseases	Vaginal dysbiosis in pregnancy associates with risk of emergency caesarean section: a prospective cohort study.	10.1016/j.cmi.2021.08.028	PRJNA716291	1	1397				Reproductive		Vaginal	Amplicon	Denmark	reviewer_named_tier	
MMC2-12766	3	2021	Frontiers in cellular and infection microbiology	Characterization of Vaginal Microbiota in Women With Recurrent Spontaneous Abortion That Can Be Modified by Drug Treatment.	10.3389/fcimb.2021.680643	PRJNA683172	1	126				Reproductive		Vaginal	Amplicon	China	reviewer_agrees	
MMC2-12810	3	2021	BJOG : an international journal of obstetrics and gynaecology	Sex is associated with the persistence of non-optimal vaginal microbiota following treatment for bacterial vaginosis: a prospective cohort study.	10.1111/1471-0528.16430	PRJNA592384	1	437				Reproductive		Vaginal	Amplicon	Australia	reviewer_agrees	
MMC2-12822	3	2020	Frontiers in cellular and infection microbiology	Comparison of the Genital Microbiomes of Pregnant Aboriginal and Non-aboriginal Women.	10.3389/fcimb.2020.523764	PRJEB39698	1	159				Infectious		Vaginal	Amplicon		reviewer_agrees	
MMC2-12823	3	2020	NPJ biofilms and microbiomes	Shotgun sequencing of the vaginal microbiome reveals both a species and functional potential signature of preterm birth.	10.1038/s41522-020-00162-8	PRJEB34536	1	91				Reproductive		Vaginal	Shotgun		reviewer_agrees	
MMC2-12832	3	2020	Viruses	Characterization of the Vaginal DNA Virome in Health and Dysbiosis.	10.3390/v12101143	PRJEB34460	1	48				Reproductive		Vaginal	Shotgun	Denmark	reviewer_agrees	
MMC2-12844	3	2020	Sexually transmitted diseases	Characteristics of Women and Their Male Sex Partners Predict Bacterial Vaginosis Among a Prospective Cohort of Kenyan Women With Nonoptimal Vaginal Microbiota.	10.1097/OLQ.0000000000001259	PRJNA516684	1	1871				STI		Multiple	Amplicon	Kenya	reviewer_agrees	
MMC2-12855	3	2020	mBio	Alterations in Vaginal Microbiota and Associated Metabolome in Women with Recurrent Implantation Failure.	10.1128/mBio.03242-19	PRJNA590580	1	67				Healthy	yes	Vaginal	Shotgun	China	reviewer_agrees	
MMC2-12863	3	2020	PloS one	A cross-sectional pilot study of birth mode and vaginal microbiota in reproductive-age women.	10.1371/journal.pone.0228574	PHS001909.V1.P1; PRJNA610195	1	4550				Healthy	yes	Vaginal	Amplicon	United States	reviewer_agrees	
MMC2-12919	3	2019	Viruses	Composite Analysis of the Virome and Bacteriome of HIV/HPV Co-Infected Women Reveals Proxies for Immunodeficiency.	10.3390/v11050422	PRJNA392046; PRJNA418043	2	167				STI		Vaginal	Both	Brazil	reviewer_named_tier	
MMC2-12929	3	2019	Scientific reports	Association of prevalent vaginal microbiome of mother with occurrence of type I diabetes in child.	10.1038/s41598-018-37467-w	PRJNA433609	1	32				Healthy	yes	Vaginal	Amplicon	Finland	reviewer_agrees	
MMC2-12956	3	2017	BioMed research international	High Prevalence of	10.1155/2017/5435089	PRJEB5760	1	120				Healthy	yes	Vaginal	Amplicon	South Korea	reviewer_agrees	
MMC2-12960	3	2018	BMC medicine	Vaginal dysbiosis increases risk of preterm fetal membrane rupture, neonatal sepsis and is exacerbated by erythromycin.	10.1186/s12916-017-0999-x	PRJEB21325	1	165				Infectious		Vaginal	Amplicon	United Kingdom	reviewer_agrees	
MMC2-12963	3	2018	Applied and environmental microbiology	A Lactobacillus-Deficient Vaginal Microbiota Dominates Postpartum Women in Rural Malawi.	10.1128/AEM.02150-17	ERR1554775; ERR1554776; ERR1554777; ERR1554778; ERR1558673; ERR1558674; ERR1558675; ERR1558676; PRJEB15035	9	38				Healthy	yes	Vaginal	Amplicon		reviewer_agrees	
MMC2-13020	3	2015	mBio	Metabolic signatures of bacterial vaginosis.	10.1128/mBio.00204-15	PRJNA275907	1	70				Reproductive		Vaginal	Amplicon	United States	reviewer_agrees	
MMC2-13030	3	2014	PloS one	A systems biology approach investigating the effect of probiotics on the vaginal microbiome and host responses in a double blind, placebo-controlled clinical trial of post-menopausal women.	10.1371/journal.pone.0104511	GSE54363; PRJNA244441	1	105				Healthy	yes	Vaginal	Amplicon	Canada	reviewer_agrees	
MMC2-00017	4	2022	Frontiers in cellular and infection microbiology	Preliminary Identification of the Aerobic Cervicovaginal Microbiota in Mexican Women With Cervical Cancer as the First Step Towards Metagenomic Studies.	10.3389/fcimb.2022.838491		0	0				Cancer		Vaginal	Amplicon		pipeline	
MMC2-00018	4	2022	British journal of cancer	The oral microbiome in relation to pancreatic cancer risk in African Americans.	10.1038/s41416-021-01578-5		0	0				Cancer		Oral	Shotgun	United States	pipeline	
MMC2-00023	4	2021	BMC cancer	Characteristics in gut microbiome is associated with chemotherapy-induced pneumonia in pediatric acute lymphoblastic leukemia.	10.1186/s12885-021-08917-y		0	0				Cancer		Gut	Amplicon	China	pipeline	
MMC2-00040	4	2020	CNS oncology	Glioma induced alterations in fecal short-chain fatty acids and neurotransmitters.	10.2217/cns-2020-0007		0	0				Cancer		Gut	Amplicon	United States	pipeline	
MMC2-00044	4	2019	Clinical and translational gastroenterology	Gut Microbiota Functional Biomolecules With Immune-Lipid Metabolism for a Prognostic Compound Score in Epstein-Barr Virus-Associated Gastric Adenocarcinoma: A Pilot Study.	10.14309/ctg.0000000000000074	SRP51710	0	0				Cancer		Multiple	Amplicon	China	pipeline	
MMC2-00049	4	2018	Scientific reports	Shifts of Faecal Microbiota During Sporadic Colorectal Carcinogenesis.	10.1038/s41598-018-28671-9		0	0				Cancer		Gut	Amplicon	Italy	pipeline	
MMC2-00090	4	2025	Scientific reports	Microbiome analysis of gut microbiota in patients with colorectal polyps and healthy individuals.	10.1038/s41598-025-91626-4	SRA31178251	0	0				Cancer		Gut	Amplicon	China	t4_reviewer_accepts_proposal	
MMC2-00161	4	2025	Colorectal disease : the official journal of the Association of Coloproctology of           Great Britain and Ireland	A pilot study of gut mucosal and faecal microbiota in rectal cancer: associations with histological response and adverse events following preoperative chemoradiotherapy.	10.1111/codi.70106	PRJDB19199	0	0				Cancer		Gut	Amplicon	Japan	t4_reviewer_accepts_proposal	
MMC2-00233	4	2024	Journal of the National Cancer Institute	Fecal, duodenal, and tumor microbiota composition of esophageal carcinoma patients, a longitudinal prospective cohort.	10.1093/jnci/djae153	PRJEB76265	0	0				Cancer		Gut	Amplicon	Netherlands	t4_reviewer_accepts_proposal	
MMC2-00245	4	2024	Frontiers in cellular and infection microbiology	Oral microbiota distinguishes patients with osteosarcoma from healthy controls.	10.3389/fcimb.2024.1383878	PRJNA1016104	0	0				Cancer		Oral	Amplicon	China	t4_reviewer_accepts_proposal	
MMC2-00327	4	2025	Journal of translational medicine	Machine learning-derived diagnostic model of epithelial ovarian cancer based on gut microbiome signatures.	10.1186/s12967-025-06339-z	PRJNA1152737	0	0				Cancer		Gut	Amplicon	China	t4_reviewer_accepts_proposal	
MMC2-00358	4	2025	BMC oral health	Variations in salivary microbiota and metabolic phenotype related to oral lichen planus with psychiatric symptoms.	10.1186/s12903-025-06439-8	PRJNA1232997	0	0				Oral		Oral	Amplicon	China	t4_reviewer_accepts_proposal	
MMC2-00402	4	2018	mBio	A Natural History of Actinic Keratosis and Cutaneous Squamous Cell Carcinoma Microbiomes.	10.1128/mBio.01432-18	PRJNA395624	0	0				Cancer		Skin	Amplicon	Australia	t4_reviewer_accepts_proposal	
MMC2-00624	4	2025	Microbiome	Tissue-resident microbiota signature in nasopharyngeal carcinoma.	10.1186/s40168-025-02114-w	GSE231572; PRJNA962835	0	0				Cancer		Nasal	Amplicon	China	t4_reviewer_accepts_proposal	
MMC2-00652	4	2017	Cancer epidemiology, biomarkers & prevention : a publication of the American           Association for Cancer Research, cosponsored by the American Society of            Preventive Oncology	Shifts in the Fecal Microbiota Associated with Adenomatous Polyps.	10.1158/1055-9965.EPI-16-0337	SRP070783	0	0				Cancer		Multiple	Amplicon	United States	t4_reviewer_accepts_proposal	
MMC2-00714	4	2023	Cancer science	Prognostic effects of the gastric mucosal microbiota in gastric cancer.	10.1111/cas.15661		0	0				Cancer		Other	Amplicon		pipeline	
MMC2-00715	4	2023	International journal of molecular sciences	Colon Cancer Microbiome Landscaping: Differences in Right- and Left-Sided Colon Cancer and a Tumor Microbiome-Ileal Microbiome Association.	10.3390/ijms24043265		0	0				Cancer		Multiple	Amplicon	Switzerland	pipeline	
MMC2-00720	4	2023	Cell death & disease	Levels of systemic inflammation response index are correlated with tumor-associated bacteria in colorectal cancer.	10.1038/s41419-023-05602-9		0	0				Cancer		Multiple	Amplicon		pipeline	
MMC2-00722	4	2023	Integrative cancer therapies	Role of Traditional Chinese Medicine Syndrome Type, Gut Microbiome, and Host Immunity in Predicting Early and Advanced Stage Colorectal Cancer.	10.1177/15347354221144051		0	0				Cancer		Gut	Amplicon	China	pipeline	
MMC2-00735	4	2022	Frontiers in cellular and infection microbiology	Refractory Helicobacter pylori infection and the gastric microbiota.	10.3389/fcimb.2022.976710		0	0				Cancer		Other	Amplicon		pipeline	
MMC2-00737	4	2022	The Journal of infectious diseases	Oral Human Papillomavirus Associated With Differences in Oral Microbiota Beta Diversity and Microbiota Abundance.	10.1093/infdis/jiac010		0	0				Cancer		Multiple	Amplicon	United States	pipeline	
MMC2-00738	4	2022	Pediatric hematology and oncology	Fecal microbiota of adolescent and young adult cancer survivors and metabolic syndrome: an exploratory study.	10.1080/08880018.2022.2049937		0	0				Cancer		Gut	Amplicon	United States	pipeline	
MMC2-00739	4	2022	International journal of molecular sciences	The Effect of Intensity-Modulated Radiotherapy to the Head and Neck Region on the Oral Innate Immune Response and Oral Microbiome: A Prospective Cohort Study of Head and Neck Tumour Patients.	10.3390/ijms23179594		0	0				Cancer		Oral	Amplicon	Canada	pipeline	
MMC2-00760	4	2022	Oncoimmunology	Clostridium butyricum therapy restores the decreased efficacy of immune checkpoint blockade in lung cancer patients receiving proton pump inhibitors.	10.1080/2162402X.2022.2081010		0	0				Cancer		Multiple	Both	Japan	pipeline	
MMC2-00761	4	2020	Molecular cancer research : MCR	Neoadjuvant Chemotherapy Shifts Breast Tumor Microbiota Populations to Regulate Drug Responsiveness and the Development of Metastasis.	10.1158/1541-7786.MCR-19-0451		0	0				Cancer		Other	Amplicon		pipeline	
MMC2-00762	4	2022	Current oncology (Toronto, Ont.)	The Chemo-Gut Pilot Study: Associations between Gut Microbiota, Gastrointestinal Symptoms, and Psychosocial Health Outcomes in a Cross-Sectional Sample of Young Adult Cancer Survivors.	10.3390/curroncol29050243		0	0				Cancer		Gut	Amplicon	United States	pipeline	
MMC2-00766	4	2022	Journal of healthcare engineering	Microbial Characteristics of Common Tongue Coatings in Patients with Precancerous Lesions of the Upper Gastrointestinal Tract.	10.1155/2022/7598427		0	0				Cancer		Multiple	Amplicon	China	pipeline	
MMC2-00771	4	2021	The Turkish journal of gastroenterology : the official journal of Turkish Society           of Gastroenterology	Comparison of Oral and Esophageal Microbiota in Patients with Achalasia Before and After Peroral Endoscopic Myotomy.	10.5152/tjg.2020.19995		0	0				Cancer		Oral	Both	Japan	pipeline	
MMC2-00773	4	2022	Scientific reports	Compositions of gut microbiota before and shortly after hepatitis C viral eradication by direct antiviral agents.	10.1038/s41598-022-09534-w		0	0				Liver		Gut	Amplicon	China	pipeline	
MMC2-00777	4	2022	Gut microbes	The potential of fecal microbiota and amino acids to detect and monitor patients with adenoma.	10.1080/19490976.2022.2038863		0	0				Cancer		Gut	Amplicon	United Kingdom	pipeline	
MMC2-00778	4	2021	Bioengineered	Firmicutes and Blautia in gut microbiota lessened in chronic liver diseases and hepatocellular carcinoma patients: a pilot study.	10.1080/21655979.2021.1982273		0	0				Cancer		Gut	Amplicon	China	pipeline	
MMC2-00781	4	2020	Alimentary pharmacology & therapeutics	Gastric mucosal microbiota in a Mongolian population with gastric cancer and precursor conditions.	10.1111/apt.15675		0	0				Cancer		Other	Amplicon	United States	pipeline	
MMC2-00784	4	2022	Scientific reports	Endoscopic ultrasound-guided fine-needle biopsy as a tool for studying the intra-tumoral microbiome in pancreatic ductal adenocarcinoma: a pilot study.	10.1038/s41598-021-04095-w		0	0				Cancer		Other	Amplicon		pipeline	
MMC2-00785	4	2022	Journal of advanced research	Gut microbiota changes and its potential relations with thyroid carcinoma.	10.1016/j.jare.2021.04.001		0	0				Cancer		Gut	Amplicon	China	pipeline	
MMC2-00788	4	2021	Respiratory research	Relationship of the lung microbiome with PD-L1 expression and immunotherapy response in lung cancer.	10.1186/s12931-021-01919-1		0	0				Cancer		Pulmonary	Amplicon	South Korea	pipeline	
MMC2-00789	4	2021	BioMed research international	Characteristics of Oral Microbiota in Patients with Esophageal Cancer in China.	10.1155/2021/2259093		0	0				Cancer		Multiple	Amplicon	China	pipeline	
MMC2-00790	4	2022	Theranostics	Mucosal microbiome associates with progression to gastric cancer.	10.7150/thno.65302		0	0				Cancer		Other	Amplicon	Singapore	pipeline	
MMC2-00791	4	2021	Thoracic cancer	Intestinal flora characteristics of advanced non-small cell lung cancer in China and their role in chemotherapy based on metagenomics: A prospective exploratory cohort study.	10.1111/1759-7714.14199		0	0				Cancer		Multiple	Amplicon	China	pipeline	
MMC2-00794	4	2021	mBio	Fecal Streptococcus Alteration Is Associated with Gastric Cancer Occurrence and Liver Metastasis.	10.1128/mBio.02994-21		0	0				Cancer		Multiple	Amplicon	China	pipeline	
MMC2-00795	4	2021	Scientific reports	Oral microbiome associated with lymph node metastasis in oral squamous cell carcinoma.	10.1038/s41598-021-02638-9		0	0				Cancer		Oral	Amplicon	South Korea	pipeline	
MMC2-00799	4	2021	Brazilian journal of microbiology : [publication of the Brazilian Society for           Microbiology]	Characterization of the nasopharynx microbiota in patients with nasopharyngeal carcinoma vs. healthy controls.	10.1007/s42770-021-00594-0		0	0				Cancer		Nasal	Amplicon	China	pipeline	
MMC2-00801	4	2021	Cancer causes & control : CCC	Association of oral microbiota with lung cancer risk in a low-income population in the Southeastern USA.	10.1007/s10552-021-01490-6		0	0				Cancer		Multiple	Amplicon	United States	pipeline	
MMC2-00802	4	2021	World journal of surgery	Patient Acceptance of Routine Serial Postoperative Endoscopy Following Low Anterior Resection (LAR) and Its Ability to Detect Biomarkers in Anastomotic Lavage Fluid.	10.1007/s00268-021-06062-y		0	0				Cancer		Gut	Amplicon		reviewer_agrees	
MMC2-00803	4	2021	Thorax	Variation in oral microbiome is associated with future risk of lung cancer among never-smokers.	10.1136/thoraxjnl-2020-215542		0	0				Cancer		Multiple	Shotgun	United States	pipeline	
MMC2-00807	4	2021	Medicine	Gastric microbiota in patients with Helicobacter pylori-negative gastric MALT lymphoma.	10.1097/MD.0000000000027287		0	0				Cancer		Other	Amplicon		pipeline	
MMC2-00811	4	2021	Nutrients	Faecal Microbiota Composition Varies between Patients with Breast Cancer and Healthy Women: A Comparative Case-Control Study.	10.3390/nu13082705		0	0				Cancer		Gut	Amplicon	France	pipeline	
MMC2-00813	4	2021	Beneficial microbes	Gut microbial differences in breast and prostate cancer cases from two randomised controlled trials compared to matched cancer-free controls.	10.3920/BM2020.0098		0	0				Cancer		Gut	Amplicon	United States	pipeline	
MMC2-00815	4	2021	Journal of Korean medical science	Association of Microbial Dysbiosis with Gallbladder Diseases Identified by Bile Microbiome Profiling.	10.3346/jkms.2021.36.e189		0	0				Cancer		Other	Shotgun		pipeline	
MMC2-00816	4	2019	Environmental and molecular mutagenesis	The respiratory tract microbiome and its relationship to lung cancer and environmental exposures found in rural china.	10.1002/em.22291		0	0				Cancer		Pulmonary	Amplicon	United States	pipeline	
MMC2-00817	4	2021	Cancer epidemiology, biomarkers & prevention : a publication of the American           Association for Cancer Research, cosponsored by the American Society of            Preventive Oncology	Tobacco Smoking and the Fecal Microbiome in a Large, Multi-ethnic Cohort.	10.1158/1055-9965.EPI-20-1417		0	0				Cancer		Gut	Amplicon	United States	pipeline	
MMC2-00821	4	2021	The Korean journal of internal medicine	Food intake and its effect on the species and abundance of intestinal flora in colorectal cancer and healthy individuals.	10.3904/kjim.2019.373		0	0				Cancer		Gut	Amplicon	China	pipeline	
MMC2-00824	4	2022	Clinical gastroenterology and hepatology : the official clinical practice journal           of the American Gastroenterological Association	Alterations in the Duodenal Fluid Microbiome of Patients With Pancreatic Cancer.	10.1016/j.cgh.2020.11.006		0	0				Cancer		Gut	Amplicon	United States	pipeline	
MMC2-00825	4	2021	Clinical infectious diseases : an official publication of the Infectious Diseases           Society of America	Alterations of the Oral Microbiome and Cumulative Carbapenem Exposure Are Associated With Stenotrophomonas maltophilia Infection in Patients With Acute Myeloid Leukemia Receiving Chemotherapy.	10.1093/cid/ciaa778		0	0				Cancer		Multiple	Amplicon	United States	pipeline	
MMC2-00826	4	2021	British journal of cancer	Transitions in oral and gut microbiome of HPV+ oropharyngeal squamous cell carcinoma following definitive chemoradiotherapy (ROMA LA-OPSCC study).	10.1038/s41416-020-01253-1		0	0				Cancer		Multiple	Both	Canada	pipeline	
MMC2-00831	4	2021	Scientific reports	Carrying asymptomatic gallstones is not associated with changes in intestinal microbiota composition and diversity but cholecystectomy with significant dysbiosis.	10.1038/s41598-021-86247-6		0	0				Cancer		Multiple	Amplicon	Germany	pipeline	
MMC2-00835	4	2020	International journal of radiation oncology, biology, physics	Microbial Diversity and Composition Is Associated with Patient-Reported Toxicity during Chemoradiation Therapy for Cervical Cancer.	10.1016/j.ijrobp.2019.12.040		0	0				Cancer		Multiple	Amplicon	United States	pipeline	
MMC2-00836	4	2020	International journal of gynecological cancer : official journal of the           International Gynecological Cancer Society	Tumor microbial diversity and compositional differences among women in Botswana with high-grade cervical dysplasia and cervical cancer.	10.1136/ijgc-2020-001547		0	0				Cancer		Vaginal	Amplicon		pipeline	
MMC2-00837	4	2020	Integrative cancer therapies	Quxie Capsule Modulating Gut Microbiome and Its Association With T cell Regulation in Patients With Metastatic Colorectal Cancer: Result From a Randomized Controlled Clinical Trial.	10.1177/1534735420969820		0	0				Cancer		Gut	Amplicon	China	pipeline	
MMC2-00838	4	2021	Gut	Long-term instability of the intestinal microbiome is associated with metabolic liver disease, low microbiota diversity, diabetes mellitus and impaired exocrine pancreatic function.	10.1136/gutjnl-2020-322753		0	0				Cancer		Gut	Amplicon	Germany	pipeline	
MMC2-00841	4	2021	Scientific reports	Parvimonas micra, Peptostreptococcus stomatis, Fusobacterium nucleatum and Akkermansia muciniphila as a four-bacteria biomarker panel of colorectal cancer.	10.1038/s41598-021-82465-0		0	0				Cancer		Gut	Amplicon	Malaysia	pipeline	
MMC2-00842	4	2021	BioMed research international	Oral Health, Caries Risk Profiles, and Oral Microbiome of Pediatric Patients with Leukemia Submitted to Chemotherapy.	10.1155/2021/6637503		0	0				Cancer		Oral	Amplicon	China	pipeline	
MMC2-00845	4	2020	World journal of gastroenterology	Oral microbiome and pancreatic cancer.	10.3748/wjg.v26.i48.7679		0	0				Cancer		Oral	Amplicon	United States	pipeline	
MMC2-00853	4	2020	BMJ open	Efficacy of quadruple regimen with polaprezinc for gastric Helicobacter pylori infection eradication: protocol for a single-centre, single-blind, non-inferiority, randomised clinical trial.	10.1136/bmjopen-2020-037182		0	0				Cancer		Multiple	Amplicon	China	pipeline	
MMC2-00854	4	2020	Scientific reports	Fusobacterium nucleatum in biopsied tissues from colorectal cancer patients and alcohol consumption in Korea.	10.1038/s41598-020-76467-7		0	0				Cancer		Gut	Amplicon	South Korea	pipeline	
MMC2-00857	4	2020	BMC pediatrics	A new insight into acute lymphoblastic leukemia in children: influences of changed intestinal microfloras.	10.1186/s12887-020-02192-9		0	0				Cancer		Gut	Amplicon	China	pipeline	
MMC2-00861	4	2020	The British journal of nutrition	Dietary inflammatory potential in relation to the gut microbiome: results from a cross-sectional study.	10.1017/S0007114520001853		0	0				Cancer		Multiple	Amplicon	United States	pipeline	
MMC2-00862	4	2020	Theranostics	Human oral microbiome dysbiosis as a novel non-invasive biomarker in detection of colorectal cancer.	10.7150/thno.49515		0	0				Cancer		Multiple	Amplicon	China	pipeline	
MMC2-00866	4	2020	Gut microbes	Specific gut microbiome signature predicts the early-stage lung cancer.	10.1080/19490976.2020.1737487		0	0				Cancer		Multiple	Amplicon	China	pipeline	
MMC2-00867	4	2020	Disease markers	Fecal Microbiome Alteration May Be a Potential Marker for Gastric Cancer.	10.1155/2020/3461315		0	0				Cancer		Multiple	Amplicon	China	pipeline	
MMC2-00868	4	2020	Medicine	Characterization of gut microbiota in patients with primary hepatocellular carcinoma received immune checkpoint inhibitors: A Chinese population-based study.	10.1097/MD.0000000000021788		0	0				Cancer		Gut	Amplicon	China	pipeline	
MMC2-00869	4	2020	Clinical and translational gastroenterology	Mucosa-Associated Microbiota in Barrett's Esophagus, Dysplasia, and Esophageal Adenocarcinoma Differ Similarly Compared With Healthy Controls.	10.14309/ctg.0000000000000199		0	0				Cancer		Multiple	Amplicon	United States	pipeline	
MMC2-00872	4	2020	Clinical and translational gastroenterology	Gastric Microbiota in a Low-Helicobacter pylori Prevalence General Population and Their Associations With Gastric Lesions.	10.14309/ctg.0000000000000191		0	0				Cancer		Other	Amplicon	Sweden	pipeline	
MMC2-00874	4	2020	Gut	A novel faecal Lachnoclostridium marker for the non-invasive diagnosis of colorectal adenoma and cancer.	10.1136/gutjnl-2019-318532		0	0				Cancer		Gut	Amplicon	China	pipeline	
MMC2-00875	4	2020	Breast cancer research and treatment	Gut microbiome associations with breast cancer risk factors and tumor characteristics: a pilot study.	10.1007/s10549-020-05702-6		0	0				Cancer		Gut	Amplicon	United States	pipeline	
MMC2-00876	4	2020	Scientific reports	Taxonomic diversity of sputum microbiome in lung cancer patients and its relationship with chromosomal aberrations in blood lymphocytes.	10.1038/s41598-020-66654-x		0	0				Cancer		Multiple	Amplicon	Russia	pipeline	
MMC2-00878	4	2020	Respiratory research	Characterisation of microbiota in saliva, bronchoalveolar lavage fluid, non-malignant, peritumoural and tumour tissue in non-small cell lung cancer patients: a cross-sectional clinical trial.	10.1186/s12931-020-01392-2		0	0				Cancer		Multiple	Amplicon	France	pipeline	
MMC2-00881	4	2020	World journal of gastroenterology	Characterizing the composition of intestinal microflora by 16S rRNA gene sequencing.	10.3748/wjg.v26.i6.614		0	0				Cancer		Gut	Amplicon	China	pipeline	
MMC2-00882	4	2020	BioMed research international	Study of the Relationship between Microbiome and Colorectal Cancer Susceptibility Using 16SrRNA Sequencing.	10.1155/2020/7828392		0	0				Cancer		Gut	Amplicon	China	pipeline	
MMC2-00883	4	2020	The American journal of clinical nutrition	A prospective cohort analysis of gut microbial co-metabolism in Alaska Native and rural African people at high and low risk of colorectal cancer.	10.1093/ajcn/nqz301		0	0				Cancer		Multiple	Amplicon	United States	pipeline	
MMC2-00884	4	2020	PLoS pathogens	Signatures of oral microbiome in HIV-infected individuals with oral Kaposi's sarcoma and cell-associated KSHV DNA.	10.1371/journal.ppat.1008114		0	0				Cancer		Oral	Amplicon	United States	pipeline	
MMC2-00887	4	2020	PloS one	Assessment of peritoneal microbial features and tumor marker levels as potential diagnostic tools for ovarian cancer.	10.1371/journal.pone.0227707		0	0				Cancer		Other	Amplicon	United States	pipeline	
MMC2-00889	4	2019	Scientific reports	Helicobacter pylori infection associates with fecal microbiota composition and diversity.	10.1038/s41598-019-56631-4		0	0				Cancer		Gut	Amplicon	Germany	pipeline	
MMC2-00894	4	2019	Gut	Enrichment of oral microbiota in early cystic precursors to invasive pancreatic cancer.	10.1136/gutjnl-2018-317458		0	0				Cancer		Oral	Amplicon	Sweden	pipeline	
MMC2-00896	4	2019	Medical science monitor : international medical journal of experimental and           clinical research	Fecal Microbiota Taxonomic Shifts in Chinese Multiple Myeloma Patients Analyzed by Quantitative Polimerase Chain Reaction (QPCR) and 16S rRNA High-Throughput Sequencing.	10.12659/MSM.919988		0	0				Cancer		Gut	Amplicon	China	pipeline	
MMC2-00897	4	2019	Gynecologic oncology	Gut microbial diversity and genus-level differences identified in cervical cancer patients versus healthy controls.	10.1016/j.ygyno.2019.09.002		0	0				Cancer		Multiple	Amplicon	United States	pipeline	
MMC2-00901	4	2019	Scientific reports	Association between the relative abundance of gastric microbiota and the risk of gastric cancer: a case-control study.	10.1038/s41598-019-50054-x		0	0				Cancer		Multiple	Amplicon	South Korea	pipeline	
MMC2-00906	4	2018	European urology	Metabolic Biosynthesis Pathways Identified from Fecal Microbiome Associated with Prostate Cancer.	10.1016/j.eururo.2018.06.033		0	0				Cancer		Gut	Amplicon	United States	pipeline	
MMC2-00907	4	2019	Scientific reports	Distinct microbial communities that differ by race, stage, or breast-tumor subtype in breast tissues of non-Hispanic Black and non-Hispanic White women.	10.1038/s41598-019-48348-1		0	0				Cancer		Other	Amplicon		pipeline	
MMC2-00915	4	2019	Gut	Enteric fungal microbiota dysbiosis and ecological alterations in colorectal cancer.	10.1136/gutjnl-2018-317178		0	0				Cancer		Gut	Shotgun		pipeline	
MMC2-00917	4	2019	Scientific reports	Conjunctival dysbiosis in mucosa-associated lymphoid tissue lymphoma.	10.1038/s41598-019-44861-5		0	0				Cancer		Other	Amplicon	Japan	pipeline	
MMC2-00918	4	2019	International journal of cancer	Periodontal pathogens are a risk factor of oral cavity squamous cell carcinoma, independent of tobacco and alcohol and human papillomavirus.	10.1002/ijc.32152		0	0				Cancer		Oral	Amplicon	United States	pipeline	
MMC2-00919	4	2019	Scientific reports	Circulating Microbiota-Based Metagenomic Signature for Detection of Hepatocellular Carcinoma.	10.1038/s41598-019-44012-w		0	0				Cancer		Other	Amplicon		pipeline	
MMC2-00926	4	2019	International journal of cancer	Prospective study of oral microbiome and colorectal cancer risk in low-income and African American populations.	10.1002/ijc.31941		0	0				Cancer		Multiple	Amplicon		pipeline	
MMC2-00928	4	2019	PloS one	Metagenomic analyses of the gut microbiota associated with colorectal adenoma.	10.1371/journal.pone.0212406		0	0				Cancer		Gut	Amplicon	Japan	pipeline	
MMC2-00930	4	2019	Scientific reports	The biodiversity Composition of Microbiome in Ovarian Carcinoma Patients.	10.1038/s41598-018-38031-2		0	0				Cancer		Other	Amplicon		pipeline	
MMC2-00933	4	2018	Prostate cancer and prostatic diseases	Compositional differences in gastrointestinal microbiota in prostate cancer patients treated with androgen axis-targeted therapies.	10.1038/s41391-018-0061-x		0	0				Cancer		Multiple	Amplicon	United States	pipeline	
MMC2-00936	4	2018	BMC microbiology	Changes in gut microbiota and plasma inflammatory factors across the stages of colorectal tumorigenesis: a case-control study.	10.1186/s12866-018-1232-6		0	0				Cancer		Multiple	Amplicon	China	pipeline	
MMC2-00942	4	2018	Asian Pacific journal of cancer prevention : APJCP	Metagenomics of Microbial Communities in Gallbladder Bile from Patients with Gallbladder Cancer or Cholelithiasis.	10.22034/APJCP.2018.19.4.961		0	0				Cancer		Other	Amplicon		pipeline	
MMC2-00945	4	2018	PloS one	Alterations in the gut bacterial microbiome in fungal Keratitis patients.	10.1371/journal.pone.0199640		0	0				Cancer		Multiple	Amplicon	India	pipeline	
MMC2-00951	4	2018	JAMA oncology	Association of Oral Microbiome With Risk for Incident Head and Neck Squamous Cell Cancer.	10.1001/jamaoncol.2017.4777		0	0				Cancer		Oral	Amplicon	United States	pipeline	
MMC2-00955	4	2017	Cancer research	Oral Microbiome Composition Reflects Prospective Risk for Esophageal Cancers.	10.1158/0008-5472.CAN-17-1296		0	0				Cancer		Oral	Amplicon	United States	pipeline	
MMC2-00957	4	2018	Gut	Human oral microbiome and prospective risk for pancreatic cancer: a population-based nested case-control study.	10.1136/gutjnl-2016-312580		0	0				Cancer		Oral	Amplicon	United States	pipeline	
MMC2-00960	4	2017	Gut	Race-dependent association of sulfidogenic bacteria with colorectal cancer.	10.1136/gutjnl-2016-313321		0	0				Cancer		Gut	Amplicon	United States	pipeline	
MMC2-00962	4	2017	Gut	Tumour-associated and non-tumour-associated microbiota in colorectal cancer.	10.1136/gutjnl-2015-309595		0	0				Cancer		Gut	Amplicon	Ireland	pipeline	
MMC2-00965	4	2017	Journal of the American College of Nutrition	Nutritional Correlates of Human Oral Microbiome.	10.1080/07315724.2016.1185386		0	0				Cancer		Multiple	Amplicon	United States	pipeline	
MMC2-00971	4	2016	Oncotarget	16S rRNA amplicon sequencing identifies microbiota associated with oral cancer, human papilloma virus infection and surgical treatment.	10.18632/oncotarget.9710		0	0				Cancer		Oral	Amplicon	United States	pipeline	
MMC2-00975	4	2016	Scientific reports	The Microbiome of Aseptically Collected Human Breast Tissue in Benign and Malignant Disease.	10.1038/srep30751		0	0				Cancer		Skin	Amplicon	United States	pipeline	
MMC2-00977	4	2016	International journal of oncology	Potential screening and early diagnosis method for cancer: Tongue diagnosis.	10.3892/ijo.2016.3466		0	0				Cancer		Oral	Amplicon	China	pipeline	
MMC2-00978	4	2016	PloS one	Cervical Microbiome and Cytokine Profile at Various Stages of Cervical Cancer: A Pilot Study.	10.1371/journal.pone.0153274		0	0				Cancer		Vaginal	Amplicon		pipeline	
MMC2-00979	4	2016	Inflammatory bowel diseases	Microbiome Heterogeneity Characterizing Intestinal Tissue and Inflammatory Bowel Disease Phenotype.	10.1097/MIB.0000000000000674		0	0				Cancer		Gut	Amplicon	Canada	reviewer_agrees	
MMC2-00980	4	2015	PloS one	Oral Microbiota and Risk for Esophageal Squamous Cell Carcinoma in a High-Risk Area of China.	10.1371/journal.pone.0143603		0	0				Cancer		Oral	Amplicon	Sweden	pipeline	
MMC2-00983	4	2015	Journal of the National Cancer Institute	Investigation of the association between the fecal microbiota and breast cancer in postmenopausal women: a population-based case-control pilot study.	10.1093/jnci/djv147		0	0				Cancer		Gut	Amplicon	United States	pipeline	
MMC2-00985	4	2013	Clinical microbiology and infection : the official publication of the European           Society of Clinical Microbiology and Infectious Diseases	Oral bacterial community dynamics in paediatric patients with malignancies in relation to chemotherapy-related oral mucositis: a prospective study.	10.1111/1469-0691.12287		0	0				Healthy		Oral	Amplicon	Sweden	pipeline	
MMC2-00986	4	2015	Scientific reports	Variations of gastric corpus microbiota are associated with early esophageal squamous cell carcinoma and squamous dysplasia.	10.1038/srep08820		0	0				Cancer		Other	Amplicon		pipeline	
MMC2-00989	4	2014	Environmental and molecular mutagenesis	The potential role of lung microbiota in lung cancer attributed to household coal burning exposures.	10.1002/em.21878		0	0				Cancer		Multiple	Amplicon		pipeline	
MMC2-00990	4	2014	PloS one	Recurrent respiratory papillomatosis: HPV genotypes and risk of high-grade laryngeal neoplasia.	10.1371/journal.pone.0099114		0	0				Cancer		Pulmonary	Shotgun	Sweden	pipeline	
MMC2-00996	4	2013	PloS one	The Composition of Microbiome in Larynx and the Throat Biodiversity between Laryngeal Squamous Cell Carcinoma Patients and Control Population.	10.1371/journal.pone.0066476		0	0				Cancer		Other	Amplicon		pipeline	
MMC2-01001	4	2013	BMC infectious diseases	Characterization of bacterial biota in the distal esophagus of Japanese patients with reflux esophagitis and Barrett's esophagus.	10.1186/1471-2334-13-130		0	0				Gastrointestinal		Other	Amplicon		pipeline	
MMC2-01005	4	2013	PloS one	Fusobacterium is associated with colorectal adenomas.	10.1371/journal.pone.0053653		0	0				Cancer		Gut	Amplicon	United States	pipeline	
MMC2-01016	4	2025	Medicina (Kaunas, Lithuania)	Urinary Microbiota Composition in Treatment-Naïve Bladder Cancer: A Case-Control Study with Tumor Invasiveness Stratification.	10.3390/medicina61122240		0	0				Cancer		Other	Amplicon		pipeline	
MMC2-01019	4	2025	Cancer medicine	Comparative Analysis of Fecal Microbiota in Healthy Controls and Pancreatic Cancer Patients: A Focus on Tumor Localization Differences in Pancreatic Head and Body-Tail.	10.1002/cam4.71450		0	0				Cancer		Gut	Amplicon	Italy	pipeline	
MMC2-01021	4	2025	The oncologist	Machine learning identifies a distinct microbiota signature in immune checkpoint inhibitor colitis compared with inflammatory bowel disease.	10.1093/oncolo/oyaf376		0	0				Cancer		Gut	Amplicon	Italy	pipeline	
MMC2-01023	4	2025	Frontiers in cellular and infection microbiology	Clinical features, pathogens, and prognosis of immunocompromised host pneumonia in patients with malignancies.	10.3389/fcimb.2025.1646513		0	0				Cancer		Pulmonary	Shotgun	China	pipeline	
MMC2-01030	4	2025	Cancer immunology, immunotherapy : CII	Bacteria-derived DNA in serum extracellular vesicles as a biomarker for gastric cancer.	10.1007/s00262-025-04175-0		0	0				Cancer		Multiple	Amplicon		pipeline	
MMC2-01032	4	2025	Journal of cancer research and clinical oncology	Evaluation of the gut microbiome and sex hormones in postmenopausal women with newly diagnosed hormone receptor-positive breast cancer versus healthy women: a prospective case-control study.	10.1007/s00432-025-06338-z		0	0				Cancer		Gut	Amplicon	United States	pipeline	
MMC2-01035	4	2025	BMC cancer	Predictive value of nasopharyngeal microbiota for necrosis after re-irradiation in recurrent nasopharyngeal carcinoma.	10.1186/s12885-025-14842-1		0	0				Cancer		Nasal	Amplicon	China	pipeline	
MMC2-01039	4	2025	JAMA oncology	Oral Bacterial and Fungal Microbiome and Subsequent Risk for Pancreatic Cancer.	10.1001/jamaoncol.2025.3377		0	0				Cancer		Oral	Both	United States	pipeline	
MMC2-01041	4	2025	Medicine	Changes in fecal bacterial and fungal diversity, blood short chain fatty acids, and metabolomics in stage IV colorectal cancer patients.	10.1097/MD.0000000000044102		0	0				Cancer		Multiple	Amplicon	China	pipeline	
MMC2-01050	4	2024	Obesity surgery	Bariatric Surgery Is Associated with Lower Concentrations of Fecal Secondary Bile Acids and Their Metabolizing Microbial Enzymes: A Pilot Study.	10.1007/s11695-024-07420-0		0	0				Cancer		Multiple	Shotgun	United States	pipeline	
MMC2-01054	4	2025	International journal of radiation oncology, biology, physics	Skin Microbiome, Inflammation, and Skin Toxicities in Women With Breast Cancer Receiving Moderately Hypofractionated Radiation Therapy.	10.1016/j.ijrobp.2025.02.044		0	0				Cancer		Multiple	Amplicon	United States	pipeline	
MMC2-01056	4	2025	International journal of cancer	The gut microbiome is associated with disease-free survival in stage I-III colorectal cancer patients.	10.1002/ijc.35342		0	0				Cancer		Gut	Both	United States	pipeline	
MMC2-01058	4	2025	Journal of medical microbiology	Diagnostic value of nanopore-based metagenomic third-generation sequencing in the diagnosis of Pneumocystis jirovecii infection in patients with lung cancer.	10.1099/jmm.0.002031		0	0				Cancer		Pulmonary	Amplicon	China	pipeline	
MMC2-01059	4	2025	BMC oral health	Oral microbiome diversity and composition before and after chemotherapy treatment in pediatric oncology patients.	10.1186/s12903-025-06405-4		0	0				Cancer		Oral	Amplicon	Finland	pipeline	
MMC2-01064	4	2025	Frontiers in cellular and infection microbiology	Integrated analysis of microbiome and metabolome reveals insights into cervical neoplasia aggravation in a Chinese cohort.	10.3389/fcimb.2025.1556153		0	0				Cancer		Vaginal	Amplicon		pipeline	
MMC2-01068	4	2025	NPJ biofilms and microbiomes	Oral microbiota signature predicts the prognosis of colorectal carcinoma.	10.1038/s41522-025-00702-0		0	0				Cancer		Multiple	Amplicon	China	pipeline	
MMC2-01075	4	2025	BMC cancer	Potential changes in microorganisms and metabolites associated with oral cancer: a preliminary study.	10.1186/s12885-025-13680-5		0	0				Cancer		Oral	Amplicon	China	pipeline	
MMC2-01079	4	2025	Polish journal of microbiology	Comparative Analysis of Microbiological Profiles and Antibiotic Resistance Genes in Subjects with Colorectal Cancer and Healthy Individuals.	10.33073/pjm-2025-006		0	0				Cancer		Gut	Shotgun	China	pipeline	
MMC2-01082	4	2025	International journal of molecular sciences	Characterization of Salivary Microbiota in Japanese Patients with Oral Cancer.	10.3390/ijms26052339		0	0				Cancer		Oral	Amplicon	Japan	pipeline	
MMC2-01087	4	2025	Nutrients	Gut Microbiota Is Not Significantly Altered by Radioiodine Therapy.	10.3390/nu17030395		0	0				Cancer		Gut	Shotgun	Portugal	pipeline	
MMC2-01095	4	2025	World journal of gastroenterology	Differences in diversity and composition of mucosa-associated colonic microbiota in colorectal cancer and non-colorectal cancer in Indonesia.	10.3748/wjg.v31.i7.100051		0	0				Cancer		Gut	Amplicon	Indonesia	pipeline	
MMC2-01096	4	2025	Orphanet journal of rare diseases	Colorectal cancer in Lynch syndrome families: consequences of gene germline mutations and the gut microbiota.	10.1186/s13023-025-03543-4		0	0				Cancer		Gut	Amplicon	China	pipeline	
MMC2-01099	4	2025	Cancer medicine	Metagenomic Profiling of Oral Microbiome Dynamics During Chemoradiotherapy in Head and Neck Squamous Cell Carcinoma Patients.	10.1002/cam4.70589		0	0				Cancer		Oral	Shotgun	Luxembourg	pipeline	
MMC2-01107	4	2024	Journal of otolaryngology - head & neck surgery = Le Journal           d'oto-rhino-laryngologie et de chirurgie cervico-faciale	Microbial Dysbiosis in Nasopharyngeal Carcinoma: A Pilot Study on Biomarker Potential.	10.1177/19160216241304365		0	0				Cancer		Nasal	Amplicon	China	pipeline	
MMC2-01108	4	2024	Cancer medicine	Gut Microbiota as Mediator and Moderator Between Hepatitis B Virus and Hepatocellular Carcinoma: A Prospective Study.	10.1002/cam4.70454		0	0				Cancer		Gut	Amplicon	China	pipeline	
MMC2-01111	4	2024	Journal of translational medicine	Integrative analysis of gut microbiome and host transcriptome reveal novel molecular signatures in Hashimoto's thyroiditis.	10.1186/s12967-024-05876-3		0	0				Cancer		Gut	Shotgun	China	pipeline	
MMC2-01113	4	2024	The Turkish journal of gastroenterology : the official journal of Turkish Society           of Gastroenterology	Alterations of Gut Microbiome in Patients with Colorectal Advanced Adenoma by Metagenomic Analyses.	10.5152/tjg.2024.24294		0	0				Cancer		Gut	Shotgun	China	pipeline	
MMC2-01114	4	2024	Scientific reports	Dietary pattern and the corresponding gut microbiome in response to immunotherapy in Thai patients with advanced non-small cell lung cancer (NSCLC).	10.1038/s41598-024-79339-6		0	0				Cancer		Multiple	Shotgun	Thailand	pipeline	
MMC2-01117	4	2024	Clinical and molecular hepatology	Gut microbiome and metabolome signatures in liver cirrhosis-related complications.	10.3350/cmh.2024.0349		0	0				Cancer		Gut	Amplicon	South Korea	pipeline	
MMC2-01118	4	2024	International journal of molecular sciences	Oral Microbiome and CPT1A Function in Fatty Acid Metabolism in Oral Cancer.	10.3390/ijms252010890		0	0				Cancer		Oral	Amplicon	South Korea	pipeline	
MMC2-01119	4	2024	Journal of translational medicine	Parvimonas micra forms a distinct bacterial network with oral pathobionts in colorectal cancer patients.	10.1186/s12967-024-05720-8		0	0				Cancer		Multiple	Amplicon	Sweden	pipeline	
MMC2-01122	4	2024	International journal of molecular sciences	Dysbiosis in Human Urinary Microbiota May Differentiate Patients with a Bladder Cancer.	10.3390/ijms251810159		0	0				Cancer		Other	Amplicon		pipeline	
MMC2-01123	4	2024	JAMA oncology	Oral Microbiome and Subsequent Risk of Head and Neck Squamous Cell Cancer.	10.1001/jamaoncol.2024.4006		0	0				Cancer		Oral	Both	United States	pipeline	
MMC2-01125	4	2024	BMC cancer	Altered microbial diversity and composition of multiple mucosal organs in cervical cancer patients.	10.1186/s12885-024-12915-1		0	0				Cancer		Multiple	Amplicon	China	pipeline	
MMC2-01127	4	2024	Medicine	Analysis of the correlation between gut microbiome imbalance and the development of endometrial cancer based on metagenomics.	10.1097/MD.0000000000039596		0	0				Cancer		Multiple	Shotgun	China	pipeline	
MMC2-01129	4	2024	Cancer medicine	Gut microbial subtypes and clinicopathological value for colorectal cancer.	10.1002/cam4.70180		0	0				Cancer		Gut	Amplicon	China	pipeline	
MMC2-01132	4	2024	Frontiers in cellular and infection microbiology	Lower respiratory tract microbiome and lung cancer risk prediction in patients with diffuse lung parenchymal lesions.	10.3389/fcimb.2024.1410681		0	0				Cancer		Pulmonary	Amplicon	China	pipeline	
MMC2-01135	4	2024	Medicina (Kaunas, Lithuania)	Relationship of Metabolic Dysfunction-Associated Steatohepatitis-Related Hepatocellular Carcinoma with Oral and Intestinal Microbiota: A Cross-Sectional Pilot Study.	10.3390/medicina60071150		0	0				Cancer		Multiple	Amplicon	Japan	pipeline	
MMC2-01136	4	2024	World journal of surgical oncology	Gut microbiota affects the activation of STING pathway and thus participates in the progression of colorectal cancer.	10.1186/s12957-024-03487-2		0	0				Cancer		Gut	Amplicon	China	pipeline	
MMC2-01138	4	2024	Gut and liver	Combined DNA Methylation and Gastric Microbiome Marker Predicts Helicobacter pylori-Negative Gastric Cancer.	10.5009/gnl230348		0	0				Cancer		Other	Amplicon	United States	pipeline	
MMC2-01140	4	2024	AIDS (London, England)	Distinct anal microbiome is correlated with anal cancer precursors in MSM with HIV.	10.1097/QAD.0000000000003920		0	0				Cancer		Gut	Amplicon	United States	pipeline	
MMC2-01141	4	2024	The Korean journal of internal medicine	Increasing correlation between oral and gastric microbiota during gastric carcinogenesis.	10.3904/kjim.2023.490		0	0				Cancer		Multiple	Amplicon	South Korea	pipeline	
MMC2-01145	4	2024	Clinical oral investigations	Oral microbial dysbiosis in patients with oral cavity cancers.	10.1007/s00784-024-05770-8		0	0				Cancer		Oral	Amplicon	United States	pipeline	
MMC2-01147	4	2024	International journal of molecular sciences	Analysis of Oral and Gut Microbiome Composition and Its Impact in Patients with Oral Squamous Cell Carcinoma.	10.3390/ijms25116077		0	0				Cancer		Multiple	Amplicon	Japan	pipeline	
MMC2-01151	4	2024	International dental journal	Microbial Communities and Functional Genes in Periodontitis and Healthy Controls.	10.1016/j.identj.2024.01.012		0	0				Cancer		Oral	Amplicon	China	reviewer_agrees	
MMC2-01155	4	2020	Cancer immunology, immunotherapy : CII	Characterization of tumor-infiltrating immune cells in relation to microbiota in colorectal cancers.	10.1007/s00262-019-02433-6		0	0				Cancer		Gut	Both	Japan	pipeline	
MMC2-01157	4	2023	Annals of medicine	Specific gut microbiome signature predicts hepatitis B virus-related hepatocellular carcinoma patients with microvascular invasion.	10.1080/07853890.2023.2283160		0	0				Cancer		Gut	Amplicon	China	pipeline	
MMC2-01158	4	2024	Integrative cancer therapies	Associations Between Health Behaviors, Gastrointestinal Symptoms, and Gut Microbiota in a Cross-Sectional Sample of Cancer Survivors: Secondary Analysis from the Chemo-Gut Study.	10.1177/15347354241240141		0	0				Cancer		Gut	Amplicon	United States	pipeline	
MMC2-01167	4	2024	JAMA oncology	Association of Skin Microbiome Dynamics With Radiodermatitis in Patients With Breast Cancer.	10.1001/jamaoncol.2023.6533		0	0				Cancer		Skin	Amplicon	Germany	pipeline	
MMC2-01171	4	2023	BMC oral health	Compositional and functional changes in the salivary microbiota related to oral leukoplakia and oral squamous cell carcinoma: a case control study.	10.1186/s12903-023-03760-y		0	0				Cancer		Oral	Shotgun	China	pipeline	
MMC2-01176	4	2023	Journal of Crohn's & colitis	Bacterial Oncotraits Rather than Spatial Organization Are Associated with Dysplasia in Ulcerative Colitis.	10.1093/ecco-jcc/jjad092		0	0				Cancer		Gut	Both	Netherlands	pipeline	
MMC2-01178	4	2023	Nutrients	Association between Gut Microbiota and Breast Cancer: Diet as a Potential Modulating Factor.	10.3390/nu15214628		0	0				Cancer		Gut	Amplicon	United States	pipeline	
MMC2-01182	4	2023	Nutrients	Associations of Adherence to the 2018 World Cancer Research Fund and the American Institute for Cancer Research Dietary Recommendations with Gut Microbiota and Inflammation Levels.	10.3390/nu15173705		0	0				Cancer		Multiple	Amplicon	China	pipeline	
MMC2-01184	4	2023	JAMA dermatology	Gut Microbiome in Patients With Early-Stage and Late-Stage Melanoma.	10.1001/jamadermatol.2023.2955		0	0				Cancer		Gut	Amplicon		pipeline	
MMC2-01196	4	2023	Oral oncology	Characterization of the oral microbiota among middle-aged men with and without human papillomavirus infection.	10.1016/j.oraloncology.2023.106401		0	0				Cancer		Oral	Amplicon	United States	pipeline	
MMC2-01198	4	2023	Journal for immunotherapy of cancer	PEOPLE (NTC03447678), a phase II trial to test pembrolizumab as first-line treatment in patients with advanced NSCLC with PD-L1 <50%: a multiomics analysis.	10.1136/jitc-2023-006833		0	0				Cancer		Multiple	Shotgun	United States	pipeline	
MMC2-01202	4	2023	The Journal of nutrition	Tea Consumption and Gut Microbiome in Older Chinese Adults.	10.1016/j.tjnut.2022.12.002		0	0				Cancer		Gut	Amplicon	United States	pipeline	
MMC2-01208	4	2023	Gut microbes	A distinct microbiota signature precedes the clinical diagnosis of hepatocellular carcinoma.	10.1080/19490976.2023.2201159		0	0				Cancer		Multiple	Amplicon	China	pipeline	
MMC2-01220	4	2022	Oral oncology	Dysbiotic tumor microbiota associates with head and neck squamous cell carcinoma outcomes.	10.1016/j.oraloncology.2021.105657		0	0				Cancer		Other	Amplicon		t4_reviewer_accepts_proposal	
MMC2-01228	4	2021	International journal of dermatology	Balanopreputial sac and urine microbiota in patients with male genital lichen sclerosus.	10.1111/ijd.15252		0	0				Cancer		Multiple	Amplicon		pipeline	
MMC2-01229	4	2014	Environmental microbiology	Gastric microbiota is altered in oesophagitis and Barrett's oesophagus and further modified by proton pump inhibitors.	10.1111/1462-2920.12285		0	0				Cancer		Other	Amplicon		pipeline	
MMC2-01234	4	2021	Gynecologic oncology	The feature of cervical microbiota associated with the progression of cervical cancer among reproductive females.	10.1016/j.ygyno.2021.08.016		0	0				Cancer		Vaginal	Amplicon		pipeline	
MMC2-01242	4	2024	Annals of surgical oncology	Changes in the Urinary Microbiome After Transurethral Resection of Non-muscle-Invasive Bladder Cancer: Insights from a Prospective Observational Study.	10.1245/s10434-024-15198-9		0	0				Cancer		Multiple	Amplicon		pipeline	
MMC2-01245	4	2020	European urology oncology	Sex-specific Alterations in the Urinary and Tissue Microbiome in Therapy-naïve Urothelial Bladder Cancer Patients.	10.1016/j.euo.2020.04.002		0	0				Cancer		Other	Amplicon		pipeline	
MMC2-01250	4	2024	Urologic oncology	An exploratory study investigating the impact of the bladder tumor microbiome on Bacillus Calmette Guerin (BCG) response in non-muscle invasive bladder cancer.	10.1016/j.urolonc.2024.04.011		0	0				Cancer		Multiple	Both		pipeline	
MMC2-01252	4	2020	Urologic oncology	Characterization of urinary microbiome in patients with bladder cancer: Results from a single-institution, feasibility study.	10.1016/j.urolonc.2020.04.014		0	0				Cancer		Other	Amplicon		pipeline	
MMC2-01256	4	2021	Urologic oncology	Investigating the association between the urinary microbiome and bladder cancer: An exploratory study.	10.1016/j.urolonc.2020.12.011		0	0				Cancer		Other	Amplicon		pipeline	
MMC2-01259	4	2025	Minerva urology and nephrology	Exploring the influence of the bladder microbiome on BCG immunotherapy outcomes for high-risk non muscle invasive bladder cancer.	10.23736/S2724-6051.25.06431-6		0	0				Cancer		Other	Amplicon		pipeline	
MMC2-01262	4	2019	Journal of medical microbiology	Urinary microbiota - a potential biomarker and therapeutic target for bladder cancer.	10.1099/jmm.0.001058		0	0				Cancer		Other	Amplicon		pipeline	
MMC2-01264	4	2023	International journal of radiation oncology, biology, physics	Serial Genotyping of the Human Papillomavirus in Cervical Cancer: An Insight Into Virome Dynamics During Chemoradiation Therapy.	10.1016/j.ijrobp.2023.02.018		0	0				Cancer		Vaginal	Shotgun		pipeline	
MMC2-01265	4	2023	Journal of microbiology (Seoul, Korea)	Vaginal Microbiome Dysbiosis is Associated with the Different Cervical Disease Status.	10.1007/s12275-023-00039-3		0	0				Cancer		Vaginal	Amplicon		pipeline	
MMC2-01267	4	2024	Journal of gastroenterology	Characterization of tumor microbiome and associations with prognosis in intrahepatic cholangiocarcinoma.	10.1007/s00535-024-02090-2		0	0				Cancer		Multiple	Amplicon		pipeline	
MMC2-01350	4	2023	Journal of digestive diseases	Alterations and clinical relevance of gut microbiota in patients with Peutz-Jeghers syndrome: A prospective study.	10.1111/1751-2980.13175		0	0				Cancer		Gut	Amplicon	China	pipeline	
MMC2-01351	4	2024	Anticancer research	A Prospective Observational Study Analyzing the Diversity and Specific Composition of the Oral and Gut Microbiota in Lung Cancer Patients.	10.21873/anticanres.17331		0	0				Cancer		Multiple	Amplicon	Japan	pipeline	
MMC2-01358	4	2018	Clinical infectious diseases : an official publication of the Infectious Diseases           Society of America	Gut Dysbiosis Associated With Hepatitis C Virus Infection.	10.1093/cid/ciy205		0	0				Cancer		Gut	Amplicon	Japan	pipeline	
MMC2-01360	4	2025	Endocrine-related cancer	Gut microbial and functional alterations lead to metagenomic signatures for midgut neuroendocrine tumor patients and for carcinoid syndrome.	10.1530/ERC-24-0145		0	0				Cancer		Gut	Both		pipeline	
MMC2-01362	4	2020	Clinical science (London, England : 1979)	Gut dysbiosis is associated with primary hypothyroidism with interaction on gut-thyroid axis.	10.1042/CS20200475		0	0				Cancer		Gut	Amplicon	China	pipeline	
MMC2-01363	4	2020	Journal of viral hepatitis	Gut microbiota dysbiosis in patients with hepatitis B virus-induced chronic liver disease covering chronic hepatitis, liver cirrhosis and hepatocellular carcinoma.	10.1111/jvh.13216		0	0				Cancer		Gut	Amplicon	China	pipeline	
MMC2-01370	4	2024	Cancer	Gut microbiome in association with chemotherapy-induced toxicities among patients with breast cancer.	10.1002/cncr.35229		0	0				Cancer		Gut	Shotgun	Vietnam	pipeline	
MMC2-01373	4	2024	Microbial pathogenesis	Dysbiosis of the gut microbiota in glioblastoma patients and potential biomarkers for risk assessment.	10.1016/j.micpath.2024.106888		0	0				Cancer		Gut	Amplicon	China	pipeline	
MMC2-01379	4	2022	Clinical colorectal cancer	The Role of Intestinal Microbiota in Metastatic Colorectal Cancer Patients Treated With Capecitabine.	10.1016/j.clcc.2021.10.004		0	0				Cancer		Gut	Amplicon	Netherlands	pipeline	
MMC2-01384	4	2020	Journal of gastroenterology and hepatology	Gut microbiota dysbiosis signature is associated with the colorectal carcinogenesis sequence and improves the diagnosis of colorectal lesions.	10.1111/jgh.15077		0	0				Cancer		Gut	Both	China	pipeline	
MMC2-01385	4	2021	Biochimica et biophysica acta. Proteins and proteomics	Meta-omics analysis indicates the saliva microbiome and its proteins associated with the prognosis of oral cancer patients.	10.1016/j.bbapap.2021.140659		0	0				Cancer		Oral	Amplicon	Denmark	t4_reviewer_accepts_proposal	
MMC2-01387	4	2025	Journal of investigative surgery : the official journal of the Academy of           Surgical Research	Clinical and Microbial Features of Granulomatous Mastitis: Comparative Analysis of Breast and Gut Microbiota.	10.1080/08941939.2025.2586015		0	0				Cancer		Gut	Amplicon	Turkey	pipeline	
MMC2-01388	4	2019	Zhongguo yi xue ke xue yuan xue bao. Acta Academiae Medicinae Sinicae	[Gut Microbiome Differences between Gastrointestinal Cancer Patients and Healthy People].	10.3881/j.issn.1000-503X.11372		0	0				Cancer		Multiple	Amplicon	China	pipeline	
MMC2-01398	4	2019	Frontiers of medicine	Altered intestinal microbiota associated with colorectal cancer.	10.1007/s11684-019-0695-7		0	0				Cancer		Gut	Amplicon	China	pipeline	
MMC2-01402	4	2023	Supportive care in cancer : official journal of the Multinational Association of           Supportive Care in Cancer	Baseline gut microbiota composition is associated with oral mucositis and tumour recurrence in patients with head and neck cancer: a pilot study.	10.1007/s00520-022-07559-5		0	0				Cancer		Multiple	Amplicon	Australia	pipeline	
MMC2-01404	4	2025	Cancer letters	Oral and fecal microbiota as accurate non-invasive tools for detection of pancreatic cancer in the Chinese population.	10.1016/j.canlet.2025.217456		0	0				Cancer		Multiple	Amplicon	China	pipeline	
MMC2-01422	4	2016	Lung cancer (Amsterdam, Netherlands)	Characterization of microbiome in bronchoalveolar lavage fluid of patients with lung cancer comparing with benign mass like lesions.	10.1016/j.lungcan.2016.10.016		0	0				Cancer		Pulmonary	Amplicon	South Korea	pipeline	
MMC2-01423	4	2015	Journal of gastroenterology	Microbial mucosal colonic shifts associated with the development of colorectal cancer reveal the presence of different bacterial and archaeal biomarkers.	10.1007/s00535-014-0963-x		0	0				Cancer		Gut	Amplicon	Spain	pipeline	
MMC2-01424	4	2025	Gastroenterology	Multi-Cohort Analysis Reveals Altered Archaea in Colorectal Cancer Fecal Samples Across Populations.	10.1053/j.gastro.2024.10.023		0	0				Cancer		Gut	Amplicon	China	pipeline	
MMC2-01425	4	2024	Head & neck	The potential value of oral microbial signatures for prediction of oral squamous cell carcinoma based on machine learning algorithms.	10.1002/hed.27795		0	0				Cancer		Oral	Amplicon	China	pipeline	
MMC2-01430	4	2024	Breast cancer research and treatment	Baseline gut microbiota as a predictive marker for the efficacy of neoadjuvant chemotherapy in patients with early breast cancer: a multicenter prospective cohort study in the Setouchi Breast Project-	10.1007/s10549-024-07395-7		0	0				Cancer		Gut	Amplicon	Japan	pipeline	
MMC2-01436	4	2021	Zhonghua yu fang yi xue za zhi [Chinese journal of preventive medicine]	[Analysis of gut microbiome in patients with lung adenocarcinoma and lung squamous cell carcinoma].	10.3760/cma.j.cn112150-20200826-01155		0	0				Cancer		Multiple	Amplicon	China	pipeline	
MMC2-01438	4	2019	Journal of clinical gastroenterology	Fecal Microbiota Differences According to the Risk of Advanced Colorectal Neoplasms.	10.1097/MCG.0000000000000979		0	0				Cancer		Gut	Amplicon	South Korea	pipeline	
MMC2-01446	4	2024	The American journal of clinical nutrition	Temporal gut microbiota variability and association with dietary patterns: From the one-year observational Diet, Cancer, and Health - Next Generations MAX study.	10.1016/j.ajcnut.2024.01.027		0	0				Cancer		Gut	Amplicon	Sweden	pipeline	
MMC2-01447	4	2021	Radiotherapy and oncology : journal of the European Society for Therapeutic           Radiology and Oncology	The baseline oral microbiota predicts the response of locally advanced oral squamous cell carcinoma patients to induction chemotherapy: A prospective longitudinal study.	10.1016/j.radonc.2021.09.013		0	0				Cancer		Oral	Both	China	pipeline	
MMC2-01450	4	2024	Pancreatology : official journal of the International Association of           Pancreatology (IAP) ... [et al.]	Reduction of butyrate-producing bacteria in the gut microbiome of Japanese patients with pancreatic cancer.	10.1016/j.pan.2024.09.002		0	0				Cancer		Multiple	Amplicon	Japan	pipeline	
MMC2-01458	4	2024	Journal of gastroenterology and hepatology	The effects of pks(+) Escherichia coli and bile acid in colorectal tumorigenesis among people with cholelithiasis or cholecystectomy.	10.1111/jgh.16462		0	0				Cancer		Multiple	Amplicon	China	pipeline	
MMC2-01459	4	2015	Gastroenterology	Pouch Inflammation Is Associated With a Decrease in Specific Bacterial Taxa.	10.1053/j.gastro.2015.05.041		0	0				Cancer		Gut	Amplicon	Israel	pipeline	
MMC2-01460	4	2021	Journal of applied biomedicine	Gut microbial dysbiosis and its association with esophageal cancer.	10.32725/jab.2021.005		0	0				Cancer		Gut	Amplicon	Pakistan	pipeline	
MMC2-01461	4	2019	The Prostate	A prospective study to examine the association of the urinary and fecal microbiota with prostate cancer diagnosis after transrectal biopsy of the prostate using 16sRNA gene analysis.	10.1002/pros.23713		0	0				Cancer		Multiple	Amplicon	United States	pipeline	
MMC2-01462	4	2020	Archives of microbiology	Alterations of salivary microbial community associated with oropharyngeal and hypopharyngeal squamous cell carcinoma patients.	10.1007/s00203-019-01790-1		0	0				Cancer		Oral	Amplicon	India	pipeline	
MMC2-01466	4	2024	European journal of gastroenterology & hepatology	The impact of long-term (≥5 years) cholecystectomy on gut microbiota changes and its influence on colorectal cancer risk: based on 16S rDNA sequencing analysis.	10.1097/MEG.0000000000002827		0	0				Cancer		Gut	Amplicon	China	pipeline	
MMC2-01469	4	2021	Clinical cancer research : an official journal of the American Association for           Cancer Research	Gut Microbiome Components Predict Response to Neoadjuvant Chemoradiotherapy in Patients with Locally Advanced Rectal Cancer: A Prospective, Longitudinal Study.	10.1158/1078-0432.CCR-20-3445		0	0				Cancer		Gut	Amplicon	China	pipeline	
MMC2-01474	4	2021	Carcinogenesis	Oral microbial dysbiosis and its performance in predicting oral cancer.	10.1093/carcin/bgaa062		0	0				Cancer		Oral	Amplicon	United States	pipeline	
MMC2-01479	4	2025	European journal of cancer (Oxford, England : 1990)	Gut microbiome and immune checkpoint inhibitor toxicity.	10.1016/j.ejca.2025.115221		0	0				Cancer		Gut	Both	Netherlands	pipeline	
MMC2-01481	4	2019	Colorectal disease : the official journal of the Association of Coloproctology of           Great Britain and Ireland	Urinary volatile organic compounds and faecal microbiome profiles in colorectal cancer.	10.1111/codi.14739		0	0				Cancer		Multiple	Amplicon	United Kingdom	pipeline	
MMC2-01496	4	2021	Journal of gastrointestinal cancer	An Evaluation of the Fecal Microbiome in Lynch Syndrome.	10.1007/s12029-021-00588-z		0	0				Cancer		Gut	Amplicon	United States	pipeline	
MMC2-01498	4	2025	International journal of radiation oncology, biology, physics	Association of Multi-Kingdom Skin Microbiota With Radiation Dermatitis in Patients With Breast Cancer After Reconstructive Surgery: A Prospective, Longitudinal Study.	10.1016/j.ijrobp.2025.03.077		0	0				Cancer		Skin	Amplicon	China	pipeline	
MMC2-01507	4	2025	AIDS (London, England)	Associations between salivary microbiota and Kaposi's sarcoma-associated herpesvirus infection in people with HIV.	10.1097/QAD.0000000000004087		0	0				Cancer		Oral	Amplicon		pipeline	
MMC2-01509	4	2023	Supportive care in cancer : official journal of the Multinational Association of           Supportive Care in Cancer	Associations of the gut microbiome with psychoneurological symptom cluster in women with gynecologic cancers: a longitudinal study.	10.1007/s00520-023-08058-x		0	0				Cancer		Multiple	Amplicon	United States	pipeline	
MMC2-01512	4	2018	Carcinogenesis	The interplay between oral microbiome, lifestyle factors and genetic polymorphisms in the risk of oral squamous cell carcinoma.	10.1093/carcin/bgy053		0	0				Cancer		Oral	Amplicon	China	pipeline	
MMC2-01513	4	2024	European journal of gastroenterology & hepatology	The microbiota comparative analysis of the characteristics between colorectal adenomatous polyps and normal mucosal intestinal.	10.1097/MEG.0000000000002836		0	0				Cancer		Gut	Amplicon	China	pipeline	
MMC2-01514	4	2023	Neoplasma	The effect of physical exercise and dairy probiotics (Lactobacillus casei) on gut microbiome in childhood cancer survivors.	10.4149/neo_2023_230526N287		0	0				Cancer		Gut	Amplicon	Slovakia	pipeline	
MMC2-01520	4	2025	Annals of surgery	Microbiome Dysbiosis With Enterococcus Presence in the Upper Gastrointestinal Tract Is a Risk Factor for Mortality in Patients Undergoing Surgery for Pancreatic Cancer.	10.1097/SLA.0000000000006210		0	0				Cancer		Multiple	Amplicon	Germany	pipeline	
MMC2-01523	4	2025	Microbiology and immunology	Gut Microbiota and Metabolite Profiles Associated With Functional Constipation Severity.	10.1111/1348-0421.13187		0	0				Cancer		Gut	Amplicon	China	pipeline	
MMC2-01526	4	2024	Journal of gastrointestinal cancer	Gut Microbiome Composition in Lynch Syndrome With and Without History of Colorectal Neoplasia and Non-Lynch Controls.	10.1007/s12029-023-00925-4		0	0				Cancer		Gut	Amplicon	United States	pipeline	
MMC2-01531	4	2020	Gut	Gut dysbiosis induces the development of pre-eclampsia through bacterial translocation.	10.1136/gutjnl-2019-319101		0	0				Reproductive		Multiple	Amplicon	China	pipeline	
MMC2-01533	4	2018	International journal of cancer	Difference of lower airway microbiome in bilateral protected specimen brush between lung cancer patients with unilateral lobar masses and control subjects.	10.1002/ijc.31098		0	0				Cancer		Pulmonary	Amplicon	United States	pipeline	
MMC2-01535	4	2014	Archives of oral biology	Changes of saliva microbiota in nasopharyngeal carcinoma patients under chemoradiation therapy.	10.1016/j.archoralbio.2013.10.011		0	0				Cancer		Multiple	Amplicon	China	pipeline	
MMC2-01537	4	2024	Supportive care in cancer : official journal of the Multinational Association of           Supportive Care in Cancer	Assessing the oral microbiome of head and neck cancer patients before and during radiotherapy.	10.1007/s00520-024-08953-x		0	0				Cancer		Oral	Amplicon	United States	pipeline	
MMC2-01540	4	2020	European urology	Gut Bacteria Composition Drives Primary Resistance to Cancer Immunotherapy in Renal Cell Carcinoma Patients.	10.1016/j.eururo.2020.04.044		0	0				Cancer		Gut	Shotgun	Italy	pipeline	
MMC2-01547	4	2015	Environmental microbiology reports	Interactions between the intestinal microbiota and bile acids in gallstones patients.	10.1111/1758-2229.12319		0	0				Cancer		Multiple	Amplicon	Israel	pipeline	
MMC2-01549	4	2024	Pituitary	The comprehensive evaluation of oral and fecal microbiota in patients with acromegaly.	10.1007/s11102-024-01444-6		0	0				Cancer		Multiple	Amplicon	Turkey	pipeline	
MMC2-01553	4	2019	Journal of gastroenterology and hepatology	Moderate alteration to gut microbiota brought by colorectal adenoma resection.	10.1111/jgh.14735		0	0				Cancer		Gut	Amplicon	China	pipeline	
MMC2-01559	4	2020	Gastroenterology	Altered Gut Archaea Composition and Interaction With Bacteria Are Associated With Colorectal Cancer.	10.1053/j.gastro.2020.06.042		0	0				Cancer		Gut	Shotgun	China	pipeline	
MMC2-01560	4	2021	Supportive care in cancer : official journal of the Multinational Association of           Supportive Care in Cancer	Gut microbiota and fatigue in rectal cancer patients: a cross-sectional pilot study.	10.1007/s00520-021-06013-2		0	0				Cancer		Gut	Amplicon	United States	pipeline	
MMC2-01561	4	2019	Hepatobiliary & pancreatic diseases international : HBPD INT	Relationship between intestinal microbial dysbiosis and primary liver cancer.	10.1016/j.hbpd.2019.01.002		0	0				Cancer		Gut	Amplicon	China	pipeline	
MMC2-01563	4	2019	Annals of hepatology	A different gut microbiome linked to inflammation found in cirrhotic patients with and without hepatocellular carcinoma.	10.1016/j.aohep.2018.10.003		0	0				Cancer		Gut	Amplicon	Argentina	pipeline	
MMC2-01564	4	2019	Immunotherapy	Intestinal microbiota predicts lung cancer patients at risk of immune-related diarrhea.	10.2217/imt-2018-0144		0	0				Cancer		Multiple	Amplicon	China	pipeline	
MMC2-01569	4	2025	Clinical & translational oncology : official publication of the Federation of           Spanish Oncology Societies and of the National Cancer Institute of Mexico	The gut microbiota is altered significantly in primary diffuse large b-cell lymphoma patients and relapse refractory diffuse large b-cell lymphoma patients.	10.1007/s12094-024-03710-2		0	0				Cancer		Gut	Amplicon	China	pipeline	
MMC2-01572	4	2025	Head & neck	Lachnoclostridium intestinal flora is associated with immunotherapy efficacy in nasopharyngeal carcinoma.	10.1002/hed.27917		0	0				Cancer		Multiple	Amplicon	China	pipeline	
MMC2-01581	4	2021	Clinical cancer research : an official journal of the American Association for           Cancer Research	Fecal Microbiota Transplantation from Overweight or Obese Donors in Cachectic Patients with Advanced Gastroesophageal Cancer: A Randomized, Double-blind, Placebo-Controlled, Phase II Study.	10.1158/1078-0432.CCR-20-4918		0	0				Cancer		Gut	Shotgun	Netherlands	pipeline	
MMC2-01592	4	2019	Journal of thoracic oncology : official publication of the International           Association for the Study of Lung Cancer	The Diversity of Gut Microbiome is Associated With Favorable Responses to Anti-Programmed Death 1 Immunotherapy in Chinese Patients With NSCLC.	10.1016/j.jtho.2019.04.007		0	0				Cancer		Gut	Amplicon	China	pipeline	
MMC2-01602	4	2024	Digestive and liver disease : official journal of the Italian Society of           Gastroenterology and the Italian Association for the Study of the Liver	Characteristics of microbiomes of the saliva, duodenal bulb, and descending portion of superficial nonampullary duodenal epithelial tumors.	10.1016/j.dld.2024.01.212		0	0				Cancer		Multiple	Amplicon	Japan	pipeline	
MMC2-01606	4	2020	Gut	Alterations of the bile microbiome in primary sclerosing cholangitis.	10.1136/gutjnl-2019-318416		0	0				Cancer		Multiple	Amplicon	Norway	pipeline	
MMC2-01607	4	2021	Journal of medical microbiology	Identification & correlation of bacterial diversity in oral cancer and long-term tobacco chewers- A case-control pilot study.	10.1099/jmm.0.001417		0	0				Cancer		Oral	Amplicon	South Korea	pipeline	
MMC2-01613	4	2025	Clinical nutrition (Edinburgh, Scotland)	Precise nutritional diagnosis in digestive system malignancies based on blood nutrients, inflammatory makers, intestinal function indicators and body composition.	10.1016/j.clnu.2025.09.024		0	0				Cancer		Multiple	Shotgun	China	pipeline	
MMC2-01616	4	2024	Journal of medical microbiology	The effect of daily usage of Listerine Cool Mint mouthwash on the oropharyngeal microbiome: a substudy of the PReGo trial.	10.1099/jmm.0.001830		0	0				Cancer		Oral	Shotgun	Belgium	pipeline	
MMC2-01618	4	2025	Journal of the National Cancer Institute	RE: Effects of a high-fiber, high-fruit, and high-vegetable, low-fat dietary intervention on the rectal tissue microbiome.	10.1093/jnci/djaf225		0	0				Cancer		Gut	Amplicon	Indonesia	pipeline	
MMC2-01620	4	2013	The American journal of clinical nutrition	Decreased dietary fiber intake and structural alteration of gut microbiota in patients with advanced colorectal adenoma.	10.3945/ajcn.112.046607		0	0				Cancer		Gut	Amplicon	China	pipeline	
MMC2-01625	4	2024	Oral oncology	Post-irradiation dysbiosis in patients with nasopharyngeal carcinoma having received radiotherapy - A pilot study.	10.1016/j.oraloncology.2024.106864		0	0				Cancer		Nasal	Amplicon	United States	pipeline	
MMC2-01627	4	2019	European journal of clinical microbiology & infectious diseases : official           publication of the European Society of Clinical Microbiology	Differences in mortality in Fusobacterium necrophorum and Fusobacterium nucleatum infections detected by culture and 16S rRNA gene sequencing.	10.1007/s10096-018-3394-4		0	0				Cancer		Oral	Amplicon	Denmark	pipeline	
MMC2-01628	4	2024	Gastric cancer : official journal of the International Gastric Cancer Association           and the Japanese Gastric Cancer Association	Gastric microbiome signature for predicting metachronous recurrence after endoscopic resection of gastric neoplasm.	10.1007/s10120-024-01532-3		0	0				Cancer		Other	Amplicon	South Korea	pipeline	
MMC2-01636	4	2023	Scandinavian journal of gastroenterology	Changes in intestinal bacteria and imbalances of metabolites induced in the intestines of pancreatic ductal adenocarcinoma patients in a Japanese population: a preliminary result.	10.1080/00365521.2022.2114812		0	0				Cancer		Multiple	Amplicon	Japan	pipeline	
MMC2-01637	4	2025	Archives of dermatological research	Microbial analyses of infectious keloids on the anterior chest-a case-control study.	10.1007/s00403-024-03731-5		0	0				Cancer		Other	Amplicon	China	reviewer_agrees	
MMC2-01638	4	2023	Radiotherapy and oncology : journal of the European Society for Therapeutic           Radiology and Oncology	Microbiome and metabolome dynamics during radiotherapy for prostate cancer.	10.1016/j.radonc.2023.109950		0	0				Cancer		Gut	Amplicon	Belgium	pipeline	
MMC2-01640	4	2022	Supportive care in cancer : official journal of the Multinational Association of           Supportive Care in Cancer	Health-related quality of life is associated with fecal microbial composition in breast cancer survivors.	10.1007/s00520-022-07496-3		0	0				Cancer		Gut	Amplicon	United States	pipeline	
MMC2-01649	4	2020	Cancer prevention research (Philadelphia, Pa.)	Oral Microbiome Profiling in Smokers with and without Head and Neck Cancer Reveals Variations Between Health and Disease.	10.1158/1940-6207.CAPR-19-0459		0	0				Cancer		Oral	Amplicon	United States	pipeline	
MMC2-01839	4	2022	Neoplasia (New York, N.Y.)	The breast tissue microbiome, stroma, immune cells and breast cancer.	10.1016/j.neo.2022.100786		0	0				Cancer		Other	Amplicon		pipeline	
MMC2-01840	4	2025	Urologia internationalis	Comparison of Tissue and Urine Microbiota in Male, Intervention Naive Patients with and without Non-Invasive Bladder Cancer.	10.1159/000541296		0	0				Cancer		Other	Amplicon		pipeline	
MMC2-01846	4	2025	Microbial pathogenesis	Characterization of blood and urine microbiome temporal variability in patients with acute myeloid leukemia.	10.1016/j.micpath.2025.107734		0	0				Cancer		Multiple	Amplicon	China	pipeline	
MMC2-01847	4	2018	Gastroenterology	Alterations in Enteric Virome Are Associated With Colorectal Cancer and Survival Outcomes.	10.1053/j.gastro.2018.04.018		0	0				Cancer		Gut	Shotgun	China	pipeline	
MMC2-01872	4	2025	Journal of applied microbiology	Effect of chemical peeling therapy for treatment of cervical intraepithelial neoplasia on cervicovaginal microbiota.	10.1093/jambio/lxaf080		0	0				Cancer		Vaginal	Amplicon		pipeline	
MMC2-01874	4	2025	Molecular biology reports	Choline metabolism disorder induced by Prevotella is a risk factor for endometrial cancer in women with polycystic ovary syndrome.	10.1007/s11033-025-10392-8		0	0				Cancer		Vaginal	Amplicon		pipeline	
MMC2-01875	4	2024	Frontiers in cellular and infection microbiology	Vaginal microbiome distinction in women with HPV+, cervical intraepithelial neoplasia, and cervical cancer, a retrospective study.	10.3389/fcimb.2024.1483544	PRJNA799456	1	1				Cancer		Vaginal	Amplicon	China	pipeline	
MMC2-01897	4	2024	Journal of medical virology	Cervicovaginal microbiota long-term dynamics and prediction of different outcomes in persistent human papillomavirus infection.	10.1002/jmv.29451		0	0				Cancer		Vaginal	Amplicon		pipeline	
MMC2-01900	4	2023	Journal of translational medicine	Characteristics of vaginal microbiota in various cervical intraepithelial neoplasia: a cross-sectional study.	10.1186/s12967-023-04676-5		0	0				Cancer		Vaginal	Amplicon		pipeline	
MMC2-01940	4	2022	Sexually transmitted infections	Feasibility and acceptability of frequent vaginal self-sampling at home by Rwandan women at high risk of urogenital tract infections.	10.1136/sextrans-2020-054816		0	0				Cancer		Multiple	Amplicon		pipeline	
MMC2-01952	4	2020	International journal of gynecological cancer : official journal of the International Gynecological Cancer Society	Characterization of vaginal microbiota in Chinese women with cervical squamous intra-epithelial neoplasia.	10.1136/ijgc-2020-001341		0	0				Cancer		Vaginal	Amplicon		pipeline	
MMC2-01955	4	2020	Annals of clinical microbiology and antimicrobials	Microbiota composition and distribution along the female reproductive tract of women with endometriosis.	10.1186/s12941-020-00356-0		0	0				Cancer		Vaginal	Amplicon		pipeline	
MMC2-01958	4	2019	The Lancet. Oncology	Association between the cervicovaginal microbiome, BRCA1 mutation status, and risk of ovarian cancer: a case-control study.	10.1016/S1470-2045(19)30340-7		0	0				Cancer		Vaginal	Amplicon		pipeline	
MMC2-01989	4	2023	Medicine and science in sports and exercise	Associations between Accelerometer-Measured Physical Activity and Fecal Microbiota in Adults with Overweight and Obesity.	10.1249/MSS.0000000000003096		0	0				Metabolic		Gut	Amplicon		pipeline	
MMC2-02026	4	2022	Microbiology spectrum	Norovirus GII.3[P12] Outbreak Associated with the Drinking Water Supply in a Rural Area in Galicia, Spain, 2021.	10.1128/spectrum.01048-22		0	0				Gastrointestinal		Gut	Shotgun	Spain	pipeline	
MMC2-02059	4	2022	Microbiology spectrum	Genetic Homology between Bacteria Isolated from Pulmonary Abscesses or Pyothorax and Bacteria from the Oral Cavity.	10.1128/spectrum.00974-21		0	0				Infectious		Multiple	Amplicon	Japan	pipeline	
MMC2-02063	4	2022	Journal of clinical sleep medicine : JCSM : official publication of the American           Academy of Sleep Medicine	Association of obstructive sleep apnea severity with the composition of the upper airway microbiome.	10.5664/jcsm.9640		0	0				Healthy		Multiple	Amplicon	South Korea	pipeline	
MMC2-02092	4	2021	The Journal of clinical endocrinology and metabolism	Reversal of Functional Brain Activity Related to Gut Microbiome and Hormones After VSG Surgery in Patients With Obesity.	10.1210/clinem/dgab297		0	0				Metabolic		Gut	Amplicon	China	pipeline	
MMC2-02109	4	2021	The Journal of infectious diseases	Temporal Dysbiosis of Infant Nasal Microbiota Relative to Respiratory Syncytial Virus Infection.	10.1093/infdis/jiaa577		0	0				Respiratory		Multiple	Amplicon	United States	pipeline	
MMC2-02126	4	2021	CNS neuroscience & therapeutics	Gut microbiota interacts with intrinsic brain activity of patients with amnestic mild cognitive impairment.	10.1111/cns.13451		0	0				Infectious		Gut	Amplicon	China	pipeline	
MMC2-02251	4	2017	American journal of respiratory and critical care medicine	Associations of Nasopharyngeal Metabolome and Microbiome with Severity among Infants with Bronchiolitis. A Multiomic Analysis.	10.1164/rccm.201701-0071OC	PRJNA356075	0	0				Respiratory		Multiple	Both	United States	t4_reviewer_accepts_proposal	
MMC2-02266	4	2017	PloS one	The Gut-Brain Axis in Healthy Females: Lack of Significant Association between Microbial Composition and Diversity with Psychiatric Measures.	10.1371/journal.pone.0170208		0	0				Mental Health		Gut	Amplicon	United States	pipeline	
MMC2-02273	4	2016	International journal of oral science	Cetylpyridinium chloride mouth rinses alleviate experimental gingivitis by inhibiting dental plaque maturation.	10.1038/ijos.2016.18	SRA063171	0	0				Infectious		Oral	Amplicon	United States	t4_reviewer_accepts_proposal	
MMC2-02274	4	2016	PloS one	Altered Gut Microbiota Composition Associated with Eczema in Infants.	10.1371/journal.pone.0166026	SRS1054294	1	1				Infectious		Gut	Amplicon	China	t4_reviewer_accepts_proposal	
MMC2-02277	4	2016	Scientific reports	Altered Fecal Microbiota Correlates with Liver Biochemistry in Nonobese Patients with Non-alcoholic Fatty Liver Disease.	10.1038/srep32002	SRA056280	1	1				Metabolic		Gut	Amplicon	China	t4_reviewer_accepts_proposal	
MMC2-02281	4	2016	PloS one	Phenylketonuria and Gut Microbiota: A Controlled Study Based on Next-Generation Sequencing.	10.1371/journal.pone.0157513	SRX1044553	1	1				Genetic		Gut	Amplicon	Brazil	t4_reviewer_accepts_proposal	
MMC2-02300	4	2015	Journal of clinical microbiology	Cohort Study of Airway Mycobiome in Adult Cystic Fibrosis Patients: Differences in Community Structure between Fungi and Bacteria Reveal Predominance of Transient Fungal Elements.	10.1128/JCM.01094-15		0	0				Respiratory		Pulmonary	Amplicon	Germany	reviewer_agrees	
MMC2-02356	4	2013	PloS one	Sputum microbiota in tuberculosis as revealed by 16S rRNA pyrosequencing.	10.1371/journal.pone.0054574	SRA058505	1	1				Respiratory		Pulmonary	Amplicon	China	t4_reviewer_accepts_proposal	
MMC2-02405	4	2025	MicrobiologyOpen	Examine the Impact of Self-Medicated Antibiotics on Gut Bacterial Diversity From COVID-19 Patients in Gopalganj, Bangladesh.	10.1002/mbo3.70063		0	0				Respiratory		Gut	Amplicon	Bangladesh	pipeline	
MMC2-02478	4	2025	Journal of traditional Chinese medicine = Chung i tsa chih ying wen pan	Difference of the gut microbiota of premature ovarian insufficiency in two traditional Chinese syndromes.	10.19852/j.cnki.jtcm.2025.01.012	PRJNA738630	1	1				Reproductive		Vaginal	Amplicon	China	t4_reviewer_accepts_proposal	
MMC2-02488	4	2024	Inflammatory bowel diseases	Does Improving Depression Symptoms in Young Adults With Inflammatory Bowel Disease Alter Their Microbiome?	10.1093/ibd/izae121		0	0				Gastrointestinal		Gut	Shotgun	Australia	pipeline	
MMC2-02513	4	2024	Virology journal	A retrospective study revealing complex viral diversity and a substantial burden of HPV infection in SARS-CoV-2 positive individuals, Sierra Leone.	10.1186/s12985-024-02466-z		0	0				Respiratory		Nasal	Shotgun	Sierra Leone	pipeline	
MMC2-02611	4	2023	Microbiology spectrum	Alterations in the Gut Microbiome and Metabolisms in Pregnancies with Fetal Growth Restriction.	10.1128/spectrum.00076-23		0	0				Metabolic		Multiple	Amplicon	China	pipeline	
MMC2-02629	4	2023	Nutrients	Bifidobacterium as a Potential Biomarker of Sarcopenia in Elderly Women.	10.3390/nu15051266		0	0				Metabolic		Gut	Shotgun	China	pipeline	
MMC2-02730	4	2024	Inflammatory bowel diseases	Prediction of Response to Systemic Corticosteroids in Active UC by Microbial Composition-A Prospective Multicenter Study.	10.1093/ibd/izad126	ERP132965; PRJEB48579	0	0				Gastrointestinal		Gut	Amplicon	Germany	t4_reviewer_accepts_proposal	
MMC2-02956	4	2019	Microbiome	Gut microbiota in HIV-pneumonia patients is related to peripheral CD4 counts, lung microbiota, and in vitro macrophage dysfunction.	10.1186/s40168-019-0651-4	PRJEB29534	0	0				Respiratory		Multiple	Amplicon	United States	t4_reviewer_accepts_proposal	
MMC2-02984	4	2019	Frontiers in cellular and infection microbiology	Early-Onset Preeclampsia Is Associated With Gut Microbial Alterations in Antepartum and Postpartum Women.	10.3389/fcimb.2019.00224	PRJEB33074	0	0				Reproductive		Multiple	Amplicon	United States	t4_reviewer_accepts_proposal	
MMC2-02994	4	2025	Nature	Expanding the human gut microbiome atlas of Africa.	10.1038/s41586-024-08485-8	PRJEB33885; PRJNA115737	0	0				Infectious		Gut	Shotgun	United States	t4_reviewer_accepts_proposal	
MMC2-03007	4	2024	International journal of molecular sciences	Gut Bacterial Composition and Nutritional Implications in Mexican and Spanish Individuals with Inflammatory Bowel Disease Compared to Healthy Controls.	10.3390/ijms252211887	PRJEB35085	0	0				Gastrointestinal		Gut	Amplicon	Spain	t4_reviewer_accepts_proposal	
MMC2-03045	4	2021	PloS one	Exposure to traffic-related air pollution and bacterial diversity in the lower respiratory tract of children.	10.1371/journal.pone.0244341	PRJEB38029	0	0				Respiratory		Multiple	Amplicon	United States	t4_reviewer_accepts_proposal	
MMC2-03129	4	2022	European journal of nutrition	Impact of wheat aleurone on biomarkers of cardiovascular disease, gut microbiota and metabolites in adults with high body mass index: a double-blind, placebo-controlled, randomized clinical trial.	10.1007/s00394-022-02836-9	PRJEB45819	0	0				Metabolic		Multiple	Amplicon	Italy	t4_reviewer_accepts_proposal	
MMC2-03199	4	2023	Gut	Postinfective bowel dysfunction following Campylobacter enteritis is characterised by reduced microbiota diversity and impaired microbiota recovery.	10.1136/gutjnl-2021-326828	PRJEB52306	0	0				Gastrointestinal		Gut	Amplicon	United Kingdom	t4_reviewer_accepts_proposal	
MMC2-03234	4	2025	Probiotics and antimicrobial proteins	Distinct Microbial Taxa Are Associated with LDL-Cholesterol Reduction after 12 Weeks of Lactobacillus plantarum Intake in Mild Hypercholesterolemia: Results of a Randomized Controlled Study.	10.1007/s12602-023-10191-2	PRJEB57654	0	0				Metabolic		Multiple	Amplicon	Germany	t4_reviewer_accepts_proposal	
MMC2-03297	4	2025	Infection	Infants < 90 days of age with late-onset sepsis display disturbances of the microbiome-immunity interplay.	10.1007/s15010-024-02396-6	PRJEB68362	0	0				Infectious		Multiple	Amplicon	Germany	t4_reviewer_accepts_proposal	
MMC2-03310	4	2024	International journal of molecular sciences	Prognostic Value of Gut Microbiome for Conversion from Mild Cognitive Impairment to Alzheimer's Disease Dementia within 4 Years: Results from the AlzBiom Study.	10.3390/ijms25031906	PRJEB72198	0	0				Neurodegenerative		Gut	Shotgun	Germany	t4_reviewer_accepts_proposal	
MMC2-03336	4	2024	BMC oral health	Tongue microbiota in relation to the breathing preference in children undergoing orthodontic treatment.	10.1186/s12903-024-05062-3	PRJEB79347	0	0				Oral		Oral	Amplicon	Czechia	t4_reviewer_accepts_proposal	
MMC2-03351	4	2025	Inflammatory bowel diseases	The Fecal Microbiome of IBD Patients Is Less Divertible by Bowel Preparation Compared to Healthy Controls: Results From a Prospective Study.	10.1093/ibd/izaf053	PRJEB82596	0	0				Gastrointestinal		Gut	Amplicon	Austria	t4_reviewer_accepts_proposal	
MMC2-03361	4	2025	Annals of medicine	Dual-approach analysis of gut microbiome in patients with type 1 diabetes and diabetic kidney disease.	10.1080/07853890.2025.2531254	PRJEB85321	0	0				Metabolic		Gut	Both	Latvia	t4_reviewer_accepts_proposal	
MMC2-03447	4	2025	Immunity, inflammation and disease	Integration of Metabolomics and 16S Ribosomal RNA Sequencing to Elucidate the Pathogenesis of Ankylosing Spondylitis.	10.1002/iid3.70183	PRJNA1032265	0	0				Autoimmune		Multiple	Amplicon	China	t4_reviewer_accepts_proposal	
MMC2-03500	4	2024	Scientific reports	Identification of commensal gut microbiota signatures as predictors of clinical severity and disease progression in multiple sclerosis.	10.1038/s41598-024-64369-x	PRJNA1055510	0	0				Gastrointestinal		Gut	Amplicon	United States	t4_reviewer_accepts_proposal	
MMC2-03520	4	2024	Frontiers in cellular and infection microbiology	Comparative characterization of supragingival plaque microbiomes in malocclusion adult female patients undergoing orthodontic treatment with removable aligners or fixed appliances: a descriptive cross	10.3389/fcimb.2024.1350181	PRJNA1064555	1	1				Oral		Oral	Amplicon	United States	t4_reviewer_accepts_proposal	
MMC2-03526	4	2024	Nature communications	Gut microbiome composition and metabolic activity in women with diverticulitis.	10.1038/s41467-024-47859-4	PRJNA1067170	0	0				Gastrointestinal		Gut	Shotgun	United States	t4_reviewer_accepts_proposal	
MMC2-03609	4	2025	BMC endocrine disorders	Gut microbiota dysbiosis and short-chain fatty acid depletion in phlegm-dampness polycystic ovary syndrome: a cross-sectional 16S rRNA sequencing analysis.	10.1186/s12902-025-02076-y	PRJNA1100770	1	6				Metabolic		Multiple	Amplicon	China	reviewer_named_tier	
MMC2-03676	4	2025	Nutrients	A Pilot Study Exploring the Relationship Between Milk Composition and Microbial Capacity in Breastfed Infants.	10.3390/nu17020338	PRJNA1138764	0	0				Metabolic		Multiple	Both	United States	t4_reviewer_accepts_proposal	
MMC2-03730	4	2025	Scientific reports	Prospective multicenter study identifying prognostic biomarkers and microbial profiles in severe CAP using BALF, blood mNGS, and PBMC transcriptomics.	10.1038/s41598-025-00812-x	PRJNA1177187	0	0				Respiratory		Other	Amplicon	China	t4_reviewer_accepts_proposal	
MMC2-03742	4	2025	Virulence	Gut microbiome composition and metabolic activity in metabolic-associated fatty liver disease.	10.1080/21505594.2025.2482158	PRJNA1181792	0	0				Liver		Multiple	Shotgun	China	t4_reviewer_accepts_proposal	
MMC2-03768	4	2025	BMC microbiology	Gut microbiome alterations in IgG4-related ophthalmic disease.	10.1186/s12866-025-04350-4	PRJNA1195011	1	30				Infectious		Multiple	Amplicon	China	reviewer_named_tier	
MMC2-03780	4	2025	JPEN. Journal of parenteral and enteral nutrition	Multiomics profiling and parenteral nutrition weaning in pediatric patients with intestinal failure: A longitudinal cohort study.	10.1002/jpen.2742	PRJNA1201632	0	0				Gastrointestinal		Multiple	Both	Canada	t4_reviewer_accepts_proposal	
MMC2-03799	4	2025	Frontiers in cellular and infection microbiology	Exploring the associations of gut microbiota with inflammatory and the early hematoma expansion in intracerebral hemorrhage: from change to potential therapeutic objectives.	10.3389/fcimb.2025.1462562	PRJNA1212289	0	0				Infectious		Multiple	Amplicon	China	t4_reviewer_accepts_proposal	
MMC2-03803	4	2025	International dental journal	Microbiome Shifts in Peri-Implantitis: Longitudinal Characterization of Dysbiosis and Resolution.	10.1016/j.identj.2025.100951	PRJNA1215005	0	0				Oral		Oral	Amplicon	Thailand	t4_reviewer_accepts_proposal	
MMC2-03846	4	2025	European journal of clinical investigation	Gastric microbiota-specific signatures in adults with obesity and Helicobacter pylori-negative gastritis.	10.1111/eci.70085	PRJNA1249029	0	0				Gastrointestinal		Other	Amplicon		t4_reviewer_accepts_proposal	
MMC2-03849	4	2025	mSphere	Unique dermal bacterial signature differentiates atopic dermatitis skin from healthy.	10.1128/msphere.00156-25	PRJNA1251692	0	0				Skin		Skin	Shotgun	Denmark	t4_reviewer_accepts_proposal	
MMC2-03894	4	2025	International journal of molecular sciences	Bacteroides fragilis and Microbacterium as Microbial Signatures in Hashimoto's Thyroiditis.	10.3390/ijms26178724	PRJNA1299156	0	0				Skin		Gut	Shotgun	Kazakhstan	t4_reviewer_accepts_proposal	
MMC2-03898	4	2025	International journal of molecular sciences	Altered Development of Gut Microbiota and Gastrointestinal Inflammation in Children with Post-Operative Hirschsprung's Disease.	10.3390/ijms262110570	PRJNA1312271	0	0				Gastrointestinal		Gut	Amplicon	Australia	t4_reviewer_accepts_proposal	
MMC2-03902	4	2025	Frontiers in endocrinology	Characteristics of the gut microbiome of asymptomatic hyperuricemia.	10.3389/fendo.2025.1557225	PRJNA1336442	0	0				Liver		Gut	Amplicon	China	t4_reviewer_accepts_proposal	
MMC2-03905	4	2025	Frontiers in immunology	Gut microbiota alterations and systemic inflammation in community-acquired pneumonia: a prospective gut-lung axis study.	10.3389/fimmu.2025.1715214	PRJNA1365037	0	0				Respiratory		Multiple	Amplicon	China	t4_reviewer_accepts_proposal	
MMC2-03993	4	2016	BMC microbiology	Longitudinal survey of Clostridium difficile presence and gut microbiota composition in a Belgian nursing home.	10.1186/s12866-016-0848-7	PRJNA315622	0	0				Gastrointestinal		Gut	Amplicon	Belgium	t4_reviewer_accepts_proposal	
MMC2-04017	4	2019	Frontiers in cellular and infection microbiology	Species-Level Salivary Microbial Indicators of Well-Resolved Periodontitis: A Preliminary Investigation.	10.3389/fcimb.2019.00347	PRJNA337949	0	0				Oral		Oral	Amplicon	United States	t4_reviewer_accepts_proposal	
MMC2-04067	4	2018	Wound repair and regeneration : official publication of the Wound Healing Society           [and] the European Tissue Repair Society	The microbiota of traumatic, open fracture wounds is associated with mechanism of injury.	10.1111/wrr.12642	PRJNA386669	0	0				Infectious		Skin	Amplicon	United States	t4_reviewer_accepts_proposal	
MMC2-04374	4	2021	PloS one	Characteristics of gut microbiota in people with obesity.	10.1371/journal.pone.0255446	PRJNA593870	1	1				Metabolic		Gut	Amplicon	China	t4_reviewer_accepts_proposal	
MMC2-04448	4	2021	Gut microbes	Maternal consumption of artificially sweetened beverages during pregnancy is associated with infant gut microbiota and metabolic modifications and increased infant body mass index.	10.1080/19490976.2020.1857513	PRJNA624780	0	0				Metabolic		Multiple	Amplicon	Canada	t4_reviewer_accepts_proposal	
MMC2-04525	4	2020	Aging	Periodontitis in elderly patients with type 2 diabetes mellitus: impact on gut microbiota and systemic inflammation.	10.18632/aging.202174	PRJNA655208	0	0				Cancer		Multiple	Amplicon	United Kingdom	t4_reviewer_accepts_proposal	
MMC2-04774	4	2022	The Lancet. Microbe	Lower respiratory tract infections in children requiring mechanical ventilation: a multicentre prospective surveillance study incorporating airway metagenomics.	10.1016/S2666-5247(21)00304-9	PRJNA748764	0	0				Respiratory		Pulmonary	Amplicon	United States	t4_reviewer_accepts_proposal	
MMC2-04802	4	2021	Frontiers in cellular and infection microbiology	A Volatile and Dynamic Longitudinal Microbiome Is Associated With Less Reduction in Lung Function in Adolescents With Cystic Fibrosis.	10.3389/fcimb.2021.763121	PRJNA759072	0	0				Respiratory		Pulmonary	Amplicon	Germany	t4_reviewer_accepts_proposal	
MMC2-05071	4	2022	Critical care (London, England)	Oropharyngeal and intestinal concentrations of opportunistic pathogens are independently associated with death of SARS-CoV-2 critically ill adults.	10.1186/s13054-022-04164-0	PRJNA860047	0	0				Respiratory		Multiple	Amplicon	France	t4_reviewer_accepts_proposal	
MMC2-05098	4	2023	Journal of translational medicine	Klebsiella quasipneumoniae in intestine damages bile acid metabolism in hematopoietic stem cell transplantation patients with bloodstream infection.	10.1186/s12967-023-04068-9	PRJNA874351	0	0				Respiratory		Multiple	Amplicon	China	t4_reviewer_accepts_proposal	
MMC2-05164	4	2024	Alzheimer's research & therapy	Profiles of subgingival microbiomes and gingival crevicular metabolic signatures in patients with amnestic mild cognitive impairment and Alzheimer's disease.	10.1186/s13195-024-01402-1	PRJNA903172	0	0				Oral		Oral	Amplicon	China	t4_reviewer_accepts_proposal	
MMC2-05245	4	2024	Translational psychiatry	Gut proinflammatory bacteria is associated with abnormal functional connectivity of hippocampus in unmedicated patients with major depressive disorder.	10.1038/s41398-024-03012-9	PRJNA936479	0	0				Infectious		Gut	Amplicon	China	t4_reviewer_accepts_proposal	
MMC2-05403	4	2014	Scientific reports	Impacts of infection with different toxigenic Clostridium difficile strains on faecal microbiota in children.	10.1038/srep07485	PRJNA255349	1	1				Gastrointestinal		Gut	Amplicon	China	t4_reviewer_accepts_proposal	
MMC2-05426	4	2015	Scientific reports	Decreased Diversity of the Oral Microbiota of Patients with Hepatitis B Virus-Induced Chronic Liver Disease: A Pilot Project.	10.1038/srep17098	PRJNA284100	1	1				Liver		Oral	Amplicon	Netherlands	t4_reviewer_accepts_proposal	
MMC2-05482	4	2017	PloS one	The oral bacterial microbiome of occlusal surfaces in children and its association with diet and caries.	10.1371/journal.pone.0180621	PRJNA359099	1	1				Oral		Oral	Amplicon	Brazil	t4_reviewer_accepts_proposal	
MMC2-05585	4	2025	EBioMedicine	Alterations of the nasal and oral microbiota in multiple sclerosis.	10.1016/j.ebiom.2025.105959	PRJNA1202517	0	0				Neurodegenerative		Multiple	Amplicon	United States	t4_reviewer_accepts_proposal	
MMC2-05633	4	2024	Scientific reports	Preoperative vaginal microbiome as a predictor of postoperative urinary tract infection.	10.1038/s41598-024-78809-1		0	0				Infectious		Multiple	Amplicon		t4_reviewer_accepts_proposal	
MMC2-05726	4	2019	Reproductive health	Associations between dietary micronutrient intake and molecular-Bacterial Vaginosis.	10.1186/s12978-019-0814-6		0	0				Reproductive		Vaginal	Amplicon	United States	t4_reviewer_accepts_proposal	
MMC2-05764	4	2013	The Journal of infectious diseases	Unique vaginal microbiota that includes an unknown Mycoplasma-like organism is associated with Trichomonas vaginalis infection.	10.1093/infdis/jit100		0	0				Infectious		Vaginal	Amplicon		pipeline	
MMC2-05772	4	2012	Journal of acquired immune deficiency syndromes (1999)	Altered vaginal microbiota are associated with perinatal mother-to-child transmission of HIV in African women from Burkina Faso.	10.1097/QAI.0b013e31824e4bdb		0	0				STI		Vaginal	Amplicon		pipeline	
MMC2-05777	4	2022	Journal of Alzheimer's disease : JAD	Gut Microbiota and Subjective Memory Complaints in Older Women.	10.3233/JAD-220011		0	0				Neurodegenerative		Gut	Amplicon	United States	pipeline	
MMC2-05788	4	2023	Critical care (London, England)	Gut microbiota composition during hospitalization is associated with 60-day mortality after severe COVID-19.	10.1186/s13054-023-04356-2		0	0				Respiratory		Gut	Amplicon	Norway	pipeline	
MMC2-05789	4	2023	Clinical and translational gastroenterology	Pathogen-Specific Alterations in the Gut Microbiota Predict Outcomes in Flare of Inflammatory Bowel Disease Complicated by Gastrointestinal Infection.	10.14309/ctg.0000000000000550		0	0				Gastrointestinal		Gut	Amplicon	United States	pipeline	
MMC2-05807	4	2022	Journal of Parkinson's disease	Parkinson's Disease and the Gut Microbiome in Rural California.	10.3233/JPD-223500		0	0				Neurodegenerative		Gut	Amplicon	United States	pipeline	
MMC2-05808	4	2023	Inflammatory bowel diseases	Patient-Reported Outcomes Correlate With Microbial Community Composition Independent of Mucosal Inflammation in Pediatric Inflammatory Bowel Disease.	10.1093/ibd/izac175		0	0				Gastrointestinal		Gut	Shotgun	United States	reviewer_agrees	
MMC2-05811	4	2022	Frontiers in cellular and infection microbiology	Fecal microbiota transplantation reverses insulin resistance in type 2 diabetes: A randomized, controlled, prospective study.	10.3389/fcimb.2022.1089991		0	0				Metabolic		Multiple	Shotgun	China	pipeline	
MMC2-05815	4	2023	BMC gastroenterology	Evaluation of gut microbiota of iranian patients with celiac disease, non-celiac wheat sensitivity, and irritable bowel syndrome: are there any similarities?	10.1186/s12876-023-02649-y		0	0				Gastrointestinal		Gut	Amplicon	Italy	pipeline	
MMC2-05824	4	2023	Clinical cancer research : an official journal of the American Association for           Cancer Research	Conditioning Regimens are Associated with Distinct Patterns of Microbiota Injury in Allogeneic Hematopoietic Cell Transplantation.	10.1158/1078-0432.CCR-22-1254		0	0				Immune Complications		Gut	Amplicon	United States	pipeline	
MMC2-05839	4	2022	Journal of translational medicine	The prebiotic effects of soluble dietary fiber mixture on renal anemia and the gut microbiota in end-stage renal disease patients on maintenance hemodialysis: a prospective, randomized, placebo-contro	10.1186/s12967-022-03812-x		0	0				Renal		Multiple	Amplicon	China	pipeline	
MMC2-05841	4	2022	Chinese medical journal	Features of gut microbiota in patients with anorexia nervosa.	10.1097/CM9.0000000000002362		0	0				Metabolic		Gut	Amplicon	China	pipeline	
MMC2-05842	4	2022	Alimentary pharmacology & therapeutics	Gut metagenome-derived signature predicts hepatic decompensation and mortality in NAFLD-related cirrhosis.	10.1111/apt.17236		0	0				Liver		Gut	Shotgun	United States	pipeline	
MMC2-05845	4	2022	Experimental biology and medicine (Maywood, N.J.)	Classification of salivary bacteriome in asymptomatic COVID-19 cases based on long-read nanopore sequencing.	10.1177/15353702221118091		0	0				Respiratory		Oral	Amplicon	Thailand	pipeline	
MMC2-05846	4	2023	AIDS (London, England)	Gut microbiota and plasma metabolites associated with bone mineral density in women with or at risk of HIV infection.	10.1097/QAD.0000000000003400		0	0				Infectious		Multiple	Amplicon	United States	pipeline	
MMC2-05847	4	2022	Nutrients	Association between Depression, Anxiety Symptoms and Gut Microbiota in Chinese Elderly with Functional Constipation.	10.3390/nu14235013		0	0				Gastrointestinal		Gut	Amplicon	China	pipeline	
MMC2-05851	4	2022	Frontiers in public health	Analysis of the gut microbiome in obese native Tibetan children living at different altitudes: A case-control study.	10.3389/fpubh.2022.963202		0	0				Metabolic		Multiple	Amplicon	China	pipeline	
MMC2-05860	4	2022	AIDS (London, England)	Multiomic analysis reveals microbiome-related relationships between cocaine use and metabolites.	10.1097/QAD.0000000000003363		0	0				STI		Multiple	Amplicon	United States	pipeline	
MMC2-05865	4	2022	European journal of pediatrics	The potential of rectal swabs to differentiate simple and complex appendicitis in children with a microbiota-based test.	10.1007/s00431-022-04627-0		0	0				Gastrointestinal		Gut	Amplicon	Netherlands	pipeline	
MMC2-05867	4	2022	The Journal of allergy and clinical immunology	Examination of host genetic effects on nasal microbiome composition.	10.1016/j.jaci.2022.06.004		0	0				Respiratory		Nasal	Amplicon	United States	pipeline	
MMC2-05872	4	2022	PloS one	Uncovering the characteristics of the gut microbiota in patients with acute ischemic stroke and phlegm-heat syndrome.	10.1371/journal.pone.0276598		0	0				Cardiovascular		Gut	Amplicon	China	pipeline	
MMC2-05880	4	2022	BMJ open	Cohort profile: the Swedish Maternal Microbiome project (SweMaMi) - assessing the dynamic associations between the microbiome and maternal and neonatal adverse events.	10.1136/bmjopen-2022-065825		0	0				Infectious		Multiple	Shotgun	Sweden	pipeline	
MMC2-05881	4	2022	Nutrients	Effects of Lactiplantibacillus plantarum OLL2712 on Memory Function in Older Adults with Declining Memory: A Randomized Placebo-Controlled Trial.	10.3390/nu14204300		0	0				Infectious		Gut	Amplicon	Japan	pipeline	
MMC2-05884	4	2022	International journal of molecular sciences	Anti-Citrullinated Peptide Antibodies Control Oral Porphyromonas and Aggregatibacter species in Patients with Rheumatoid Arthritis.	10.3390/ijms232012599		0	0				Healthy		Oral	Amplicon	Russia	pipeline	
MMC2-05889	4	2022	Frontiers in cellular and infection microbiology	Features of the oral microbiome in Japanese elderly people with 20 or more teeth and a non-severe periodontal condition during periodontal maintenance treatment: A cross-sectional study.	10.3389/fcimb.2022.957890		0	0				Respiratory		Oral	Amplicon	Japan	pipeline	
MMC2-05890	4	2023	Pediatric research	Early-life gut microbiota and attention deficit hyperactivity disorder in preadolescents.	10.1038/s41390-022-02051-6		0	0				Mental Health		Gut	Amplicon	United States	pipeline	
MMC2-05900	4	2022	BMC pediatrics	Infant behavioral state and stool microbiome in infants receiving Lactocaseibacillus rhamnosus GG in formula: randomized controlled trial.	10.1186/s12887-022-03647-x		0	0				Infectious		Gut	Amplicon	United States	pipeline	
MMC2-05903	4	2022	Frontiers in cellular and infection microbiology	Comparing the application of mNGS after combined pneumonia in hematologic patients receiving hematopoietic stem cell transplantation and chemotherapy: A retrospective analysis.	10.3389/fcimb.2022.969126		0	0				Respiratory		Pulmonary	Amplicon	China	pipeline	
MMC2-05911	4	2022	Dermatology (Basel, Switzerland)	The Skin and Nose Microbiome and Its Association with Filaggrin Gene Mutations in Pediatric Atopic Dermatitis.	10.1159/000520978		0	0				Skin		Multiple	Amplicon	Netherlands	pipeline	
MMC2-05913	4	2016	Annals of epidemiology	Impact of age and sex on the composition and abundance of the intestinal microbiota in individuals with and without enteric infections.	10.1016/j.annepidem.2016.03.007		0	0				Infectious		Gut	Amplicon	United States	pipeline	
MMC2-05917	4	2022	Gut and liver	Exploration of Potential Gut Microbiota-Derived Biomarkers to Predict the Success of Fecal Microbiota Transplantation in Ulcerative Colitis: A Prospective Cohort in Korea.	10.5009/gnl210369		0	0				Gastrointestinal		Gut	Amplicon	South Korea	pipeline	
MMC2-05920	4	2022	The Journal of allergy and clinical immunology	Multiscale study of the oral and gut environments in children with high- and low-threshold peanut allergy.	10.1016/j.jaci.2022.04.026		0	0				Immune Complications		Multiple	Amplicon	United States	pipeline	
MMC2-05921	4	2022	The Journal of allergy and clinical immunology	Exclusive breast-feeding, the early-life microbiome and immune response, and common childhood respiratory illnesses.	10.1016/j.jaci.2022.02.023		0	0				Respiratory		Multiple	Amplicon	United States	pipeline	
MMC2-05930	4	2022	EBioMedicine	Effect of intra-partum azithromycin on the development of the infant nasopharyngeal microbiota: A post hoc analysis of a double-blind randomized trial.	10.1016/j.ebiom.2022.104227		0	0				Infectious		Nasal	Amplicon	United Kingdom	pipeline	
MMC2-05933	4	2022	International journal of molecular sciences	How Hydroxyurea Alters the Gut Microbiome: A Longitudinal Study Involving Angolan Children with Sickle Cell Anemia.	10.3390/ijms23169061		0	0				Infectious		Gut	Amplicon	Portugal	pipeline	
MMC2-05935	4	2022	Journal of cachexia, sarcopenia and muscle	Gut microbial characteristics in poor appetite and undernutrition: a cohort of older adults and microbiota transfer in germ-free mice.	10.1002/jcsm.13002		0	0				Metabolic		Gut	Amplicon	Netherlands	pipeline	
MMC2-05945	4	2022	Journal of Crohn's & colitis	Combined Histo-endoscopic Remission but not Endoscopic Healing Alone in Ulcerative Colitis is Associated with a Mucosal Transcriptional Profile Resembling Healthy Mucosa.	10.1093/ecco-jcc/jjac001		0	0				Gastrointestinal		Gut	Amplicon	Canada	reviewer_agrees	
MMC2-05964	4	2022	BMC gastroenterology	Fecal microbiota transplantation in the treatment of irritable bowel syndrome: a single-center prospective study in Japan.	10.1186/s12876-022-02408-5		0	0				Gastrointestinal		Gut	Amplicon	Japan	pipeline	
MMC2-05966	4	2022	Journal of clinical laboratory analysis	Clinical application of metagenomic next-generation sequencing technology in the diagnosis and treatment of pulmonary infection pathogens: A prospective single-center study of 138 patients.	10.1002/jcla.24498		0	0				Respiratory		Pulmonary	Shotgun	China	pipeline	
MMC2-05977	4	2022	Inflammatory bowel diseases	Similar Gut Bacterial Composition Between Patients With Ulcerative Colitis and Healthy Controls in a High Incidence Population: A Cross-sectional Study of the Faroe Islands IBD Cohort.	10.1093/ibd/izab355		0	0				Gastrointestinal		Gut	Amplicon	Faroe Islands	pipeline	
MMC2-05983	4	2022	BMC microbiology	Gut microbiota differs in composition between adults with type 1 diabetes with or without depression and healthy control participants: a case-control study.	10.1186/s12866-022-02575-1		0	0				Metabolic		Gut	Amplicon	Germany	pipeline	
MMC2-05987	4	2022	Scientific reports	Disentangling the relationship of gut microbiota, functional gastrointestinal disorders and autism: a case-control study on prepubertal Chinese boys.	10.1038/s41598-022-14785-8		0	0				Mental Health		Gut	Amplicon	China	pipeline	
MMC2-05992	4	2022	BMC medicine	Gut microbiota signatures of long-term and short-term plant-based dietary pattern and cardiometabolic health: a prospective cohort study.	10.1186/s12916-022-02402-4		0	0				Healthy		Gut	Amplicon	China	pipeline	
MMC2-06001	4	2022	Diabetologia	Association of gut microbiota with glycaemic traits and incident type 2 diabetes, and modulation by habitual diet: a population-based longitudinal cohort study in Chinese adults.	10.1007/s00125-022-05687-5		0	0				Metabolic		Gut	Amplicon	China	pipeline	
MMC2-06016	4	2022	Journal of integrative and complementary medicine	Effects of a Supplement Containing a Cranberry Extract on Recurrent Urinary Tract Infections and Intestinal Microbiota: A Prospective, Uncontrolled Exploratory Study.	10.1089/jicm.2021.0300		0	0				Infectious		Multiple	Amplicon	Germany	pipeline	
MMC2-06020	4	2022	European journal of pediatrics	Intestinal microbiota composition of children with infection with severe acute respiratory syndrome coronavirus 2 (SARS-CoV-2) and multisystem inflammatory syndrome (MIS-C).	10.1007/s00431-022-04494-9		0	0				Respiratory		Gut	Amplicon	Turkey	pipeline	
MMC2-06022	4	2022	Journal of internal medicine	Respiratory dysfunction three months after severe COVID-19 is associated with gut microbiota alterations.	10.1111/joim.13458		0	0				Respiratory		Multiple	Amplicon	Norway	pipeline	
MMC2-06033	4	2022	Frontiers in cellular and infection microbiology	Uremic Toxin-Producing Bacteroides Species Prevail in the Gut Microbiota of Taiwanese CKD Patients: An Analysis Using the New Taiwan Microbiome Baseline.	10.3389/fcimb.2022.726256		0	0				Renal		Gut	Amplicon	United States	pipeline	
MMC2-06034	4	2022	Journal of the American Heart Association	Oral Microbiome Is Associated With Incident Hypertension Among Postmenopausal Women.	10.1161/JAHA.121.021930		0	0				Cardiovascular		Oral	Amplicon	United States	pipeline	
MMC2-06036	4	2022	The American journal of clinical nutrition	Associations of the Dietary Inflammatory Index with total adiposity and ectopic fat through the gut microbiota, LPS, and C-reactive protein in the Multiethnic Cohort-Adiposity Phenotype Study.	10.1093/ajcn/nqab398		0	0				Metabolic		Gut	Amplicon	United States	pipeline	
MMC2-06041	4	2022	BioMed research international	Gut Microbiome Characteristics in Mothers and Infants According to the Presence of Atopic Dermatitis.	10.1155/2022/8145462		0	0				Infectious		Multiple	Amplicon	South Korea	pipeline	
MMC2-06044	4	2022	Microbiology spectrum	Distinct Diet-Microbiota-Metabolism Interactions in Overweight and Obese Pregnant Women: a Metagenomics Approach.	10.1128/spectrum.00893-21		0	0				Metabolic		Gut	Amplicon	Finland	pipeline	
MMC2-06054	4	2022	BMC gastroenterology	Plasma and fecal zonulin are not altered by a high green leafy vegetable dietary intervention: secondary analysis of a randomized control crossover trial.	10.1186/s12876-022-02248-3		0	0				Cancer		Multiple	Amplicon	United States	pipeline	
MMC2-06060	4	2021	The Turkish journal of gastroenterology : the official journal of Turkish Society           of Gastroenterology	Gut Microbiota Characteristics in Children After the Use of Proton Pump Inhibitors.	10.5152/tjg.2020.20245		0	0				Gastrointestinal		Gut	Amplicon	Thailand	pipeline	
MMC2-06062	4	2022	Bioengineered	16S rDNA sequencing analyzes differences in intestinal flora of human immunodeficiency virus (HIV) patients and association with immune activation.	10.1080/21655979.2021.2019174		0	0				Cancer		Gut	Amplicon	China	pipeline	
MMC2-06076	4	2022	Experimental biology and medicine (Maywood, N.J.)	Bacterial microbiota in upper respiratory tract of COVID-19 and influenza patients.	10.1177/15353702211057473		0	0				Respiratory		Pulmonary	Amplicon	Thailand	pipeline	
MMC2-06079	4	2022	Nutrients	Habitual Dietary Fiber Intake, Fecal Microbiota, and Hemoglobin A1c Level in Chinese Patients with Type 2 Diabetes.	10.3390/nu14051003		0	0				Metabolic		Gut	Amplicon	United States	pipeline	
MMC2-06088	4	2022	Journal of atherosclerosis and thrombosis	Characterization of Salivary Microbiota in Patients with Atherosclerotic Cardiovascular Disease: A Case-Control Study.	10.5551/jat.60608		0	0				Cardiovascular		Oral	Amplicon	Japan	pipeline	
MMC2-06089	4	2021	European journal of heart failure	Association of preoperative infections, nasal Staphylococcus aureus colonization and gut microbiota with left ventricular assist device outcomes.	10.1002/ejhf.2215		0	0				Infectious		Multiple	Amplicon	United States	pipeline	
MMC2-06092	4	2022	The journal of spinal cord medicine	Comparison of the gut microbiome composition among individuals with acute or long-standing spinal cord injury vs. able-bodied controls.	10.1080/10790268.2020.1769949		0	0				Metabolic		Gut	Amplicon	United States	pipeline	
MMC2-06097	4	2022	BMC pregnancy and childbirth	Gut microbiota in pregnant Malaysian women: a comparison between trimesters, body mass index and gestational diabetes status.	10.1186/s12884-022-04472-x		0	0				Metabolic		Gut	Amplicon	Malaysia	pipeline	
MMC2-06113	4	2022	Alzheimer's research & therapy	Combination of gut microbiota and plasma amyloid-β as a potential index for identifying preclinical Alzheimer's disease: a cross-sectional analysis from the SILCODE study.	10.1186/s13195-022-00977-x		0	0				Neurodegenerative		Multiple	Amplicon	China	pipeline	
MMC2-06115	4	2022	Investigative ophthalmology & visual science	Enriched and Decreased Intestinal Microbes in Active VKH Patients.	10.1167/iovs.63.2.21		0	0				Healthy		Gut	Amplicon	China	pipeline	
MMC2-06122	4	2022	Gut microbes	A specific microbiota signature is associated to various degrees of ulcerative colitis as assessed by a machine learning approach.	10.1080/19490976.2022.2028366		0	0				Respiratory		Gut	Amplicon	United Kingdom	pipeline	
MMC2-06125	4	2021	Frontiers in endocrinology	Plasma Lipid Profile and Intestinal Microflora in Pregnancy Women With Hypothyroidism and Their Correlation With Pregnancy Outcomes.	10.3389/fendo.2021.792536		0	0				Reproductive		Multiple	Amplicon	China	pipeline	
MMC2-06126	4	2021	Bioengineered	Alterations of oral microbiota in patients with panic disorder.	10.1080/21655979.2021.1994738		0	0				Mental Health		Oral	Amplicon	China	reviewer_agrees	
MMC2-06129	4	2022	Scientific reports	Changes in the stool and oropharyngeal microbiome in obsessive-compulsive disorder.	10.1038/s41598-022-05480-9		0	0				Infectious		Multiple	Both	Spain	pipeline	
MMC2-06132	4	2021	Journal of neurovirology	Gut microbiota dysbiosis is associated with worse emotional states in HIV infection.	10.1007/s13365-020-00933-1		0	0				Infectious		Gut	Amplicon	United States	pipeline	
MMC2-06133	4	2022	Nutrients	The Role of the Western Diet and Oral Microbiota in Parkinson's Disease.	10.3390/nu14020355		0	0				Neurodegenerative		Oral	Amplicon	Poland	pipeline	
MMC2-06134	4	2022	Nutrients	Intestinal Taxa Abundance and Diversity in Inflammatory Bowel Disease Patients: An Analysis including Covariates and Confounders.	10.3390/nu14020260		0	0				Gastrointestinal		Gut	Amplicon	Italy	pipeline	
MMC2-06136	4	2022	Annals of the rheumatic diseases	Whole gut virome analysis of 476 Japanese revealed a link between phage and autoimmune disease.	10.1136/annrheumdis-2021-221267		0	0				Neurodegenerative		Gut	Shotgun	Japan	pipeline	
MMC2-06141	4	2022	Journal of acquired immune deficiency syndromes (1999)	Age-Associated Gut Dysbiosis, Marked by Loss of Butyrogenic Potential, Correlates With Altered Plasma Tryptophan Metabolites in Older People Living With HIV.	10.1097/QAI.0000000000002866		0	0				Infectious		Multiple	Amplicon	United States	pipeline	
MMC2-06144	4	2022	PloS one	The lower airways microbiome and antimicrobial peptides in idiopathic pulmonary fibrosis differ from chronic obstructive pulmonary disease.	10.1371/journal.pone.0262082		0	0				Respiratory		Multiple	Amplicon	Norway	pipeline	
MMC2-06149	4	2022	BMC nephrology	Intestinal dysbiosis featuring abundance of Streptococcus associates with Henoch-Schönlein purpura nephritis (IgA vasculitis with nephritis) in adult.	10.1186/s12882-021-02638-x		0	0				Infectious		Gut	Amplicon	China	pipeline	
MMC2-06153	4	2021	Nutrients	Multi-Strain Probiotic Supplementation with a Product Containing Human-Native S. salivarius K12 in Healthy Adults Increases Oral S. salivarius.	10.3390/nu13124392		0	0				Respiratory		Oral	Amplicon	United States	pipeline	
MMC2-06154	4	2021	Nutrients	Examining the Interaction of the Gut Microbiome with Host Metabolism and Cardiometabolic Health in Metabolic Syndrome.	10.3390/nu13124318		0	0				Metabolic		Multiple	Amplicon	Spain	pipeline	
MMC2-06158	4	2021	Kidney360	The Gut and Blood Microbiome in IgA Nephropathy and Healthy Controls.	10.34067/KID.0000132021		0	0				Infectious		Multiple	Both	United States	pipeline	
MMC2-06160	4	2021	BMC infectious diseases	The microbiological diagnostic performance of metagenomic next-generation sequencing in patients with sepsis.	10.1186/s12879-021-06934-7		0	0				Respiratory		Pulmonary	Amplicon	China	pipeline	
MMC2-06161	4	2021	Neural plasticity	Distinctive Gut Microbiota Alteration Is Associated with Poststroke Functional Recovery: Results from a Prospective Cohort Study.	10.1155/2021/1469339		0	0				Cardiovascular		Gut	Amplicon	China	pipeline	
MMC2-06162	4	2021	Annals of clinical and translational neurology	The gut microbiota in pediatric multiple sclerosis and demyelinating syndromes.	10.1002/acn3.51476		0	0				Neurodegenerative		Gut	Amplicon	United States	pipeline	
MMC2-06165	4	2021	Scientific reports	Changes in the gut microbiota after hepatitis C virus eradication.	10.1038/s41598-021-03009-0		0	0				Liver		Gut	Amplicon	Japan	pipeline	
MMC2-06167	4	2021	Scientific reports	Integrated metabolic and microbial analysis reveals host-microbial interactions in IgE-mediated childhood asthma.	10.1038/s41598-021-02925-5		0	0				Respiratory		Pulmonary	Amplicon	China	pipeline	
MMC2-06175	4	2021	Nutrients	Effect of Gut Microbial Enterotypes on the Association between Habitual Dietary Fiber Intake and Insulin Resistance Markers in Mexican Children and Adults.	10.3390/nu13113892		0	0				Metabolic		Gut	Amplicon	Mexico	pipeline	
MMC2-06180	4	2021	Nutrients	BMI, Alcohol Consumption and Gut Microbiome Species Richness Are Related to Structural and Functional Neurological Abnormalities.	10.3390/nu13113743		0	0				Metabolic		Gut	Amplicon	Germany	pipeline	
MMC2-06182	4	2021	BioMed research international	Tianwang Buxin Granules Influence the Intestinal Flora in Perimenopausal Insomnia.	10.1155/2021/9979511		0	0				Mental Health		Gut	Shotgun	China	pipeline	
MMC2-06184	4	2021	BMC gastroenterology	Fecal microbiota profiling in irritable bowel syndrome and inflammatory bowel disease patients with irritable bowel syndrome-type symptoms.	10.1186/s12876-021-02015-w		0	0				Gastrointestinal		Gut	Amplicon	China	pipeline	
MMC2-06196	4	2021	Frontiers in cellular and infection microbiology	Prospective Evaluation of a Rapid Clinical Metagenomics Test for Bacterial Pneumonia.	10.3389/fcimb.2021.684965		0	0				Respiratory		Pulmonary	Amplicon	United Kingdom	pipeline	
MMC2-06200	4	2021	Cell death & disease	Alterations in the gut microbiota and metabolite profiles of patients with Kashin-Beck disease, an endemic osteoarthritis in China.	10.1038/s41419-021-04322-2		0	0				Infectious		Multiple	Both	United Kingdom	pipeline	
MMC2-06212	4	2021	Scientific reports	Ileal mucosa-associated microbiota overgrowth associated with pathogenesis of primary biliary cholangitis.	10.1038/s41598-021-99314-9		0	0				Liver		Multiple	Amplicon	Japan	pipeline	
MMC2-06218	4	2021	Nutrients	Analyzing Type 2 Diabetes Associations with the Gut Microbiome in Individuals from Two Ethnic Backgrounds Living in the Same Geographic Area.	10.3390/nu13093289		0	0				Metabolic		Gut	Both	Netherlands	pipeline	
MMC2-06220	4	2021	BMC microbiology	Skin dysbiosis in the microbiome in atopic dermatitis is site-specific and involves bacteria, fungus and virus.	10.1186/s12866-021-02302-2		0	0				Infectious		Multiple	Shotgun	Denmark	pipeline	
MMC2-06221	4	2021	Aging	Activation of the gut microbiota-kynurenine-liver axis contributes to the development of nonalcoholic hepatic steatosis in nondiabetic adults.	10.18632/aging.203460		0	0				Liver		Gut	Amplicon	China	pipeline	
MMC2-06230	4	2021	Frontiers in cellular and infection microbiology	Insight Into the Potential Value of Gut Microbial Signatures for Prediction of Gestational Anemia.	10.3389/fcimb.2021.734561		0	0				Healthy		Gut	Amplicon	China	pipeline	
MMC2-06238	4	2021	Wound repair and regeneration : official publication of the Wound Healing Society           [and] the European Tissue Repair Society	Insights into the skin microbiome of sickle cell disease leg ulcers.	10.1111/wrr.12924		0	0				Skin		Skin	Amplicon	United States	pipeline	
MMC2-06241	4	2021	Gut microbes	Alterations in microbiota and their metabolites are associated with beneficial effects of bile acid sequestrant on icteric primary biliary Cholangitis.	10.1080/19490976.2021.1946366		0	0				Respiratory		Multiple	Shotgun	United States	reviewer_agrees	
MMC2-06242	4	2021	Journal of the American Heart Association	The Gut Microbiome of Heart Failure With Preserved Ejection Fraction.	10.1161/JAHA.120.020654		0	0				Metabolic		Gut	Amplicon	Australia	pipeline	
MMC2-06248	4	2021	Nutrients	The Associations between Diet and Socioeconomic Disparities and the Intestinal Microbiome in Preadolescence.	10.3390/nu13082645		0	0				Healthy		Gut	Amplicon	Israel	pipeline	
MMC2-06249	4	2021	Nutrients	Long-Term Effects of Bariatric Surgery on Gut Microbiota Composition and Faecal Metabolome Related to Obesity Remission.	10.3390/nu13082519		0	0				Metabolic		Gut	Amplicon	Spain	pipeline	
MMC2-06251	4	2021	Journal of virology	Fecal Metabolome Signature in the HIV-1 Elite Control Phenotype: Enrichment of Dipeptides Acts as an HIV-1 Antagonist but a Prevotella Agonist.	10.1128/JVI.00479-21		0	0				Infectious		Gut	Amplicon	United States	pipeline	
MMC2-06252	4	2021	PloS one	The gut microbiome in sickle cell disease: Characterization and potential implications.	10.1371/journal.pone.0255956		0	0				Healthy		Multiple	Amplicon	United States	pipeline	
MMC2-06254	4	2021	mSphere	Exposure to Parasitic Protists and Helminths Changes the Intestinal Community Structure of Bacterial Communities in a Cohort of Mother-Child Binomials from a Semirural Setting in Mexico.	10.1128/mSphere.00083-21		0	0				Infectious		Gut	Amplicon	Mexico	pipeline	
MMC2-06257	4	2021	Pediatric research	Cardiorespiratory performance capacity and airway microbiome in patients following primary repair of esophageal atresia.	10.1038/s41390-020-01222-7		0	0				Anatomical		Pulmonary	Amplicon	Austria	reviewer_agrees	
MMC2-06259	4	2021	Medicine	Intestinal flora differences between patients with ulcerative colitis of different ethnic groups in China.	10.1097/MD.0000000000026932		0	0				Gastrointestinal		Gut	Amplicon	China	pipeline	
MMC2-06265	4	2020	Clinical and translational gastroenterology	Ileocolonic Histopathological and Microbial Alterations in the Irritable Bowel Syndrome: A Nested Community Case-Control Study.	10.14309/ctg.0000000000000296		0	0				Gastrointestinal		Gut	Amplicon	United Kingdom	pipeline	
MMC2-06270	4	2021	Journal of immunology research	Correlation Analysis between Gut Microbiota and Metabolites in Children with Systemic Lupus Erythematosus.	10.1155/2021/5579608		0	0				Oral		Multiple	Amplicon	China	pipeline	
MMC2-06271	4	2021	JAMA network open	Association of Insulin Resistance and Type 2 Diabetes With Gut Microbial Diversity: A Microbiome-Wide Analysis From Population Studies.	10.1001/jamanetworkopen.2021.18811		0	0				Metabolic		Gut	Amplicon	Netherlands	pipeline	
MMC2-06272	4	2021	Respiratory research	Follow-up study of airway microbiota in children with persistent wheezing.	10.1186/s12931-021-01806-9		0	0				Respiratory		Pulmonary	Amplicon	China	pipeline	
MMC2-06281	4	2021	Emerging microbes & infections	Metagenomic next-generation sequencing in the family outbreak of psittacosis: the first reported family outbreak of psittacosis in China under COVID-19.	10.1080/22221751.2021.1948358		0	0				Respiratory		Pulmonary	Amplicon	China	pipeline	
MMC2-06282	4	2021	Gut microbes	The effect of early probiotic exposure on the preterm infant gut microbiome development.	10.1080/19490976.2021.1951113		0	0				Gastrointestinal		Gut	Amplicon	Denmark	pipeline	
MMC2-06283	4	2021	Journal of affective disorders	Gut microbiome in adolescent depression.	10.1016/j.jad.2021.05.107		0	0				Mental Health		Gut	Amplicon	United States	pipeline	
MMC2-06285	4	2021	Saudi journal of gastroenterology : official journal of the Saudi           Gastroenterology Association	Clinical effects of ursodeoxycholic acid on patients with ulcerative colitis may improve via the regulation of IL-23-IL-17 axis and the changes of the proportion of intestinal microflora.	10.4103/sjg.SJG_462_20		0	0				Gastrointestinal		Gut	Amplicon	China	pipeline	
MMC2-06287	4	2021	Scientific reports	Gut microbiota signature of pathogen-dependent dysbiosis in viral gastroenteritis.	10.1038/s41598-021-93345-y		0	0				Gastrointestinal		Gut	Amplicon	Japan	pipeline	
MMC2-06289	4	2021	Scientific reports	Rhamnan sulphate from green algae Monostroma nitidum improves constipation with gut microbiome alteration in double-blind placebo-controlled trial.	10.1038/s41598-021-92459-7		0	0				Gastrointestinal		Multiple	Amplicon	Japan	pipeline	
MMC2-06290	4	2021	BMJ open	Helicobacter pylori infection-induced changes in the intestinal microbiota of 14-year-old or 15-year-old Japanese adolescents: a cross-sectional study.	10.1136/bmjopen-2020-047941		0	0				Infectious		Gut	Amplicon	Japan	pipeline	
MMC2-06295	4	2021	APMIS : acta pathologica, microbiologica, et immunologica Scandinavica	Extensive microbiological respiratory tract specimen characterization in critically ill COVID-19 patients.	10.1111/apm.13143		0	0				Respiratory		Pulmonary	Amplicon	Denmark	pipeline	
MMC2-06298	4	2021	EBioMedicine	Maternal fecal microbiome predicts gestational age, birth weight and neonatal growth in rural Zimbabwe.	10.1016/j.ebiom.2021.103421		0	0				Infectious		Gut	Shotgun	Zimbabwe	pipeline	
MMC2-06302	4	2021	Scientific reports	Colonic dialysis can influence gut flora to protect renal function in patients with pre-dialysis chronic kidney disease.	10.1038/s41598-021-91722-1		0	0				Renal		Gut	Amplicon	China	pipeline	
MMC2-06308	4	2021	PloS one	Disruption of the pro-inflammatory, anti-inflammatory cytokines and tight junction proteins expression, associated with changes of the composition of the gut microbiota in patients with irritable bowe	10.1371/journal.pone.0252930		0	0				Gastrointestinal		Gut	Amplicon	Russia	pipeline	
MMC2-06315	4	2021	The American journal of clinical nutrition	Dietary factors, gut microbiota, and serum trimethylamine-N-oxide associated with cardiovascular disease in the Hispanic Community Health Study/Study of Latinos.	10.1093/ajcn/nqab001		0	0				Healthy		Multiple	Shotgun	United States	pipeline	
MMC2-06323	4	2021	Biomolecules	Variations in Gut Microbiome are Associated with Prognosis of Hypertriglyceridemia-Associated Acute Pancreatitis.	10.3390/biom11050695		0	0				Infectious		Gut	Amplicon	China	pipeline	
MMC2-06327	4	2021	Nutrients	Using Oral Microbiota Data to Design a Short Sucrose Intake Index.	10.3390/nu13051400		0	0				Oral		Oral	Amplicon	United Kingdom	pipeline	
MMC2-06333	4	2021	International journal of molecular sciences	Deep Transcranial Magnetic Stimulation Affects Gut Microbiota Composition in Obesity: Results of Randomized Clinical Trial.	10.3390/ijms22094692		0	0				Metabolic		Gut	Amplicon	Italy	pipeline	
MMC2-06335	4	2021	BMC microbiology	Association of gestational diabetes mellitus with changes in gut microbiota composition at the species level.	10.1186/s12866-021-02207-0		0	0				Metabolic		Gut	Amplicon	China	pipeline	
MMC2-06337	4	2021	Microbial cell factories	Evaluation of fecal microbiota transplantation in Parkinson's disease patients with constipation.	10.1186/s12934-021-01589-0		0	0				Gastrointestinal		Gut	Amplicon	China	pipeline	
MMC2-06339	4	2021	Dermatology (Basel, Switzerland)	Dysbiosis of Oral Microbiota Associated with Palmoplantar Pustulosis.	10.1159/000511622		0	0				Infectious		Oral	Amplicon	Japan	pipeline	
MMC2-06343	4	2021	Scientific reports	Evaluation of changes in intestinal microbiota in Crohn's disease patients after anti-TNF alpha treatment.	10.1038/s41598-021-88823-2		0	0				Gastrointestinal		Gut	Amplicon	Spain	pipeline	
MMC2-06346	4	2021	Thyroid : official journal of the American Thyroid Association	Gut Microbiota May Play a Significant Role in the Pathogenesis of Graves' Disease.	10.1089/thy.2020.0193		0	0				Autoimmune		Gut	Amplicon	China	pipeline	
MMC2-06351	4	2021	Clinical infectious diseases : an official publication of the Infectious Diseases           Society of America	Antibiotic Treatments During Infancy, Changes in Nasal Microbiota, and Asthma Development: Population-based Cohort Study.	10.1093/cid/ciaa262		0	0				Respiratory		Multiple	Amplicon	United States	pipeline	
MMC2-06353	4	2021	Journal of periodontology	Subgingival microbiome is associated with alveolar bone loss measured 5 years later in postmenopausal women.	10.1002/JPER.20-0445		0	0				Oral		Multiple	Amplicon	United States	pipeline	
MMC2-06355	4	2021	JAMA network open	Nasal Microbiota and Infectious Complications After Elective Surgical Procedures.	10.1001/jamanetworkopen.2021.8386		0	0				Respiratory		Nasal	Amplicon	United States	pipeline	
MMC2-06357	4	2020	Experimental & molecular medicine	Comparison of thrombus, gut, and oral microbiomes in Korean patients with ST-elevation myocardial infarction: a case-control study.	10.1038/s12276-020-00543-1		0	0				Cardiovascular		Multiple	Amplicon	South Korea	pipeline	
MMC2-06361	4	2019	Hypertension research : official journal of the Japanese Society of Hypertension	Analysis of oral microbiota in patients with obstructive sleep apnea-associated hypertension.	10.1038/s41440-019-0260-4		0	0				Cardiovascular		Multiple	Amplicon	China	pipeline	
MMC2-06364	4	2021	Menopause (New York, N.Y.)	Menopausal status and observed differences in the gut microbiome in women with and without HIV infection.	10.1097/GME.0000000000001730		0	0				Infectious		Gut	Amplicon	United States	pipeline	
MMC2-06365	4	2021	Respiratory research	Divergent airway microbiomes in lung transplant recipients with or without pulmonary infection.	10.1186/s12931-021-01724-w		0	0				Infectious		Pulmonary	Amplicon	Sweden	pipeline	
MMC2-06367	4	2020	American journal of clinical dermatology	Characterization and Analysis of the Skin Microbiota in Rosacea: A Case-Control Study.	10.1007/s40257-019-00471-5		0	0				Infectious		Multiple	Amplicon	United States	pipeline	
MMC2-06373	4	2021	Scientific reports	Changes in oral flora of patients with functional dyspepsia.	10.1038/s41598-021-87600-5		0	0				Gastrointestinal		Oral	Amplicon	China	pipeline	
MMC2-06381	4	2021	Journal of diabetes investigation	Relationships between gut microbiota, plasma glucose and gestational diabetes mellitus.	10.1111/jdi.13373		0	0				Metabolic		Multiple	Amplicon	United States	pipeline	
MMC2-06385	4	2021	Infectious diseases of poverty	Gut microbiota signatures in Schistosoma japonicum infection-induced liver cirrhosis patients: a case-control study.	10.1186/s40249-021-00821-8		0	0				Liver		Gut	Amplicon	China	pipeline	
MMC2-06386	4	2021	Nutrients	Characterization of Gut Microbiome in Korean Patients with Metabolic Associated Fatty Liver Disease.	10.3390/nu13031013		0	0				Liver		Gut	Amplicon	South Korea	pipeline	
MMC2-06391	4	2021	Journal of internal medicine	A systems biology approach to understand gut microbiota and host metabolism in morbid obesity: design of the BARIA Longitudinal Cohort Study.	10.1111/joim.13157		0	0				Metabolic		Multiple	Shotgun	Sweden	pipeline	
MMC2-06392	4	2021	The European respiratory journal	Temporal airway microbiome changes related to ventilator-associated pneumonia in children.	10.1183/13993003.01829-2020		0	0				Respiratory		Pulmonary	Amplicon	United States	pipeline	
MMC2-06393	4	2021	Microbiome	Associations between habitual diet, metabolic disease, and the gut microbiota using latent Dirichlet allocation.	10.1186/s40168-020-00969-9		0	0				Metabolic		Gut	Amplicon	Switzerland	pipeline	
MMC2-06396	4	2021	Journal of medical Internet research	Differences in the Gut Microbiome of Women With and Without Hypoactive Sexual Desire Disorder: Case Control Study.	10.2196/25342		0	0				Healthy		Gut	Amplicon	China	pipeline	
MMC2-06397	4	2021	The American journal of clinical nutrition	Maternal gut microbiota reflecting poor diet quality is associated with spontaneous preterm birth in a prospective cohort study.	10.1093/ajcn/nqaa361		0	0				Metabolic		Multiple	Amplicon	United States	pipeline	
MMC2-06399	4	2021	The Journal of nutrition	Minor Changes in the Composition and Function of the Gut Microbiota During a 12-Week Whole Grain Wheat or Refined Wheat Intervention Correlate with Liver Fat in Overweight and Obese Adults.	10.1093/jn/nxaa312		0	0				Metabolic		Gut	Amplicon	Netherlands	pipeline	
MMC2-06400	4	2021	Medicine	Differences in gut microbiota between allergic rhinitis, atopic dermatitis, and skin urticaria: A pilot study.	10.1097/MD.0000000000025091		0	0				Respiratory		Multiple	Amplicon	China	pipeline	
MMC2-06401	4	2021	Scientific reports	Association of maternal gut microbiota and plasma metabolism with congenital heart disease in offspring: a multi-omic analysis.	10.1038/s41598-021-84901-7		0	0				Metabolic		Multiple	Amplicon	China	pipeline	
MMC2-06403	4	2021	Obesity (Silver Spring, Md.)	The Pediatric Obesity Microbiome and Metabolism Study (POMMS): Methods, Baseline Data, and Early Insights.	10.1002/oby.23081		0	0				Metabolic		Multiple	Amplicon	United States	pipeline	
MMC2-06409	4	2021	International journal of molecular sciences	Distinctive Microbial Signatures and Gut-Brain Crosstalk in Pediatric Patients with Coeliac Disease and Type 1 Diabetes Mellitus.	10.3390/ijms22041511		0	0				Gastrointestinal		Multiple	Amplicon	Qatar	pipeline	
MMC2-06414	4	2021	Medicine	Features of the gut microbiota in ulcerative colitis patients with depression: A pilot study.	10.1097/MD.0000000000024845		0	0				Gastrointestinal		Gut	Amplicon	China	pipeline	
MMC2-06415	4	2021	Hepatology (Baltimore, Md.)	The Commensal Microbe Veillonella as a Marker for Response to an FGF19 Analog in NASH.	10.1002/hep.31523		0	0				Liver		Multiple	Amplicon	United States	pipeline	
MMC2-06417	4	2021	Journal of diabetes research	Correlation Analysis between GDM and Gut Microbial Composition in Late Pregnancy.	10.1155/2021/8892849		0	0				Metabolic		Gut	Amplicon	China	pipeline	
MMC2-06424	4	2021	The Journal of allergy and clinical immunology	SARS-CoV-2 infection and viral load are associated with the upper respiratory tract microbiome.	10.1016/j.jaci.2021.02.001		0	0				Respiratory		Pulmonary	Amplicon	United States	pipeline	
MMC2-06428	4	2021	Scientific reports	Meta-omics characteristics of intestinal microbiota associated to HBeAg seroconversion induced by oral antiviral therapy.	10.1038/s41598-021-82939-1		0	0				Liver		Multiple	Amplicon	China	pipeline	
MMC2-06431	4	2021	Hypertension (Dallas, Tex. : 1979)	Gut Microbiota and Host Plasma Metabolites in Association with Blood Pressure in Chinese Adults.	10.1161/HYPERTENSIONAHA.120.16154		0	0				Cardiovascular		Multiple	Amplicon	United States	pipeline	
MMC2-06437	4	2021	BMC complementary medicine and therapies	Efficacy of a curcumin extract (Curcugen™) on gastrointestinal symptoms and intestinal microbiota in adults with self-reported digestive complaints: a randomised, double-blind, placebo-controlled stud	10.1186/s12906-021-03220-6		0	0				Gastrointestinal		Gut	Amplicon	United States	pipeline	
MMC2-06438	4	2021	Acta paediatrica (Oslo, Norway : 1992)	Faecal calprotectin and gut microbiota do not predict enteropathy in very preterm infants.	10.1111/apa.15354		0	0				Reproductive		Gut	Amplicon	France	pipeline	
MMC2-06441	4	2021	Journal of immunology research	The Gut Microbiota and Its Relevance to Peripheral Lymphocyte Subpopulations and Cytokines in Patients with Rheumatoid Arthritis.	10.1155/2021/6665563		0	0				Cancer		Multiple	Amplicon	United States	reviewer_agrees	
MMC2-06447	4	2021	Heart and vessels	Gut microbial composition in patients with atrial fibrillation: effects of diet and drugs.	10.1007/s00380-020-01669-y		0	0				Infectious		Gut	Amplicon	Japan	pipeline	
MMC2-06450	4	2018	Autism research : official journal of the International Society for Autism           Research	Oral microbiome activity in children with autism spectrum disorder.	10.1002/aur.1972		0	0				Mental Health		Multiple	Shotgun	United States	pipeline	
MMC2-06451	4	2020	Gastroenterology	Alterations in Intestinal Microbiota of Children With Celiac Disease at the Time of Diagnosis and on a Gluten-free Diet.	10.1053/j.gastro.2020.08.007		0	0				Gastrointestinal		Gut	Amplicon	United Kingdom	pipeline	
MMC2-06452	4	2020	PloS one	The airways microbiome of individuals with asthma treated with high and low doses of inhaled corticosteroids.	10.1371/journal.pone.0244681		0	0				Respiratory		Pulmonary	Amplicon	United Kingdom	pipeline	
MMC2-06453	4	2020	Molecular genetics & genomic medicine	Microbiota profile and efficacy of probiotic supplementation on laxation in adults affected by Prader-Willi Syndrome: A randomized, double-blind, crossover trial.	10.1002/mgg3.1535		0	0				Gastrointestinal		Gut	Amplicon	United States	pipeline	
MMC2-06456	4	2020	Nutrients	The Specific Carbohydrate Diet and Diet Modification as Induction Therapy for Pediatric Crohn's Disease: A Randomized Diet Controlled Trial.	10.3390/nu12123749		0	0				Gastrointestinal		Gut	Amplicon	United States	pipeline	
MMC2-06457	4	2020	Nutrients	Understanding the Heterogeneity of Obesity and the Relationship to the Brain-Gut Axis.	10.3390/nu12123701		0	0				Metabolic		Gut	Amplicon	United States	pipeline	
MMC2-06462	4	2020	Inflammatory bowel diseases	Temporal Gut Microbial Changes Predict Recurrent Clostridiodes Difficile Infection in Patients With and Without Ulcerative Colitis.	10.1093/ibd/izz335		0	0				Gastrointestinal		Gut	Amplicon	United States	pipeline	
MMC2-06464	4	2020	Clinical and translational gastroenterology	A Double-Blind, Placebo-Controlled Trial to Assess Safety and Tolerability of (Thetanix) Bacteroides thetaiotaomicron in Adolescent Crohn's Disease.	10.14309/ctg.0000000000000287		0	0				Cancer		Other	Amplicon	United Kingdom	pipeline	
MMC2-06465	4	2021	Journal of hepatology	Sex is associated with differences in gut microbial composition and function in hepatic encephalopathy.	10.1016/j.jhep.2020.06.046		0	0				Liver		Gut	Amplicon	United States	reviewer_agrees	
MMC2-06468	4	2021	Inflammatory bowel diseases	Bacterial Mucosa-associated Microbiome in Inflamed and Proximal Noninflamed Ileum of Patients With Crohn's Disease.	10.1093/ibd/izaa107		0	0				Gastrointestinal		Gut	Amplicon	Norway	pipeline	
MMC2-06477	4	2020	International journal of molecular sciences	Connection between the Gut Microbiome, Systemic Inflammation, Gut Permeability and FOXP3 Expression in Patients with Primary Sjögren's Syndrome.	10.3390/ijms21228733		0	0				Healthy		Gut	Amplicon	Spain	pipeline	
MMC2-06488	4	2020	Scientific reports	The pathophysiology of bile acid diarrhoea: differences in the colonic microbiome, metabolome and bile acids.	10.1038/s41598-020-77374-7		0	0				Gastrointestinal		Multiple	Amplicon	United Kingdom	pipeline	
MMC2-06491	4	2020	Journal of diabetes research	The Alteration in Composition and Function of Gut Microbiome in Patients with Type 2 Diabetes.	10.1155/2020/8842651		0	0				Metabolic		Gut	Amplicon	China	pipeline	
MMC2-06493	4	2020	The Journal of antimicrobial chemotherapy	A randomized, double-blind, placebo-controlled, single and multiple ascending dose Phase 1 study to determine the safety, pharmacokinetics and food and faecal microbiome effects of ibezapolstat admini	10.1093/jac/dkaa364		0	0				Infectious		Gut	Shotgun	United States	pipeline	
MMC2-06500	4	2020	Medicina oral, patologia oral y cirugia bucal	Bacteria associated with periodontal disease are also increased in health.	10.4317/medoral.23766		0	0				Oral		Oral	Amplicon	Spain	pipeline	
MMC2-06504	4	2023	Brain, behavior, and immunity	The gut microbiome and child mental health: A population-based study.	10.1016/j.bbi.2022.12.006		0	0				Healthy	yes	Gut	Amplicon	Netherlands	reviewer_agrees	
MMC2-06505	4	2021	Gastroenterology	Altered Gut Microbial Metabolism of Essential Nutrients in Primary Sclerosing Cholangitis.	10.1053/j.gastro.2020.12.058		0	0				Gastrointestinal		Multiple	Shotgun	Norway	pipeline	
MMC2-06507	4	2020	Respiratory research	Bacteria and sputum inflammatory cell counts; a COPD cohort analysis.	10.1186/s12931-020-01552-4		0	0				Respiratory		Multiple	Amplicon	United States	pipeline	
MMC2-06516	4	2020	Gut microbes	Influence of probiotic supplementation on the developing microbiota in human preterm neonates.	10.1080/19490976.2020.1826747		0	0				Gastrointestinal		Multiple	Amplicon	Netherlands	pipeline	
MMC2-06518	4	2020	Neurogastroenterology and motility	Microbiota changes induced by microencapsulated sodium butyrate in patients with inflammatory bowel disease.	10.1111/nmo.13914		0	0				Gastrointestinal		Gut	Amplicon	Switzerland	pipeline	
MMC2-06520	4	2020	BMC surgery	Association between postoperative changes in the gut microbiota and pseudopsia after cardiac surgery: prospective observational study.	10.1186/s12893-020-00907-4		0	0				Mental Health		Gut	Amplicon	Japan	pipeline	
MMC2-06525	4	2020	Nutrients	Secondary Sclerosing Cholangitis in Critically Ill Patients Alters the Gut-Liver Axis: A Case Control Study.	10.3390/nu12092728		0	0				Liver		Multiple	Amplicon	Switzerland	pipeline	
MMC2-06526	4	2020	Nutrients	Obesity Measures and Dietary Parameters as Predictors of Gut Microbiota Phyla in Healthy Individuals.	10.3390/nu12092695		0	0				Metabolic		Gut	Amplicon	Spain	pipeline	
MMC2-06533	4	2020	Frontiers in cellular and infection microbiology	Relation of Gut Microbes and L-Thyroxine Through Altered Thyroxine Metabolism in Subclinical Hypothyroidism Subjects.	10.3389/fcimb.2020.00495		0	0				Metabolic		Multiple	Amplicon	China	pipeline	
MMC2-06534	4	2020	Scientific reports	Distinct lung microbiota associate with HIV-associated chronic lung disease in children.	10.1038/s41598-020-73085-1		0	0				STI		Pulmonary	Amplicon	Zimbabwe	reviewer_agrees	
MMC2-06536	4	2020	Gut microbes	Changes in gut microbial metagenomic pathways associated with clinical outcomes after the elimination of malabsorbed sugars in an IBS cohort.	10.1080/19490976.2019.1686322		0	0				Gastrointestinal		Gut	Both	United States	pipeline	
MMC2-06539	4	2020	Gut microbes	Environmental and intrinsic factors shaping gut microbiota composition and diversity and its relation to metabolic health in children and early adolescents: A population-based study.	10.1080/19490976.2020.1712985		0	0				Metabolic		Gut	Amplicon	Mexico	pipeline	
MMC2-06542	4	2020	Gut microbes	Lower gut microbiome diversity and higher abundance of proinflammatory genus Collinsella are associated with biopsy-proven nonalcoholic steatohepatitis.	10.1080/19490976.2019.1681861		0	0				Metabolic		Gut	Amplicon	United Kingdom	pipeline	
MMC2-06543	4	2020	Gut microbes	Luminal microbiota related to Crohn's disease recurrence after surgery.	10.1080/19490976.2020.1778262		0	0				Gastrointestinal		Gut	Amplicon	China	pipeline	
MMC2-06544	4	2020	The journal of nutrition, health & aging	Investigation of the Diet-Gut-Muscle Axis in the Osteoporotic Fractures in Men Study.	10.1007/s12603-020-1344-1		0	0				Healthy		Gut	Amplicon	United States	pipeline	
MMC2-06545	4	2020	BMC nephrology	Salivary microbiome in patients undergoing hemodialysis and its associations with the duration of the dialysis.	10.1186/s12882-020-02009-y		0	0				Oral		Oral	Amplicon	Thailand	pipeline	
MMC2-06548	4	2020	BMC infectious diseases	Altered respiratory microbiota composition and functionality associated with asthma early in life.	10.1186/s12879-020-05427-3		0	0				Respiratory		Pulmonary	Amplicon	United Arab Emirates	pipeline	
MMC2-06551	4	2020	Inflammatory bowel diseases	"Multi-""-Omics"" Profiling in Patients With Quiescent Inflammatory Bowel Disease Identifies Biomarkers Predicting Relapse."	10.1093/ibd/izaa183		0	0				Gastrointestinal		Gut	Amplicon	United States	pipeline	
MMC2-06552	4	2020	International journal of infectious diseases : IJID : official publication of the           International Society for Infectious Diseases	The optimal duration of antimicrobial therapy for lower respiratory tract infection in patients with neuromuscular disorders based on a clone library analysis of the bacterial 16S rRNA gene sequence.	10.1016/j.ijid.2020.09.035		0	0				Respiratory		Pulmonary	Amplicon	Japan	pipeline	
MMC2-06553	4	2020	Clinical and translational gastroenterology	The Gut Microbiome in Patients With Chronic Pancreatitis Is Characterized by Significant Dysbiosis and Overgrowth by Opportunistic Pathogens.	10.14309/ctg.0000000000000232		0	0				Metabolic		Gut	Amplicon	Germany	pipeline	
MMC2-06557	4	2020	Scientific reports	Infant gut microbiota characteristics generally do not modify effects of lipid-based nutrient supplementation on growth or inflammation: secondary analysis of a randomized controlled trial in Malawi.	10.1038/s41598-020-71922-x		0	0				Infectious		Gut	Amplicon	United States	pipeline	
MMC2-06558	4	2020	Bioscience reports	Intestinal microbiota changes in Graves' disease: a prospective clinical study.	10.1042/BSR20191242		0	0				Autoimmune		Gut	Amplicon	China	pipeline	
MMC2-06560	4	2020	Nutrients	Plasma Metabolites Related to Peripheral and Hepatic Insulin Sensitivity Are Not Directly Linked to Gut Microbiota Composition.	10.3390/nu12082308		0	0				Metabolic		Multiple	Amplicon	Netherlands	pipeline	
MMC2-06562	4	2020	Nutrients	Gut Microbiota Associations with Metabolic Health and Obesity Status in Older Adults.	10.3390/nu12082364		0	0				Metabolic		Gut	Amplicon	Ireland	pipeline	
MMC2-06564	4	2020	Medicine	Bacillus coagulans (PROBACI) in treating constipation-dominant functional bowel disorders.	10.1097/MD.0000000000020098		0	0				Gastrointestinal		Gut	Amplicon		pipeline	
MMC2-06566	4	2020	Clinical and translational gastroenterology	Fecal Microbiota Transplantation for Ulcerative Colitis: The Optimum Timing and Gut Microbiota as Predictors for Long-Term Clinical Outcomes.	10.14309/ctg.0000000000000224		0	0				Gastrointestinal		Gut	Amplicon	China	pipeline	
MMC2-06568	4	2020	The Journal of heart and lung transplantation : the official publication of the           International Society for Heart Transplantation	Gut microbiota, endotoxemia, inflammation, and oxidative stress in patients with heart failure, left ventricular assist device, and transplant.	10.1016/j.healun.2020.02.004		0	0				Cancer		Gut	Amplicon	United States	pipeline	
MMC2-06569	4	2020	Scientific reports	Cross-talk between airway and gut microbiome links to IgE responses to house dust mites in childhood airway allergies.	10.1038/s41598-020-70528-7		0	0				Respiratory		Multiple	Amplicon	China	pipeline	
MMC2-06572	4	2020	Scientific reports	The alteration of gut microbiome and metabolism in amyotrophic lateral sclerosis patients.	10.1038/s41598-020-69845-8		0	0				Neurodegenerative		Gut	Amplicon	China	pipeline	
MMC2-06575	4	2020	Clinical and translational gastroenterology	Host Genetic and Gut Microbial Signatures in Familial Inflammatory Bowel Disease.	10.14309/ctg.0000000000000213		0	0				Gastrointestinal		Gut	Amplicon	South Korea	pipeline	
MMC2-06581	4	2020	Critical care (London, England)	Risk factors and intestinal microbiota: Clostridioides difficile infection in patients receiving enteral nutrition at Intensive Care Units.	10.1186/s13054-020-03119-7		0	0				Gastrointestinal		Gut	Amplicon	China	pipeline	
MMC2-06582	4	2020	The American journal of tropical medicine and hygiene	A Retrospective Case-Control Study of the Relationship between the Gut Microbiota, Enteropathy, and Child Growth.	10.4269/ajtmh.19-0761		0	0				Infectious		Gut	Amplicon	United States	pipeline	
MMC2-06584	4	2020	Nutrients	Effect of Exclusive Enteral Nutrition and Corticosteroid Induction Therapy on the Gut Microbiota of Pediatric Patients with Inflammatory Bowel Disease.	10.3390/nu12061691		0	0				Gastrointestinal		Gut	Amplicon	Canada	pipeline	
MMC2-06589	4	2020	BioMed research international	Effect of Different Hemodialysis Methods on Microbiota in Uremic Patients.	10.1155/2020/6739762		0	0				Renal		Multiple	Amplicon	China	pipeline	
MMC2-06590	4	2020	Gastroenterology	Alterations in Fecal Fungal Microbiome of Patients With COVID-19 During Time of Hospitalization until Discharge.	10.1053/j.gastro.2020.06.048		0	0				Respiratory		Multiple	Shotgun	China	pipeline	
MMC2-06591	4	2020	Clinical infectious diseases : an official publication of the Infectious Diseases           Society of America	Alterations of the Gut Microbiota in Patients With Coronavirus Disease 2019 or H1N1 Influenza.	10.1093/cid/ciaa709		0	0				Respiratory		Gut	Amplicon	China	pipeline	
MMC2-06597	4	2020	Journal of Crohn's & colitis	Riboflavin Supplementation in Patients with Crohn's Disease [the RISE-UP study].	10.1093/ecco-jcc/jjz208		0	0				Gastrointestinal		Multiple	Shotgun	Switzerland	pipeline	
MMC2-06598	4	2020	The journals of gerontology. Series A, Biological sciences and medical sciences	Early Signs of Gut Microbiome Aging: Biomarkers of Inflammation, Metabolism, and Macromolecular Damage in Young Adulthood.	10.1093/gerona/glaa122		0	0				Healthy		Multiple	Amplicon	United States	pipeline	
MMC2-06600	4	2020	BMC medicine	A prospective longitudinal study on the microbiota composition in amyotrophic lateral sclerosis.	10.1186/s12916-020-01607-9		0	0				Neurodegenerative		Gut	Amplicon	Italy	pipeline	
MMC2-06603	4	2020	BMC biology	Parkinson's disease-associated alterations of the gut microbiome predict disease-relevant changes in metabolic functions.	10.1186/s12915-020-00775-7		0	0				Gastrointestinal		Gut	Amplicon	Luxembourg	pipeline	
MMC2-06604	4	2020	Nutrients	Dietary Protein, Fiber and Coffee Are Associated with Small Intestine Microbiome Composition and Diversity in Patients with Liver Cirrhosis.	10.3390/nu12051395		0	0				Liver		Gut	Amplicon	United States	pipeline	
MMC2-06606	4	2020	Nutrients	Predicted Metabolic Pathway Distributions in Stool Bacteria in Very-Low-Birth-Weight Infants: Potential Relationships with NICU Faltered Growth.	10.3390/nu12051345		0	0				Infectious		Gut	Amplicon	United States	pipeline	
MMC2-06607	4	2020	Critical care (London, England)	Serum and fecal profiles of aromatic microbial metabolites reflect gut microbiota disruption in critically ill patients: a prospective observational pilot study.	10.1186/s13054-020-03031-0		0	0				Respiratory		Multiple	Amplicon	Russia	pipeline	
MMC2-06608	4	2020	The Journal of international medical research	Intestinal flora alterations in patients with early chronic kidney disease: a case-control study among the Han population in southwestern China.	10.1177/0300060520926033		0	0				Healthy		Gut	Amplicon	China	pipeline	
MMC2-06609	4	2020	Journal of the American Society of Nephrology : JASN	Perturbations of the Gut Microbiome and Metabolome in Children with Calcium Oxalate Kidney Stone Disease.	10.1681/ASN.2019101131		0	0				Renal		Gut	Shotgun	United States	pipeline	
MMC2-06610	4	2020	The American journal of clinical nutrition	Long-term dietary intervention reveals resilience of the gut microbiota despite changes in diet and weight.	10.1093/ajcn/nqaa046		0	0				Metabolic		Gut	Amplicon	United States	pipeline	
MMC2-06611	4	2020	The American journal of clinical nutrition	Associations of plasma trimethylamine N-oxide, choline, carnitine, and betaine with inflammatory and cardiometabolic risk biomarkers and the fecal microbiome in the Multiethnic Cohort Adiposity Phenot	10.1093/ajcn/nqaa015		0	0				Metabolic		Multiple	Amplicon	United States	pipeline	
MMC2-06613	4	2020	PloS one	Gut microbial diversity, inflammation, and oxidative stress are associated with tacrolimus dosing requirements early after heart transplantation.	10.1371/journal.pone.0233646		0	0				Cancer		Multiple	Amplicon	United States	pipeline	
MMC2-06615	4	2020	BMJ open gastroenterology	Gut microbiome composition and risk factors in a large cross-sectional IBS cohort.	10.1136/bmjgast-2019-000345		0	0				Gastrointestinal		Gut	Amplicon	United States	pipeline	
MMC2-06617	4	2020	PloS one	Fecal microbiota transplantation in systemic sclerosis: A double-blind, placebo-controlled randomized pilot trial.	10.1371/journal.pone.0232739		0	0				Gastrointestinal		Gut	Amplicon	Sweden	pipeline	
MMC2-06626	4	2020	Gut	Efficacy of faecal microbiota transplantation for patients with irritable bowel syndrome in a randomised, double-blind, placebo-controlled study.	10.1136/gutjnl-2019-319630		0	0				Gastrointestinal		Gut	Amplicon	Norway	pipeline	
MMC2-06628	4	2020	Pediatric research	Gut microbiota in neonates with congenital gastrointestinal surgical conditions: a prospective study.	10.1038/s41390-020-0824-7		0	0				Infectious		Gut	Amplicon	Singapore	pipeline	
MMC2-06630	4	2020	BMC pregnancy and childbirth	Gut microbiota in early pregnancy among women with Hyperglycaemia vs. Normal blood glucose.	10.1186/s12884-020-02961-5		0	0				Metabolic		Multiple	Amplicon	China	pipeline	
MMC2-06631	4	2020	Chinese medical journal	Gut microbiota dysbiosis in preeclampsia patients in the second and third trimesters.	10.1097/CM9.0000000000000734		0	0				Reproductive		Gut	Amplicon	China	pipeline	
MMC2-06632	4	2020	Medical science monitor : international medical journal of experimental and           clinical research	Changes in Foot Skin Microbiome of Patients with Diabetes Mellitus Using High-Throughput 16S rRNA Gene Sequencing: A Case Control Study from a Single Center.	10.12659/MSM.921440		0	0				Metabolic		Skin	Amplicon	China	pipeline	
MMC2-06633	4	2017	Journal of clinical periodontology	Exploring the microbiome of healthy and diseased peri-implant sites using Illumina sequencing.	10.1111/jcpe.12788		0	0				Oral		Oral	Amplicon	United States	pipeline	
MMC2-06636	4	2020	mSphere	Intestinal Dysbiosis in Carriers of Carbapenem-Resistant Enterobacteriaceae.	10.1128/mSphere.00173-20		0	0				Infectious		Gut	Amplicon	Israel	pipeline	
MMC2-06638	4	2020	Oral diseases	Salivary microbiota and inflammation-related proteins in patients with psoriasis.	10.1111/odi.13277		0	0				Skin		Oral	Amplicon	Denmark	pipeline	
MMC2-06644	4	2020	ESC heart failure	Low fibre intake is associated with gut microbiota alterations in chronic heart failure.	10.1002/ehf2.12596		0	0				Cardiovascular		Gut	Amplicon	Norway	pipeline	
MMC2-06649	4	2020	Nutrients	Gut Microbiota Dysbiosis in Patients with Biopsy-Proven Nonalcoholic Fatty Liver Disease: A Cross-Sectional Study in Taiwan.	10.3390/nu12030820		0	0				Liver		Gut	Amplicon	China	pipeline	
MMC2-06652	4	2020	Clinical and translational gastroenterology	Increased Ileal Immunoglobulin A Production and Immunoglobulin A-Coated Bacteria in Diarrhea-Predominant Irritable Bowel Syndrome.	10.14309/ctg.0000000000000146		0	0				Gastrointestinal		Multiple	Amplicon	United States	pipeline	
MMC2-06653	4	2019	Journal of Crohn's & colitis	Anti-inflammatory Gut Microbial Pathways Are Decreased During Crohn's Disease Exacerbations.	10.1093/ecco-jcc/jjz077		0	0				Gastrointestinal		Gut	Shotgun	Netherlands	pipeline	
MMC2-06658	4	2020	Respiratory research	Microbial burden and viral exacerbations in a longitudinal multicenter COPD cohort.	10.1186/s12931-020-01340-0		0	0				Respiratory		Pulmonary	Amplicon	United States	pipeline	
MMC2-06659	4	2020	Medicina oral, patologia oral y cirugia bucal	Metagenomic investigation of bacteria associated with dental lesions: a cross-sectional study.	10.4317/medoral.23326		0	0				Oral		Oral	Amplicon	Iran	pipeline	
MMC2-06663	4	2020	BMC nephrology	Fecal microbiota characteristics of Chinese patients with primary IgA nephropathy: a cross-sectional study.	10.1186/s12882-020-01741-9		0	0				Infectious		Gut	Amplicon	China	reviewer_agrees	
MMC2-06669	4	2020	PLoS medicine	Fecal microbiota transplantation for the improvement of metabolism in obesity: The FMT-TRIM double-blind placebo-controlled pilot trial.	10.1371/journal.pmed.1003051		0	0				Metabolic		Multiple	Amplicon	United States	pipeline	
MMC2-06672	4	2020	Gut microbes	Gut microbiota composition explains more variance in the host cardiometabolic risk than genetic ancestry.	10.1080/19490976.2019.1634416		0	0				Metabolic		Gut	Amplicon	Colombia	pipeline	
MMC2-06673	4	2020	Scientific reports	Local oral and nasal microbiome diversity in age-related macular degeneration.	10.1038/s41598-020-60674-3		0	0				Healthy		Multiple	Amplicon	Canada	pipeline	
MMC2-06677	4	2020	Aging	Age-specific differential changes on gut microbiota composition in patients with major depressive disorder.	10.18632/aging.102775		0	0				Mental Health		Gut	Amplicon	China	pipeline	
MMC2-06678	4	2020	Cellular and molecular gastroenterology and hepatology	Analysis of Flagellin-Specific Adaptive Immunity Reveals Links to Dysbiosis in Patients With Inflammatory Bowel Disease.	10.1016/j.jcmgh.2019.11.012		0	0				Gastrointestinal		Multiple	Amplicon	Canada	pipeline	
MMC2-06679	4	2020	Gut	Modulation of cytokine patterns and microbiome during pregnancy in IBD.	10.1136/gutjnl-2019-318263		0	0				Gastrointestinal		Multiple	Amplicon	Netherlands	pipeline	
MMC2-06683	4	2020	Scientific reports	Gut microbial taxa as potential predictive biomarkers for acute coronary syndrome and post-STEMI cardiovascular events.	10.1038/s41598-020-59235-5		0	0				Cardiovascular		Multiple	Shotgun	China	pipeline	
MMC2-06684	4	2020	PloS one	Gut dysbiosis is prevailing in Sjögren's syndrome and is related to dry eye severity.	10.1371/journal.pone.0229029		0	0				Ophthalmological		Multiple	Amplicon	South Korea	pipeline	
MMC2-06686	4	2017	The Journal of general virology	Early nasopharyngeal microbial signature associated with severe influenza in children: a retrospective pilot study.	10.1099/jgv.0.000920		0	0				Respiratory		Nasal	Both	United States	pipeline	
MMC2-06687	4	2020	The Journal of allergy and clinical immunology	Increased Moraxella and Streptococcus species abundance after severe bronchiolitis is associated with recurrent wheezing.	10.1016/j.jaci.2019.10.034		0	0				Respiratory		Multiple	Amplicon	United States	pipeline	
MMC2-06691	4	2020	Journal of diabetes research	Enterotype Bacteroides Is Associated with a High Risk in Patients with Diabetes: A Pilot Study.	10.1155/2020/6047145		0	0				Cancer		Gut	Amplicon	China	pipeline	
MMC2-06693	4	2020	BMC pregnancy and childbirth	Gestational diabetes and the human salivary microbiota: a longitudinal study during pregnancy and postpartum.	10.1186/s12884-020-2764-y		0	0				Metabolic		Oral	Amplicon	Denmark	pipeline	
MMC2-06694	4	2020	Annals of the American Thoracic Society	Changes in Airway Microbiome and Inflammation with Ivacaftor Treatment in Patients with Cystic Fibrosis and the G551D Mutation.	10.1513/AnnalsATS.201907-493OC		0	0				Respiratory		Pulmonary	Amplicon	United States	pipeline	
MMC2-06698	4	2020	PloS one	Coronary artery disease is associated with an altered gut microbiome composition.	10.1371/journal.pone.0227147		0	0				Metabolic		Gut	Amplicon	United States	pipeline	
MMC2-06700	4	2020	Gut microbes	The association between gut microbiome and anthropometric measurements in Bangladesh.	10.1080/19490976.2019.1614394		0	0				Healthy		Gut	Amplicon	United States	pipeline	
MMC2-06701	4	2020	Scientific reports	Evidence of altered mucosa-associated and fecal microbiota composition in patients with Irritable Bowel Syndrome.	10.1038/s41598-020-57468-y		0	0				Gastrointestinal		Gut	Amplicon	Sweden	pipeline	
MMC2-06702	4	2020	BMC nephrology	High-throughput sequencing analysis of intestinal flora changes in ESRD and CKD patients.	10.1186/s12882-019-1668-4		0	0				Renal		Gut	Amplicon	China	pipeline	
MMC2-06704	4	2019	Canadian journal of gastroenterology & hepatology	Intestinal Microbiome Changes in Fecal Microbiota Transplant (FMT) vs. FMT Enriched with Lactobacillus in the Treatment of Recurrent Clostridioides difficile Infection.	10.1155/2019/4549298		0	0				Infectious		Gut	Amplicon	Mexico	reviewer_agrees	
MMC2-06705	4	2019	Nutrients	Effect of Vitamin D Supplementation on Faecal Microbiota: A Randomised Clinical Trial.	10.3390/nu11122888		0	0				Metabolic		Gut	Amplicon	Australia	pipeline	
MMC2-06709	4	2020	Annals of the rheumatic diseases	Metagenome-wide association study of gut microbiome revealed novel aetiology of rheumatoid arthritis in the Japanese population.	10.1136/annrheumdis-2019-215743		0	0	http	reviewer_note		Autoimmune		Gut	Shotgun	Japan	reviewer_agrees	
MMC2-06710	4	2019	The journal of international advanced otology	Analysis of the Microbiome in the Adenoids of Korean Children with Otitis Media with Effusion.	10.5152/iao.2019.6650		0	0				Respiratory		Other	Amplicon	South Korea	pipeline	
MMC2-06711	4	2019	Scientific reports	Temporal development of the oral microbiome and prediction of early childhood caries.	10.1038/s41598-019-56233-0		0	0				Oral		Oral	Amplicon	France	pipeline	
MMC2-06713	4	2019	Transplant infectious disease : an official journal of the Transplantation           Society	Gastrointestinal pathogen colonization and the microbiome in asymptomatic kidney transplant recipients.	10.1111/tid.13167		0	0				Gastrointestinal		Gut	Amplicon	United States	pipeline	
MMC2-06714	4	2019	Pediatric rheumatology online journal	Oral health and plaque microbial profile in juvenile idiopathic arthritis.	10.1186/s12969-019-0387-5		0	0				Oral		Oral	Amplicon	United States	pipeline	
MMC2-06715	4	2019	Journal of the American Heart Association	Association Between Nitrate-Reducing Oral Bacteria and Cardiometabolic Outcomes: Results From ORIGINS.	10.1161/JAHA.119.013324		0	0				Metabolic		Multiple	Amplicon	United States	pipeline	
MMC2-06716	4	2019	AIDS research and human retroviruses	Oral Microbiome in HIV-Infected Women: Shifts in the Abundance of Pathogenic and Beneficial Bacteria Are Associated with Aging, HIV Load, CD4 Count, and Antiretroviral Therapy.	10.1089/AID.2017.0200		0	0				Metabolic		Multiple	Amplicon	United States	pipeline	
MMC2-06719	4	2019	Scientific reports	Gut Microbiota in Children With Cystic Fibrosis: A Taxonomic and Functional Dysbiosis.	10.1038/s41598-019-55028-7		0	0				Respiratory		Gut	Amplicon	Australia	pipeline	
MMC2-06720	4	2019	Frontiers in cellular and infection microbiology	Gut Microbiota Dysbiosis and Increased Plasma LPS and TMAO Levels in Patients With Preeclampsia.	10.3389/fcimb.2019.00409		0	0				Reproductive		Multiple	Amplicon	China	pipeline	
MMC2-06721	4	2020	Journal of acquired immune deficiency syndromes (1999)	Intestinal Dysbiosis and Markers of Systemic Inflammation in Viscerally and Generally Obese Persons Living With HIV.	10.1097/QAI.0000000000002229		0	0				Metabolic		Gut	Amplicon	United States	pipeline	
MMC2-06722	4	2019	Alimentary pharmacology & therapeutics	Consistent alterations in faecal microbiomes of patients with primary sclerosing cholangitis independent of associated colitis.	10.1111/apt.15375		0	0				Gastrointestinal		Multiple	Amplicon	Norway	pipeline	
MMC2-06724	4	2019	BMC oral health	Comparing dental plaque microbiome diversity of extrinsic black stain in the primary dentition using Illumina MiSeq sequencing technique.	10.1186/s12903-019-0960-9		0	0				Oral		Oral	Amplicon	China	pipeline	
MMC2-06726	4	2019	Pediatric research	Colonization by B. infantis EVC001 modulates enteric inflammation in exclusively breastfed infants.	10.1038/s41390-019-0533-2		0	0				Infectious		Gut	Amplicon	United States	pipeline	
MMC2-06727	4	2019	Journal of diabetes research	Metagenomics and Faecal Metabolomics Integrative Analysis towards the Impaired Glucose Regulation and Type 2 Diabetes in Uyghur-Related Omics.	10.1155/2019/2893041		0	0				Metabolic		Gut	Amplicon	China	pipeline	
MMC2-06729	4	2019	Disease markers	Altered Gut Microbiota Diversity and Composition in Chronic Urticaria.	10.1155/2019/6417471		0	0				Healthy		Gut	Amplicon	China	pipeline	
MMC2-06737	4	2019	Gut microbes	Circulating levels of the anti-oxidant indoleproprionic acid are associated with higher gut microbiome diversity.	10.1080/19490976.2019.1586038		0	0				Metabolic		Multiple	Amplicon	United States	reviewer_agrees	
MMC2-06752	4	2019	Respiratory research	Unique patterns of lower respiratory tract microbiota are associated with inflammation and hospital mortality in acute respiratory distress syndrome.	10.1186/s12931-019-1203-y		0	0				Respiratory		Multiple	Amplicon	Japan	pipeline	
MMC2-06755	4	2019	The Journal of international medical research	Illumina-based sequencing analysis of pathogenic microorganisms in dental caries patients of different Chinese ethnic groups.	10.1177/0300060519866939		0	0				Oral		Oral	Amplicon	China	pipeline	
MMC2-06757	4	2019	Nature communications	Intestinal microbiome composition and its relation to joint pain and inflammation.	10.1038/s41467-019-12873-4		0	0				Healthy		Gut	Amplicon	Netherlands	pipeline	
MMC2-06760	4	2019	Clinics (Sao Paulo, Brazil)	Changes in the intestinal microbiota of superobese patients after bariatric surgery.	10.6061/clinics/2019/e1198		0	0				Metabolic		Gut	Amplicon	Brazil	pipeline	
MMC2-06769	4	2019	Nutrients	New and Preliminary Evidence on Altered Oral and Gut Microbiota in Individuals with Autism Spectrum Disorder (ASD): Implications for ASD Diagnosis and Subtyping Based on Microbial Biomarkers.	10.3390/nu11092128		0	0				Oral		Multiple	Amplicon	United States	pipeline	
MMC2-06770	4	2019	Nutrients	Effect of Repeated Consumption of Partially Hydrolyzed Guar Gum on Fecal Characteristics and Gut Microbiota: A Randomized, Double-Blind, Placebo-Controlled, and Parallel-Group Clinical Trial.	10.3390/nu11092170		0	0				Gastrointestinal		Gut	Amplicon	Japan	pipeline	
MMC2-06771	4	2019	Journal of periodontal research	Qualitative and quantitative differences in the subgingival microbiome of the restored and unrestored teeth.	10.1111/jre.12642		0	0				Infectious		Oral	Amplicon	Netherlands	pipeline	
MMC2-06774	4	2020	Gut	Serine proteases as luminal mediators of intestinal barrier dysfunction and symptom severity in IBS.	10.1136/gutjnl-2018-317416		0	0				Gastrointestinal		Gut	Amplicon	United States	pipeline	
MMC2-06776	4	2019	Journal of Crohn's & colitis	Faecal Microbiota Dynamics and their Relation to Disease Course in Crohn's Disease.	10.1093/ecco-jcc/jjz049		0	0				Gastrointestinal		Gut	Amplicon	Netherlands	pipeline	
MMC2-06778	4	2019	Gastroenterology	Microbiome Signatures Associated With Steatohepatitis and Moderate to Severe Fibrosis in Children With Nonalcoholic Fatty Liver Disease.	10.1053/j.gastro.2019.06.028		0	0				Metabolic		Gut	Both	United States	pipeline	
MMC2-06779	4	2019	Clinical gastroenterology and hepatology : the official clinical practice journal           of the American Gastroenterological Association	Alterations in Skin Microbiomes of Patients With Cirrhosis.	10.1016/j.cgh.2019.03.028		0	0				Infectious		Multiple	Amplicon	United States	pipeline	
MMC2-06780	4	2019	PloS one	Upper versus lower airway microbiome and metagenome in children with cystic fibrosis and their correlation with lung inflammation.	10.1371/journal.pone.0222323		0	0				Respiratory		Multiple	Amplicon	United States	pipeline	
MMC2-06781	4	2019	Scientific reports	Increased abundance of proteobacteria in aggressive Crohn's disease seven years after diagnosis.	10.1038/s41598-019-49833-3		0	0				Gastrointestinal		Gut	Amplicon	Denmark	pipeline	
MMC2-06787	4	2019	Nutrients	Ketonuria Is Associated with Changes to the Abundance of Roseburia in the Gut Microbiota of Overweight and Obese Women at 16 Weeks Gestation: A Cross-Sectional Observational Study.	10.3390/nu11081836		0	0				Metabolic		Gut	Amplicon	Australia	pipeline	
MMC2-06788	4	2019	Nutrients	Health Benefits of Lactobacillus gasseri CP2305 Tablets in Young Adults Exposed to Chronic Stress: A Randomized, Double-Blind, Placebo-Controlled Study.	10.3390/nu11081859		0	0				Gastrointestinal		Gut	Amplicon	Japan	pipeline	
MMC2-06791	4	2019	Clinical and translational gastroenterology	The Gut Microbiota in Collagenous Colitis Shares Characteristics With Inflammatory Bowel Disease-Associated Dysbiosis.	10.14309/ctg.0000000000000065		0	0				Gastrointestinal		Gut	Amplicon	Sweden	pipeline	
MMC2-06793	4	2019	BMC microbiology	Change of intestinal microbiota in cerebral ischemic stroke patients.	10.1186/s12866-019-1552-1		0	0				Cardiovascular		Multiple	Amplicon	China	reviewer_agrees	
MMC2-06795	4	2019	Critical care medicine	Multi-Compartment Profiling of Bacterial and Host Metabolites Identifies Intestinal Dysbiosis and Its Functional Consequences in the Critically Ill Child.	10.1097/CCM.0000000000003841		0	0				Healthy		Multiple	Amplicon	United Kingdom	pipeline	
MMC2-06797	4	2020	International journal of obesity (2005)	Does birth mode modify associations of maternal pre-pregnancy BMI and gestational weight gain with the infant gut microbiome?	10.1038/s41366-018-0273-0		0	0				Metabolic		Multiple	Amplicon	United States	pipeline	
MMC2-06801	4	2019	Nutrients	Vitamin D and Phenylbutyrate Supplementation Does Not Modulate Gut Derived Immune Activation in HIV-1.	10.3390/nu11071675		0	0				Infectious		Gut	Amplicon	Sweden	pipeline	
MMC2-06803	4	2019	PloS one	Amplicon-based microbiome study highlights the loss of diversity and the establishment of a set of species in patients with dentin caries.	10.1371/journal.pone.0219714		0	0				Oral		Oral	Amplicon	Germany	pipeline	
MMC2-06804	4	2019	Intensive care medicine	Identification of respiratory microbiota markers in ventilator-associated pneumonia.	10.1007/s00134-019-05660-8		0	0				Respiratory		Multiple	Amplicon	Switzerland	pipeline	
MMC2-06805	4	2019	mSphere	Rectal Swabs from Critically Ill Patients Provide Discordant Representations of the Gut Microbiome Compared to Stool Samples.	10.1128/mSphere.00358-19		0	0				Healthy		Gut	Amplicon	United States	pipeline	
MMC2-06809	4	2019	International journal of medical sciences	Differential Analysis of Hypertension-Associated Intestinal Microbiota.	10.7150/ijms.29322		0	0				Cardiovascular		Multiple	Amplicon	China	pipeline	
MMC2-06810	4	2019	The Journal of infectious diseases	Longitudinal Analysis of Infant Stool Bacteria Communities Before and After Acute Febrile Malaria and Artemether-Lumefantrine Treatment.	10.1093/infdis/jiy740		0	0				Infectious		Gut	Amplicon	United States	pipeline	
MMC2-06812	4	2019	Journal of translational medicine	Dysbiosis of the gut microbiome is associated with CKD5 and correlated with clinical indices of the disease: a case-controlled study.	10.1186/s12967-019-1969-1		0	0				Infectious		Gut	Amplicon	China	pipeline	
MMC2-06813	4	2019	Inflammatory bowel diseases	Streptococcus Salivarius: A Potential Salivary Biomarker for Orofacial Granulomatosis and Crohn's Disease?	10.1093/ibd/izz022		0	0				Gastrointestinal		Oral	Amplicon	United Kingdom	reviewer_agrees	
MMC2-06816	4	2019	World journal of gastroenterology	Gut microbiota contributes to the distinction between two traditional Chinese medicine syndromes of ulcerative colitis.	10.3748/wjg.v25.i25.3242		0	0				Gastrointestinal		Gut	Amplicon	United States	pipeline	
MMC2-06817	4	2019	Scientific reports	Human gut microbiome changes during a 10 week Randomised Control Trial for micronutrient supplementation in children with attention deficit hyperactivity disorder.	10.1038/s41598-019-46146-3		0	0				Mental Health		Gut	Amplicon	New Zealand	pipeline	
MMC2-06822	4	2019	BMC gastroenterology	Fecal microbiota transplantation for ulcerative colitis: a prospective clinical study.	10.1186/s12876-019-1010-4		0	0				Gastrointestinal		Gut	Amplicon	China	pipeline	
MMC2-06823	4	2019	High blood pressure & cardiovascular prevention : the official journal of the           Italian Society of Hypertension	Is the Oral Microbiome Associated with Blood Pressure in Older Women?	10.1007/s40292-019-00322-8		0	0				Cardiovascular		Multiple	Amplicon	United States	pipeline	
MMC2-06826	4	2019	Journal of neuroinflammation	Altered gut microbiota and inflammatory cytokine responses in patients with Parkinson's disease.	10.1186/s12974-019-1528-y		0	0				Neurodegenerative		Multiple	Amplicon	China	pipeline	
MMC2-06828	4	2019	Pediatric research	Longitudinal changes in the gut microbiome of infants on total parenteral nutrition.	10.1038/s41390-019-0391-y		0	0				Infectious		Gut	Amplicon	United States	pipeline	
MMC2-06832	4	2019	Annals of clinical microbiology and antimicrobials	Association of prenatal antibiotics with measures of infant adiposity and the gut microbiome.	10.1186/s12941-019-0318-9		0	0				Metabolic		Gut	Amplicon	United States	pipeline	
MMC2-06833	4	2019	Journal of cystic fibrosis : official journal of the European Cystic Fibrosis           Society	Differences in the lower airway microbiota of infants with and without cystic fibrosis.	10.1016/j.jcf.2018.12.003		0	0				Respiratory		Pulmonary	Amplicon	United States	pipeline	
MMC2-06834	4	2019	Bipolar disorders	A step ahead: Exploring the gut microbiota in inpatients with bipolar disorder during a depressive episode.	10.1111/bdi.12682		0	0				Metabolic		Multiple	Amplicon	Germany	pipeline	
MMC2-06835	4	2019	JAMA network open	Association of the Infant Gut Microbiome With Early Childhood Neurodevelopmental Outcomes: An Ancillary Study to the VDAART Randomized Clinical Trial.	10.1001/jamanetworkopen.2019.0905		0	0				Respiratory		Gut	Amplicon	United States	pipeline	
MMC2-06836	4	2019	Gut	Population-level analysis of Blastocystis subtype prevalence and variation in the human gut microbiota.	10.1136/gutjnl-2018-316106		0	0				Immune Complications		Gut	Amplicon	Germany	pipeline	
MMC2-06838	4	2019	JDR clinical and translational research	Arginine Metabolism in Supragingival Oral Biofilms as a Potential Predictor of Caries Risk.	10.1177/2380084419834234		0	0				Healthy		Oral	Amplicon	United States	pipeline	
MMC2-06840	4	2019	BMC microbiology	Dynamic construction of gut microbiota may influence allergic diseases of infants in Southwest China.	10.1186/s12866-019-1489-4		0	0				Infectious		Gut	Amplicon	China	pipeline	
MMC2-06843	4	2019	Gut microbes	Assessment of urinary 3-indoxyl sulfate as a marker for gut microbiota diversity and abundance of Clostridiales.	10.1080/19490976.2018.1502536		0	0				Infectious		Multiple	Amplicon	Switzerland	pipeline	
MMC2-06845	4	2019	Critical care (London, England)	Dysbiosis of the intestinal microbiota in neurocritically ill patients and the risk for death.	10.1186/s13054-019-2488-4		0	0				Healthy		Gut	Amplicon	China	pipeline	
MMC2-06848	4	2019	Clinical infectious diseases : an official publication of the Infectious Diseases           Society of America	The Effect of Influenza Virus on the Human Oropharyngeal Microbiome.	10.1093/cid/ciy821		0	0				Respiratory		Multiple	Amplicon	United Kingdom	pipeline	
MMC2-06850	4	2019	Medical science monitor : international medical journal of experimental and           clinical research	Combined Signature of the Fecal Microbiome and Plasma Metabolome in Patients with Ulcerative Colitis.	10.12659/MSM.916009		0	0				Gastrointestinal		Multiple	Amplicon	China	pipeline	
MMC2-06853	4	2019	mBio	Alzheimer's Disease Microbiome Is Associated with Dysregulation of the Anti-Inflammatory P-Glycoprotein Pathway.	10.1128/mBio.00632-19		0	0				Infectious		Gut	Shotgun	United States	pipeline	
MMC2-06854	4	2019	Diabetologia	Metformin-induced changes of the gut microbiota in healthy young men: results of a non-blinded, one-armed intervention study.	10.1007/s00125-019-4848-7		0	0				Metabolic		Multiple	Amplicon	Denmark	pipeline	
MMC2-06855	4	2019	Lancet (London, England)	Clinical and biological predictors of response to standardised paediatric colitis therapy (PROTECT): a multicentre inception cohort study.	10.1016/S0140-6736(18)32592-3		0	0				Cancer		Gut	Amplicon	United States	pipeline	
MMC2-06859	4	2019	Clinical science (London, England : 1979)	Gut microbiota in obstructive sleep apnea-hypopnea syndrome: disease-related dysbiosis and metabolic comorbidities.	10.1042/CS20180891		0	0				Cancer		Gut	Amplicon	China	pipeline	
MMC2-06861	4	2019	MicrobiologyOpen	Altered gut microbiota and microbial biomarkers associated with chronic kidney disease.	10.1002/mbo3.678		0	0				Renal		Gut	Amplicon	China	pipeline	
MMC2-06863	4	2019	JAMA dermatology	Association of Systemic Antibiotic Treatment of Acne With Skin Microbiota Characteristics.	10.1001/jamadermatol.2018.5221		0	0				Skin		Skin	Amplicon		pipeline	
MMC2-06864	4	2019	Hypertension (Dallas, Tex. : 1979)	Gut Microbiota Composition and Blood Pressure.	10.1161/HYPERTENSIONAHA.118.12109		0	0				Cardiovascular		Multiple	Amplicon	United States	pipeline	
MMC2-06865	4	2019	International journal of obesity (2005)	Gut microbiota and overweight in 3-year old children.	10.1038/s41366-018-0290-z		0	0				Metabolic		Gut	Amplicon	United States	pipeline	
MMC2-06866	4	2018	Clinical infectious diseases : an official publication of the Infectious Diseases           Society of America	Feeding-Related Gut Microbial Composition Associates With Peripheral T-Cell Activation and Mucosal Gene Expression in African Infants.	10.1093/cid/ciy265		0	0				STI		Multiple	Amplicon	United States	pipeline	
MMC2-06868	4	2018	Diabetologia	Aberrant intestinal microbiota in individuals with prediabetes.	10.1007/s00125-018-4550-1		0	0				Metabolic		Gut	Amplicon	Sweden	pipeline	
MMC2-06871	4	2018	Allergy	Early-life gut microbiome and egg allergy.	10.1111/all.13389		0	0				Immune Complications		Gut	Amplicon	United States	pipeline	
MMC2-06873	4	2018	Digestive diseases and sciences	Fecal Microbiome Among Nursing Home Residents with Advanced Dementia and Clostridium difficile.	10.1007/s10620-018-5030-7		0	0				Infectious		Gut	Amplicon	United States	pipeline	
MMC2-06874	4	2019	The journal of trauma and acute care surgery	A prospective study in severely injured patients reveals an altered gut microbiome is associated with transfusion volume.	10.1097/TA.0000000000002201		0	0				Healthy		Gut	Amplicon	United States	pipeline	
MMC2-06875	4	2019	Microbiome	Evidence for an association of gut microbial Clostridia with brain functional connectivity and gastrointestinal sensorimotor function in patients with irritable bowel syndrome, based on tripartite net	10.1186/s40168-019-0656-z		0	0				Gastrointestinal		Gut	Amplicon	United States	pipeline	
MMC2-06877	4	2019	European journal of nutrition	Measuring the impact of olive pomace enriched biscuits on the gut microbiota and its metabolic activity in mildly hypercholesterolaemic subjects.	10.1007/s00394-017-1572-2		0	0				Metabolic		Multiple	Amplicon	Italy	pipeline	
MMC2-06886	4	2019	EBioMedicine	Among older adults, age-related changes in the stool microbiome differ by HIV-1 serostatus.	10.1016/j.ebiom.2019.01.033		0	0				Cancer		Gut	Amplicon	United States	pipeline	
MMC2-06893	4	2018	Respiratory research	Impaired diversity of the lung microbiome predicts progression of idiopathic pulmonary fibrosis.	10.1186/s12931-018-0736-9		0	0				Respiratory		Pulmonary	Amplicon	Japan	pipeline	
MMC2-06897	4	2019	Journal of clinical gastroenterology	Clinical and Microbiological Effect of a Multispecies Probiotic Supplementation in Celiac Patients With Persistent IBS-type Symptoms: A Randomized, Double-Blind, Placebo-controlled, Multicenter Trial.	10.1097/MCG.0000000000001023		0	0				Gastrointestinal		Gut	Amplicon	Italy	pipeline	
MMC2-06898	4	2019	BMC microbiology	Gut microbiome patterns correlate with higher postoperative complication rates after pancreatic surgery.	10.1186/s12866-019-1399-5		0	0				Healthy		Gut	Amplicon	Germany	pipeline	
MMC2-06900	4	2019	Environment international	The role of gut microbiome and its interaction with arsenic exposure in carotid intima-media thickness in a Bangladesh population.	10.1016/j.envint.2018.11.049		0	0				Cardiovascular		Gut	Amplicon	United States	pipeline	
MMC2-06903	4	2019	Scientific reports	Analysis of the relationship between the gut microbiome and dementia: a cross-sectional study conducted in Japan.	10.1038/s41598-018-38218-7		0	0				Neurodegenerative		Gut	Amplicon	Japan	pipeline	
MMC2-06912	4	2019	International journal of obesity (2005)	Prevotella-to-Bacteroides ratio predicts body weight and fat loss success on 24-week diets varying in macronutrient composition and dietary fiber: results from a post-hoc analysis.	10.1038/s41366-018-0093-2		0	0				Metabolic		Gut	Amplicon	Denmark	pipeline	
MMC2-06916	4	2018	BMC oral health	Plaque biofilm microbial diversity in infants aged 12 months and their mothers with or without dental caries: a pilot study.	10.1186/s12903-018-0699-8		0	0				Oral		Oral	Amplicon	China	pipeline	
MMC2-06918	4	2019	American journal of transplantation : official journal of the American Society of           Transplantation and the American Society of Transplant Surgeons	Gut microbiota dysbiosis and diarrhea in kidney transplant recipients.	10.1111/ajt.14974		0	0				Gastrointestinal		Gut	Amplicon	United States	pipeline	
MMC2-06921	4	2018	Frontiers in cellular and infection microbiology	Establishment and Development of Oral Microflora in 12-24 Month-Old Toddlers Monitored by High-Throughput Sequencing.	10.3389/fcimb.2018.00422		0	0				Infectious		Oral	Amplicon	China	pipeline	
MMC2-06923	4	2018	Clinical implant dentistry and related research	Titanium as a modifier of the peri-implant microbiome structure.	10.1111/cid.12676		0	0				Oral		Oral	Amplicon	United States	pipeline	
MMC2-06928	4	2019	Neurology(R) neuroimmunology & neuroinflammation	Disease-modifying therapies alter gut microbial composition in MS.	10.1212/NXI.0000000000000517		0	0				Healthy		Gut	Amplicon	United States	pipeline	
MMC2-06929	4	2018	Chinese medical journal	Relationship between Gut Microbiota and Phosphorus Metabolism in Hemodialysis Patients: A Preliminary Exploration.	10.4103/0366-6999.246059		0	0				Renal		Multiple	Amplicon	China	pipeline	
MMC2-06932	4	2018	Emerging microbes & infections	Altered gut microbiota after traumatic splenectomy is associated with endotoxemia.	10.1038/s41426-018-0202-2		0	0				Infectious		Multiple	Amplicon	China	pipeline	
MMC2-06933	4	2017	Infection control and hospital epidemiology	Microbial Disruption Indices to Detect Colonization With Multidrug-Resistant Organisms.	10.1017/ice.2017.190		0	0				Infectious		Gut	Amplicon	United States	pipeline	
MMC2-06938	4	2018	Scientific reports	Variations in oral microbiome profiles in rheumatoid arthritis and osteoarthritis with potential biomarkers for arthritis screening.	10.1038/s41598-018-35473-6		0	0				Healthy		Oral	Amplicon	China	pipeline	
MMC2-06939	4	2018	Molecular medicine reports	Oral microbial flora of patients with Sicca syndrome.	10.3892/mmr.2018.9520		0	0				Autoimmune		Oral	Amplicon	China	pipeline	
MMC2-06940	4	2018	Scientific reports	Fecal chromogranins and secretogranins are linked to the fecal and mucosal intestinal bacterial composition of IBS patients and healthy subjects.	10.1038/s41598-018-35241-6		0	0				Gastrointestinal		Gut	Amplicon	Sweden	pipeline	
MMC2-06947	4	2018	AIDS (London, England)	Alterations in the oral microbiome in HIV-infected participants after antiretroviral therapy administration are influenced by immune status.	10.1097/QAD.0000000000001811		0	0				STI		Oral	Amplicon	United States	pipeline	
MMC2-06950	4	2018	Pediatric research	Gut microbiota in adolescents and the association with fatty liver: the EPOCH study.	10.1038/pr.2018.32		0	0				Liver		Gut	Amplicon	United States	pipeline	
MMC2-06954	4	2018	Journal of the American College of Surgeons	Remnant Small Bowel Length in Pediatric Short Bowel Syndrome and the Correlation with Intestinal Dysbiosis and Linear Growth.	10.1016/j.jamcollsurg.2018.07.657		0	0				Gastrointestinal		Gut	Amplicon	United States	pipeline	
MMC2-06956	4	2017	Inflammatory bowel diseases	Single Delivery of High-Diversity Fecal Microbiota Preparation by Colonoscopy Is Safe and Effective in Increasing Microbial Diversity in Active Ulcerative Colitis.	10.1097/MIB.0000000000001132		0	0				Gastrointestinal		Gut	Amplicon	United States	pipeline	
MMC2-06958	4	2018	Hepatology (Baltimore, Md.)	Link between gut-microbiome derived metabolite and shared gene-effects with hepatic steatosis and fibrosis in NAFLD.	10.1002/hep.29892		0	0				Liver		Gut	Shotgun	United States	pipeline	
MMC2-06959	4	2018	Clinical and translational gastroenterology	Meconium microbiome associates with the development of neonatal jaundice.	10.1038/s41424-018-0048-x		0	0				Healthy		Gut	Amplicon	United States	pipeline	
MMC2-06960	4	2018	PloS one	Subgingival microbiome of rheumatoid arthritis patients in relation to their disease status and periodontal health.	10.1371/journal.pone.0202278		0	0				Reproductive		Oral	Amplicon	Norway	pipeline	
MMC2-06961	4	2018	Scientific reports	Comparison of initial oral microbiomes of young adults with and without cavitated dentin caries lesions using an in situ biofilm model.	10.1038/s41598-018-32361-x		0	0				Infectious		Oral	Amplicon	Germany	pipeline	
MMC2-06962	4	2018	Scientific reports	Analysis of gut microbiota profiles and microbe-disease associations in children with autism spectrum disorders in China.	10.1038/s41598-018-32219-2		0	0				Metabolic		Gut	Amplicon	China	pipeline	
MMC2-06963	4	2018	International journal of cardiology	Gut microbiota and serum metabolite differences in African Americans and White Americans with high blood pressure.	10.1016/j.ijcard.2018.04.074		0	0				Metabolic		Multiple	Shotgun	United States	pipeline	
MMC2-06964	4	2018	Nature medicine	Molecular phenomics and metagenomics of hepatic steatosis in non-diabetic obese women.	10.1038/s41591-018-0061-3		0	0				Liver		Gut	Shotgun	United Kingdom	pipeline	
MMC2-06969	4	2018	BMC infectious diseases	Temporal instability of the post-surgical maxillary sinus microbiota.	10.1186/s12879-018-3272-9		0	0				Respiratory		Nasal	Amplicon	United States	pipeline	
MMC2-06972	4	2018	American journal of perinatology	Maternal Gut Microbiome Biodiversity in Pregnancy.	10.1055/s-0037-1604412		0	0				Healthy		Gut	Amplicon	United States	pipeline	
MMC2-06973	4	2018	The Pediatric infectious disease journal	Tracheal Microbiota in Patients With a Tracheostomy Before, During and After an Acute Respiratory Infection.	10.1097/INF.0000000000001952		0	0				Infectious		Pulmonary	Amplicon	United States	pipeline	
MMC2-06978	4	2018	The Journal of allergy and clinical immunology	Associations between infant fungal and bacterial dysbiosis and childhood atopic wheeze in a nonindustrialized setting.	10.1016/j.jaci.2017.08.041		0	0				Respiratory		Gut	Amplicon	Ecuador	pipeline	
MMC2-06981	4	2018	International journal of chronic obstructive pulmonary disease	Symptom-related sputum microbiota in stable chronic obstructive pulmonary disease.	10.2147/COPD.S167618		0	0				Respiratory		Pulmonary	Amplicon	United States	pipeline	
MMC2-06987	4	2018	Arthritis research & therapy	Functional intraepithelial lymphocyte changes in inflammatory bowel disease and spondyloarthritis have disease specific correlations with intestinal microbiota.	10.1186/s13075-018-1639-3		0	0				Gastrointestinal		Gut	Amplicon	United States	pipeline	
MMC2-06989	4	2018	The Journal of allergy and clinical immunology	Nasopharyngeal Lactobacillus is associated with a reduced risk of childhood wheezing illnesses following acute respiratory syncytial virus infection in infancy.	10.1016/j.jaci.2017.10.049		0	0				Respiratory		Nasal	Amplicon	United States	pipeline	
MMC2-06990	4	2018	PloS one	The presence of genetic risk variants within PTPN2 and PTPN22 is associated with intestinal microbiota alterations in Swiss IBD cohort patients.	10.1371/journal.pone.0199664		0	0				Gastrointestinal		Gut	Amplicon	Switzerland	pipeline	
MMC2-06994	4	2018	Journal of Crohn's & colitis	Differences in Clinical Course, Genetics, and the Microbiome Between Familial and Sporadic Inflammatory Bowel Diseases.	10.1093/ecco-jcc/jjx154		0	0				Gastrointestinal		Gut	Amplicon	United States	pipeline	
MMC2-06997	4	2018	American journal of respiratory and critical care medicine	Lung Microbiota Is Related to Smoking Status and to Development of Acute Respiratory Distress Syndrome in Critically Ill Trauma Patients.	10.1164/rccm.201702-0441OC		0	0				Respiratory		Pulmonary	Amplicon	United States	pipeline	
MMC2-06999	4	2018	The Journal of allergy and clinical immunology	Establishment of the nasal microbiota in the first 18 months of life: Correlation with early-onset rhinitis and wheezing.	10.1016/j.jaci.2018.01.032		0	0				Respiratory		Nasal	Amplicon	United Kingdom	pipeline	
MMC2-07002	4	2018	BMC pulmonary medicine	The lung microbiome in children with HIV-bronchiectasis: a cross-sectional pilot study.	10.1186/s12890-018-0632-6		0	0				Respiratory		Pulmonary	Amplicon	South Africa	pipeline	
MMC2-07003	4	2018	Scientific reports	Chronic rhinosinusitis with nasal polyps is characterized by dysbacteriosis of the nasal microbiota.	10.1038/s41598-018-26327-2		0	0				Cancer		Nasal	Amplicon	Germany	pipeline	
MMC2-07005	4	2018	Clinical science (London, England : 1979)	Imbalance of gut microbiome and intestinal epithelial barrier dysfunction in patients with high blood pressure.	10.1042/CS20180087		0	0				Cardiovascular		Multiple	Shotgun	United States	pipeline	
MMC2-07007	4	2018	The Journal of infectious diseases	Respiratory Syncytial Virus and Rhinovirus Bronchiolitis Are Associated With Distinct Metabolic Pathways.	10.1093/infdis/jix680		0	0				Respiratory		Multiple	Both	United States	pipeline	
MMC2-07011	4	2018	JCI insight	Gut microbial RNA and DNA analysis predicts hospitalizations in cirrhosis.	10.1172/jci.insight.98019		0	0				Infectious		Gut	Amplicon	United States	pipeline	
MMC2-07013	4	2018	Scientific reports	Integrative metabolic and microbial profiling on patients with Spleen-yang-deficiency syndrome.	10.1038/s41598-018-24130-7		0	0				Healthy		Gut	Amplicon	China	pipeline	
MMC2-07020	4	2018	Journal of medical microbiology	The nursing home elder microbiome stability and associations with age, frailty, nutrition and physical location.	10.1099/jmm.0.000640		0	0				Metabolic		Gut	Shotgun	United States	pipeline	
MMC2-07021	4	2018	BMJ open	Wisconsin microbiome study, a cross-sectional investigation of dietary fibre, microbiome composition and antibiotic-resistant organisms: rationale and methods.	10.1136/bmjopen-2017-019450		0	0				Infectious		Multiple	Amplicon	United States	pipeline	
MMC2-07022	4	2018	JAMA pediatrics	Roles of Birth Mode and Infant Gut Microbiota in Intergenerational Transmission of Overweight and Obesity From Mother to Offspring.	10.1001/jamapediatrics.2017.5535		0	0				Metabolic		Multiple	Amplicon	Canada	pipeline	
MMC2-07031	4	2017	Clinical infectious diseases : an official publication of the Infectious Diseases           Society of America	Stool Microbiota at Neutrophil Recovery Is Predictive for Severe Acute Graft vs Host Disease After Hematopoietic Cell Transplantation.	10.1093/cid/cix699		0	0				Immune Complications		Multiple	Amplicon		pipeline	
MMC2-07034	4	2018	BioMed research international	The Association of Gut Microbiota with Nonalcoholic Steatohepatitis in Thais.	10.1155/2018/9340316		0	0				Metabolic		Gut	Amplicon	Thailand	pipeline	
MMC2-07043	4	2018	Medicine	Diversity analysis of subgingival microbial bacteria in peri-implantitis in Uygur population.	10.1097/MD.0000000000009774		0	0				Oral		Oral	Amplicon	China	pipeline	
MMC2-07044	4	2018	Childhood obesity (Print)	Characterization of the Stool Microbiome in Hispanic Preschool Children by Weight Status and Time.	10.1089/chi.2017.0122		0	0				Metabolic		Gut	Amplicon	United States	pipeline	
MMC2-07049	4	2018	Arthritis & rheumatology (Hoboken, N.J.)	Gut Microbiota Perturbations in Reactive Arthritis and Postinfectious Spondyloarthritis.	10.1002/art.40359		0	0				Infectious		Gut	Amplicon	United States	pipeline	
MMC2-07052	4	2018	Scientific reports	Composition of salivary microbiota in elderly subjects.	10.1038/s41598-017-18677-0		0	0				Healthy		Oral	Amplicon	Japan	pipeline	
MMC2-07056	4	2018	Microbiome	The association between anterior nares and nasopharyngeal microbiota in infants hospitalized for bronchiolitis.	10.1186/s40168-017-0385-0		0	0				Respiratory		Multiple	Amplicon	United States	pipeline	
MMC2-07058	4	2017	Nutrients	A Metagenomic and in Silico Functional Prediction of Gut Microbiota Profiles May Concur in Discovering New Cystic Fibrosis Patient-Targeted Probiotics.	10.3390/nu9121342		0	0				Respiratory		Gut	Amplicon	Italy	pipeline	
MMC2-07060	4	2017	World journal of gastroenterology	Rifaximin ameliorates hepatic encephalopathy and endotoxemia without affecting the gut microbiome diversity.	10.3748/wjg.v23.i47.8355		0	0				Liver		Multiple	Amplicon	Japan	pipeline	
MMC2-07064	4	2017	PloS one	An in vivo assessment of the cholesterol-lowering efficacy of Lactobacillus plantarum ECGC 13110402 in normal to mildly hypercholesterolaemic adults.	10.1371/journal.pone.0187964		0	0				Metabolic		Multiple	Amplicon	United Kingdom	pipeline	
MMC2-07065	4	2017	Beneficial microbes	Ratio of Klebsiella/Bifidobacterium in early life correlates with later development of paediatric allergy.	10.3920/BM2017.0020		0	0				Immune Complications		Gut	Amplicon	United Kingdom	pipeline	
MMC2-07066	4	2017	BMC pulmonary medicine	The lung microbiome in patients with pneumocystosis.	10.1186/s12890-017-0512-5		0	0				Respiratory		Pulmonary	Amplicon	Germany	pipeline	
MMC2-07068	4	2017	Science translational medicine	Staphylococcus aureus and Staphylococcus epidermidis strain diversity underlying pediatric atopic dermatitis.	10.1126/scitranslmed.aal4651		0	0				Infectious		Skin	Shotgun	United States	pipeline	
MMC2-07070	4	2018	Gut	Interplay of host genetics and gut microbiota underlying the onset and clinical presentation of inflammatory bowel disease.	10.1136/gutjnl-2016-312135		0	0				Gastrointestinal		Gut	Amplicon	United States	pipeline	
MMC2-07072	4	2017	BioMed research international	Human Gut Microbiota Associated with Obesity in Chinese Children and Adolescents.	10.1155/2017/7585989		0	0				Metabolic		Gut	Amplicon	China	pipeline	
MMC2-07074	4	2017	Scientific reports	Gut microbiota profile in systemic sclerosis patients with and without clinical evidence of gastrointestinal involvement.	10.1038/s41598-017-14889-6		0	0				Infectious		Gut	Amplicon	Italy	pipeline	
MMC2-07075	4	2017	PloS one	Gut microbiome of mothers delivering prematurely shows reduced diversity and lower relative abundance of Bifidobacterium and Streptococcus.	10.1371/journal.pone.0184336		0	0				Reproductive		Gut	Amplicon	United States	pipeline	
MMC2-07076	4	2017	Arthritis research & therapy	Severe intestinal dysbiosis is prevalent in primary Sjögren's syndrome and is associated with systemic disease activity.	10.1186/s13075-017-1446-2		0	0				Gastrointestinal		Gut	Amplicon	Sweden	pipeline	
MMC2-07077	4	2017	Pituitary	Sphenoid sinus microbiota in pituitary apoplexy: a preliminary study.	10.1007/s11102-017-0823-9		0	0				Cancer		Nasal	Amplicon		pipeline	
MMC2-07080	4	2017	PloS one	Atopic asthmatic immune phenotypes associated with airway microbiota and airway obstruction.	10.1371/journal.pone.0184566		0	0				Respiratory		Pulmonary	Shotgun	United States	pipeline	
MMC2-07090	4	2017	Scientific reports	Antibiotic treatment for Tuberculosis induces a profound dysbiosis of the microbiome that persists long after therapy is completed.	10.1038/s41598-017-10346-6		0	0				Respiratory		Gut	Amplicon	United States	pipeline	
MMC2-07091	4	2017	Journal of pediatric gastroenterology and nutrition	Association of Maternal Gestational Weight Gain With the Infant Fecal Microbiota.	10.1097/MPG.0000000000001566		0	0				Healthy		Gut	Amplicon	United States	pipeline	
MMC2-07096	4	2017	The American journal of clinical nutrition	Nutritional strategies and gut microbiota composition as risk factors for necrotizing enterocolitis in very-preterm infants.	10.3945/ajcn.117.152967		0	0				Gastrointestinal		Gut	Amplicon	France	pipeline	
MMC2-07100	4	2016	Arthritis & rheumatology (Hoboken, N.J.)	Association of Systemic Sclerosis With a Unique Colonic Microbial Consortium.	10.1002/art.39572		0	0				Infectious		Gut	Amplicon	United States	pipeline	
MMC2-07103	4	2017	Scientific reports	Rapid replacement by non-vaccine pneumococcal serotypes may mitigate the impact of the pneumococcal conjugate vaccine on nasopharyngeal bacterial ecology.	10.1038/s41598-017-08717-0		0	0				Infectious		Nasal	Amplicon	United States	pipeline	
MMC2-07104	4	2017	The Pediatric infectious disease journal	The Nasopharyngeal Microbiota of Children With Respiratory Infections in Botswana.	10.1097/INF.0000000000001607		0	0				Respiratory		Nasal	Amplicon	Canada	pipeline	
MMC2-07107	4	2017	Nutrients	Iron in Micronutrient Powder Promotes an Unfavorable Gut Microbiota in Kenyan Infants.	10.3390/nu9070776		0	0				Infectious		Gut	Amplicon	United States	pipeline	
MMC2-07108	4	2017	Gut	Fungal microbiota dysbiosis in IBD.	10.1136/gutjnl-2015-310746		0	0				Gastrointestinal		Gut	Amplicon	United States	pipeline	
MMC2-07110	4	2017	Gut	A microbial signature for Crohn's disease.	10.1136/gutjnl-2016-313235		0	0				Gastrointestinal		Gut	Amplicon	Spain	pipeline	
MMC2-07111	4	2017	BMC research notes	Sphingolipid metabolism potential in fecal microbiome and bronchiolitis in infants: a case-control study.	10.1186/s13104-017-2659-9		0	0				Respiratory		Multiple	Amplicon	United States	pipeline	
MMC2-07118	4	2017	PloS one	Nasopharyngeal microbiota in infants and changes during viral upper respiratory tract infection and acute otitis media.	10.1371/journal.pone.0180630		0	0				Respiratory		Multiple	Amplicon	United States	pipeline	
MMC2-07127	4	2017	Medicine	16S sequencing and functional analysis of the fecal microbiome during treatment of newly diagnosed pediatric inflammatory bowel disease.	10.1097/MD.0000000000007347		0	0				Gastrointestinal		Gut	Amplicon	United Kingdom	pipeline	
MMC2-07128	4	2017	BMC microbiology	Comparative analysis of gut microbiota associated with body mass index in a large Korean cohort.	10.1186/s12866-017-1052-0		0	0				Metabolic		Gut	Amplicon	South Korea	pipeline	
MMC2-07129	4	2017	Journal of diabetes investigation	Associations between changes in the maternal gut microbiome and differentially methylated regions of diabetes-associated genes in fetuses: A pilot study from a birth cohort study.	10.1111/jdi.12598		0	0				Metabolic		Gut	Amplicon	Japan	pipeline	
MMC2-07131	4	2017	The Pediatric infectious disease journal	Nasal Airway Microbiota Profile and Severe Bronchiolitis in Infants: A Case-control Study.	10.1097/INF.0000000000001500		0	0				Respiratory		Multiple	Amplicon	United States	pipeline	
MMC2-07134	4	2017	Journal of pediatric surgery	Independence of gut bacterial content and neonatal necrotizing enterocolitis severity.	10.1016/j.jpedsurg.2017.03.029		0	0				Gastrointestinal		Gut	Amplicon	United States	pipeline	
MMC2-07135	4	2017	Scientific reports	Bacterial Diversity of Intestinal Microbiota in Patients with Substance Use Disorders Revealed by 16S rRNA Gene Deep Sequencing.	10.1038/s41598-017-03706-9		0	0				Mental Health		Gut	Amplicon	China	pipeline	
MMC2-07136	4	2017	Journal of the International AIDS Society	Differential effects of antiretrovirals on microbial translocation and gut microbiota composition of HIV-infected patients.	10.7448/IAS.20.1.21526		0	0				Infectious		Gut	Amplicon	Spain	pipeline	
MMC2-07137	4	2017	Scientific reports	Alteration of the gut microbiota in Chinese population with chronic kidney disease.	10.1038/s41598-017-02989-2		0	0				Infectious		Gut	Amplicon	China	pipeline	
MMC2-07139	4	2016	The European respiratory journal	Association of nasopharyngeal microbiota profiles with bronchiolitis severity in infants hospitalised for bronchiolitis.	10.1183/13993003.00152-2016		0	0				Respiratory		Multiple	Amplicon	United States	pipeline	
MMC2-07140	4	2017	Journal of clinical oncology : official journal of the American Society of           Clinical Oncology	Intestinal Microbiota and Relapse After Hematopoietic-Cell Transplantation.	10.1200/JCO.2016.70.3348		0	0				Cancer		Gut	Amplicon	Germany	pipeline	
MMC2-07143	4	2017	Experimental & molecular medicine	The microbiome of the lung and its extracellular vesicles in nonsmokers, healthy smokers and COPD patients.	10.1038/emm.2017.7		0	0				Respiratory		Pulmonary	Amplicon	United States	pipeline	
MMC2-07145	4	2017	Journal of periodontal research	Association of oral microbiome with type 2 diabetes risk.	10.1111/jre.12432		0	0				Metabolic		Oral	Amplicon	United States	pipeline	
MMC2-07146	4	2017	Scientific reports	Intestinal microbiome in children with severe and complicated acute viral gastroenteritis.	10.1038/srep46130		0	0				Gastrointestinal		Gut	Amplicon	China	pipeline	
MMC2-07147	4	2017	PloS one	Impact of probiotic Saccharomyces boulardii on the gut microbiome composition in HIV-treated patients: A double-blind, randomised, placebo-controlled trial.	10.1371/journal.pone.0173802		0	0				STI		Gut	Amplicon	Spain	pipeline	
MMC2-07148	4	2017	Microbiome	Exposure to household furry pets influences the gut microbiota of infant at 3-4 months following various birth scenarios.	10.1186/s40168-017-0254-x		0	0				Respiratory		Gut	Amplicon	Canada	pipeline	
MMC2-07152	4	2017	PloS one	Dysbiosis and compositional alterations with aging in the gut microbiota of patients with heart failure.	10.1371/journal.pone.0174099		0	0				Cardiovascular		Gut	Amplicon	Japan	pipeline	
MMC2-07156	4	2017	AIDS (London, England)	Rectal microbiota among HIV-uninfected, untreated HIV, and treated HIV-infected in Nigeria.	10.1097/QAD.0000000000001409		0	0				Infectious		Gut	Amplicon	United States	pipeline	
MMC2-07158	4	2017	Journal of psychiatric research	The gut microbiome composition associates with bipolar disorder and illness severity.	10.1016/j.jpsychires.2016.12.007		0	0				Mental Health		Gut	Amplicon	United States	pipeline	
MMC2-07160	4	2017	Scientific reports	Altered intestinal microbiota in patients with chronic pancreatitis: implications in diabetes and metabolic abnormalities.	10.1038/srep43640		0	0				Metabolic		Multiple	Amplicon	India	pipeline	
MMC2-07161	4	2017	BMC genomics	Integrated metagenomic data analysis demonstrates that a loss of diversity in oral microbiota is associated with periodontitis.	10.1186/s12864-016-3254-5		0	0				Oral		Oral	Shotgun	United States	pipeline	
MMC2-07165	4	2017	Clinical and experimental immunology	Gut microbiome in children with enthesitis-related arthritis in a developing country and the effect of probiotic administration.	10.1111/cei.12900		0	0				Healthy		Gut	Amplicon	India	pipeline	
MMC2-07173	4	2017	International journal of colorectal disease	Evaluation of the microbiome in children's appendicitis.	10.1007/s00384-016-2639-x		0	0				Gastrointestinal		Other	Amplicon		pipeline	
MMC2-07175	4	2016	Alimentary pharmacology & therapeutics	Recurrent Clostridium difficile infection associates with distinct bile acid and microbiome profiles.	10.1111/apt.13616		0	0				Infectious		Multiple	Amplicon	United States	pipeline	
MMC2-07177	4	2017	Intensive care medicine	Critically ill patients demonstrate large interpersonal variation in intestinal microbiota dysregulation: a pilot study.	10.1007/s00134-016-4613-z		0	0				Infectious		Gut	Amplicon	Netherlands	pipeline	
MMC2-07179	4	2016	Microbiome	Temporal bacterial and metabolic development of the preterm gut reveals specific signatures in health and disease.	10.1186/s40168-016-0216-8	ERS4516545	0	0				Gastrointestinal		Gut	Amplicon	United States	t4_reviewer_accepts_proposal	
MMC2-07182	4	2016	Scientific reports	The balance of metagenomic elements shapes the skin microbiome in acne and health.	10.1038/srep39491		0	0				Skin		Skin	Shotgun	United States	pipeline	
MMC2-07184	4	2016	The Journal of infectious diseases	Differences in the Nasopharyngeal Microbiome During Acute Respiratory Tract Infection With Human Rhinovirus and Respiratory Syncytial Virus in Infancy.	10.1093/infdis/jiw456		0	0				Respiratory		Multiple	Amplicon	United States	pipeline	
MMC2-07187	4	2016	World journal of gastroenterology	Fecal microbiota in pouchitis and ulcerative colitis.	10.3748/wjg.v22.i40.8929		0	0				Gastrointestinal		Gut	Amplicon	China	pipeline	
MMC2-07188	4	2016	The British journal of nutrition	Oral supplementation of healthy adults with 2'-O-fucosyllactose and lacto-N-neotetraose is well tolerated and shifts the intestinal microbiota.	10.1017/S0007114516003354		0	0				Healthy		Multiple	Amplicon	Switzerland	pipeline	
MMC2-07190	4	2016	Journal of diabetes research	Qualitative Parameters of the Colonic Flora in Patients with HNF1A-MODY Are Different from Those Observed in Type 2 Diabetes Mellitus.	10.1155/2016/3876764		0	0				Metabolic		Gut	Amplicon	Poland	pipeline	
MMC2-07195	4	2016	Circulation research	Gut Microbiome Associates With Lifetime Cardiovascular Disease Risk Profile Among Bogalusa Heart Study Participants.	10.1161/CIRCRESAHA.116.309219		0	0				Healthy		Gut	Amplicon	United States	pipeline	
MMC2-07197	4	2016	Gastroenterology	A Pleiotropic Missense Variant in SLC39A8 Is Associated With Crohn's Disease and Human Gut Microbiome Composition.	10.1053/j.gastro.2016.06.051		0	0				Gastrointestinal		Gut	Amplicon	United States	pipeline	
MMC2-07204	4	2016	Annals of epidemiology	The effects of family, dentition, and dental caries on the salivary microbiome.	10.1016/j.annepidem.2016.03.006		0	0				Oral		Oral	Amplicon	United States	pipeline	
MMC2-07205	4	2016	Alimentary pharmacology & therapeutics	Gut microbiome predictors of treatment response and recurrence in primary Clostridium difficile infection.	10.1111/apt.13750		0	0				Infectious		Gut	Amplicon	United States	pipeline	
MMC2-07208	4	2016	Scientific reports	Bacillus as a potential diagnostic marker for yellow tongue coating.	10.1038/srep32496		0	0				Gastrointestinal		Oral	Amplicon	United States	pipeline	
MMC2-07211	4	2016	Journal of pediatric gastroenterology and nutrition	Effect of Vitamin E With Therapeutic Iron Supplementation on Iron Repletion and Gut Microbiome in US Iron Deficient Infants and Toddlers.	10.1097/MPG.0000000000001154		0	0				Cancer		Multiple	Amplicon	United States	pipeline	
MMC2-07213	4	2016	Inflammatory bowel diseases	Gut Microbial Diversity Is Reduced in Smokers with Crohn's Disease.	10.1097/MIB.0000000000000875		0	0				Gastrointestinal		Gut	Amplicon	Netherlands	pipeline	
MMC2-07215	4	2016	The journal of maternal-fetal & neonatal medicine : the official journal of the           European Association of Perinatal Medicine, the Federation of Asia and Oceania            Perinatal Societies, the International Society of Perinatal Obstetricians	Gravidas with class III obesity: evaluating the abdominal skin microbiota above and below the panniculus (.).	10.3109/14767058.2015.1124081		0	0				Metabolic		Skin	Amplicon	United States	pipeline	
MMC2-07217	4	2016	Scientific reports	Smoking, pregnancy and the subgingival microbiome.	10.1038/srep30388		0	0				Oral		Oral	Amplicon	United States	reviewer_agrees	
MMC2-07219	4	2016	Journal of Crohn's & colitis	Fungal Dysbiosis in Mucosa-associated Microbiota of Crohn's Disease Patients.	10.1093/ecco-jcc/jjv209		0	0				Gastrointestinal		Gut	Amplicon	Italy	pipeline	
MMC2-07220	4	2016	Journal of Crohn's & colitis	Characterization of Intestinal Microbiota in Ulcerative Colitis Patients with and without Primary Sclerosing Cholangitis.	10.1093/ecco-jcc/jjv204		0	0				Gastrointestinal		Multiple	Amplicon	United States	pipeline	
MMC2-07221	4	2016	European journal of neurology	Gut microbiota in early pediatric multiple sclerosis: a case-control study.	10.1111/ene.13026		0	0				Neurodegenerative		Gut	Amplicon	United States	pipeline	
MMC2-07224	4	2016	Microbiome	The microbiota in bronchoalveolar lavage from young children with chronic lung disease includes taxa present in both the oropharynx and nasopharynx.	10.1186/s40168-016-0182-1		0	0				Healthy		Multiple	Amplicon	United States	pipeline	
MMC2-07225	4	2015	Translational psychiatry	Use of the second-generation antipsychotic, risperidone, and secondary weight gain are associated with an altered gut microbiota in children.	10.1038/tp.2015.135		0	0				Healthy		Gut	Amplicon	United States	pipeline	
MMC2-07226	4	2016	Pediatrics	The Fecal Microbiota Profile and Bronchiolitis in Infants.	10.1542/peds.2016-0218		0	0				Respiratory		Multiple	Amplicon	United States	pipeline	
MMC2-07231	4	2016	Pediatric research	Bacterial microbiome of breast milk and child saliva from low-income Mexican-American women and children.	10.1038/pr.2016.9		0	0				Metabolic		Multiple	Amplicon	United States	pipeline	
MMC2-07234	4	2016	Chinese medical journal	Imbalance of Fecal Microbiota at Newly Diagnosed Type 1 Diabetes in Chinese Children.	10.4103/0366-6999.182841		0	0				Metabolic		Gut	Amplicon	China	pipeline	
MMC2-07235	4	2016	Gut	Structural robustness of the gut mucosal microbiota is associated with Crohn's disease remission after surgery.	10.1136/gutjnl-2015-309184		0	0				Gastrointestinal		Gut	Amplicon	United States	pipeline	
MMC2-07237	4	2016	Surgical endoscopy	Intestinal microbiota and anastomotic leakage of stapled colorectal anastomoses: a pilot study.	10.1007/s00464-015-4508-z		0	0				Gastrointestinal		Gut	Amplicon	Netherlands	pipeline	
MMC2-07247	4	2016	Scientific reports	Colonization with the enteric protozoa Blastocystis is associated with increased diversity of human gut bacterial microbiota.	10.1038/srep25255		0	0				Gastrointestinal		Gut	Amplicon	France	pipeline	
MMC2-07251	4	2016	Journal of developmental origins of health and disease	Maternal group B Streptococcus and the infant gut microbiota.	10.1017/S2040174415001361		0	0				Infectious		Gut	Amplicon	United States	pipeline	
MMC2-07254	4	2016	The American journal of clinical nutrition	Alterations in human milk leptin and insulin are associated with early changes in the infant intestinal microbiome.	10.3945/ajcn.115.126375		0	0				Metabolic		Multiple	Both	United States	pipeline	
MMC2-07261	4	2016	AIDS (London, England)	HIV-induced immunosuppression is associated with colonization of the proximal gut by environmental bacteria.	10.1097/QAD.0000000000000935		0	0				Infectious		Multiple	Amplicon	United States	pipeline	
MMC2-07262	4	2016	Journal of the neurological sciences	Gut microbiota composition and relapse risk in pediatric MS: A pilot study.	10.1016/j.jns.2016.02.042		0	0				Healthy		Gut	Amplicon	United States	pipeline	
MMC2-07263	4	2016	PloS one	Helicobacter pylori Eradication Causes Perturbation of the Human Gut Microbiome in Young Adults.	10.1371/journal.pone.0151893		0	0				Infectious		Gut	Amplicon	United States	pipeline	
MMC2-07266	4	2016	Scientific reports	Integrated metabolomics and metagenomics analysis of plasma and urine identified microbial metabolites associated with coronary heart disease.	10.1038/srep22525		0	0				Infectious		Multiple	Amplicon	China	pipeline	
MMC2-07267	4	2016	Scientific reports	Intestinal Microbiota Distinguish Gout Patients from Healthy Humans.	10.1038/srep20602		0	0				Metabolic		Multiple	Amplicon	Singapore	pipeline	
MMC2-07270	4	2015	American journal of respiratory and critical care medicine	Multicenter Comparison of Lung and Oral Microbiomes of HIV-infected and HIV-uninfected Individuals.	10.1164/rccm.201501-0128OC		0	0				Respiratory		Multiple	Amplicon	United States	pipeline	
MMC2-07271	4	2016	Gastroenterology	Relationship Between Microbiota of the Colonic Mucosa vs Feces and Symptoms, Colonic Transit, and Methane Production in Female Patients With Chronic Constipation.	10.1053/j.gastro.2015.10.005		0	0				Gastrointestinal		Gut	Amplicon	United States	pipeline	
MMC2-07276	4	2016	PloS one	Intestinal Microbiota in Patients with Spinal Cord Injury.	10.1371/journal.pone.0145878		0	0				Neurological		Gut	Amplicon	Turkey	reviewer_agrees	
MMC2-07278	4	2016	Microbial ecology	Minimally Invasive Sampling Method Identifies Differences in Taxonomic Richness of Nasal Microbiomes in Young Infants Associated with Mode of Delivery.	10.1007/s00248-015-0663-y		0	0				Respiratory		Multiple	Amplicon	United States	pipeline	
MMC2-07285	4	2015	Psychosomatic medicine	The Intestinal Microbiota in Acute Anorexia Nervosa and During Renourishment: Relationship to Depression, Anxiety, and Eating Disorder Psychopathology.	10.1097/PSY.0000000000000247		0	0				Mental Health		Gut	Amplicon	Australia	reviewer_agrees	
MMC2-07286	4	2015	International forum of allergy & rhinology	Impact of saline irrigation and topical corticosteroids on the postsurgical sinonasal microbiota.	10.1002/alr.21467		0	0				Respiratory		Nasal	Amplicon		pipeline	
MMC2-07287	4	2015	PloS one	Lactobacillus casei Shirota Supplementation Does Not Restore Gut Microbiota Composition and Gut Barrier in Metabolic Syndrome: A Randomized Pilot Study.	10.1371/journal.pone.0141399		0	0				Metabolic		Multiple	Amplicon	Austria	pipeline	
MMC2-07292	4	2015	Circulation research	The Gut Microbiome Contributes to a Substantial Proportion of the Variation in Blood Lipids.	10.1161/CIRCRESAHA.115.306807		0	0				Healthy		Multiple	Amplicon	Netherlands	pipeline	
MMC2-07294	4	2015	PloS one	Urease and Dental Plaque Microbial Profiles in Children.	10.1371/journal.pone.0139315		0	0				Respiratory		Oral	Amplicon	United States	pipeline	
MMC2-07295	4	2015	Diabetes	Alterations in Intestinal Microbiota Correlate With Susceptibility to Type 1 Diabetes.	10.2337/db14-1847		0	0				Metabolic		Gut	Amplicon	United States	pipeline	
MMC2-07302	4	2015	Journal of translational medicine	Step-up fecal microbiota transplantation strategy: a pilot study for steroid-dependent ulcerative colitis.	10.1186/s12967-015-0646-2		0	0				Gastrointestinal		Gut	Amplicon	China	pipeline	
MMC2-07303	4	2015	PloS one	Analysis of the Microbiota of Black Stain in the Primary Dentition.	10.1371/journal.pone.0137030		0	0				Oral		Oral	Amplicon	China	pipeline	
MMC2-07307	4	2015	Journal of dental research	Mucosal microbiome in patients with recurrent aphthous stomatitis.	10.1177/0022034514565458		0	0				Oral		Oral	Amplicon	United Kingdom	reviewer_agrees	
MMC2-07308	4	2015	Scientific reports	The stool microbiota of insulin resistant women with recent gestational diabetes, a high risk group for type 2 diabetes.	10.1038/srep13212		0	0				Metabolic		Gut	Amplicon	Germany	pipeline	
MMC2-07312	4	2015	PloS one	Gut-Microbiota-Metabolite Axis in Early Renal Function Decline.	10.1371/journal.pone.0134311		0	0				Healthy		Gut	Amplicon	United States	pipeline	
MMC2-07314	4	2015	Alimentary pharmacology & therapeutics	Randomised clinical trial: gut microbiome biomarkers are associated with clinical response to a low FODMAP diet in children with the irritable bowel syndrome.	10.1111/apt.13286		0	0				Gastrointestinal		Gut	Amplicon	United States	pipeline	
MMC2-07323	4	2015	Journal of immunology research	Excretion of Host DNA in Feces Is Associated with Risk of Clostridium difficile Infection.	10.1155/2015/246203		0	0				Infectious		Gut	Shotgun	Canada	pipeline	
MMC2-07326	4	2015	Scientific reports	Lung microbiota across age and disease stage in cystic fibrosis.	10.1038/srep10241		0	0				Respiratory		Pulmonary	Amplicon	Canada	pipeline	
MMC2-07331	4	2013	The Journal of allergy and clinical immunology	Asthma-associated differences in microbial composition of induced sputum.	10.1016/j.jaci.2012.11.013		0	0				Respiratory		Pulmonary	Amplicon	United States	pipeline	
MMC2-07334	4	2015	The Journal of pediatrics	16S community profiling identifies proton pump inhibitor related differences in gastric, lung, and oropharyngeal microflora.	10.1016/j.jpeds.2014.12.067		0	0				Respiratory		Multiple	Amplicon	United States	pipeline	
MMC2-07337	4	2015	mBio	Dynamic changes in the subgingival microbiome and their potential for diagnosis and prognosis of periodontitis.	10.1128/mBio.01926-14		0	0				Oral		Oral	Shotgun	United States	pipeline	
MMC2-07340	4	2015	Emerging infectious diseases	Microbiota that affect risk for shigellosis in children in low-income countries.	10.3201/eid2101.140795		0	0				Gastrointestinal		Gut	Amplicon		pipeline	
MMC2-07343	4	2014	American journal of respiratory and critical care medicine	The role of bacteria in the pathogenesis and progression of idiopathic pulmonary fibrosis.	10.1164/rccm.201403-0541OC		0	0				Respiratory		Pulmonary	Amplicon	United Kingdom	pipeline	
MMC2-07347	4	2015	Arthritis & rheumatology (Hoboken, N.J.)	Decreased bacterial diversity characterizes the altered gut microbiota in patients with psoriatic arthritis, resembling dysbiosis in inflammatory bowel disease.	10.1002/art.38892		0	0				Gastrointestinal		Multiple	Amplicon	United States	pipeline	
MMC2-07349	4	2014	PLoS neglected tropical diseases	Noma affected children from Niger have distinct oral microbial communities based on high-throughput sequencing of 16S rRNA gene fragments.	10.1371/journal.pntd.0003240		0	0				Infectious		Oral	Amplicon	United States	pipeline	
MMC2-07354	4	2014	PloS one	The influence of whole grain products and red meat on intestinal microbiota composition in normal weight adults: a randomized crossover intervention trial.	10.1371/journal.pone.0109606		0	0				Metabolic		Multiple	Amplicon	United Kingdom	pipeline	
MMC2-07355	4	2014	Transplantation	Gut microbial community structure and complications after kidney transplantation: a pilot study.	10.1097/TP.0000000000000370		0	0				Gastrointestinal		Gut	Amplicon	United States	pipeline	
MMC2-07359	4	2014	Gut	Bacterial protein signals are associated with Crohn's disease.	10.1136/gutjnl-2012-303786		0	0				Gastrointestinal		Gut	Amplicon	France	pipeline	
MMC2-07363	4	2014	Journal of clinical microbiology	Airway microbiome dynamics in exacerbations of chronic obstructive pulmonary disease.	10.1128/JCM.00035-14		0	0				Respiratory		Pulmonary	Amplicon	United States	pipeline	
MMC2-07370	4	2014	PloS one	Microbiota and metabolome associated with immunoglobulin A nephropathy (IgAN).	10.1371/journal.pone.0099006		0	0				Infectious		Multiple	Amplicon	Italy	reviewer_agrees	
MMC2-07383	4	2014	Journal of studies on alcohol and drugs	Associations of cocaine use and HIV infection with the intestinal microbiota, microbial translocation, and inflammation.	10.15288/jsad.2014.75.347		0	0				Cancer		Gut	Amplicon	United States	pipeline	
MMC2-07384	4	2013	Scientific reports	Microbiomic signatures of psoriasis: feasibility and methodology comparison.	10.1038/srep02620		0	0				Skin		Skin	Amplicon	United States	pipeline	
MMC2-07388	4	2014	PloS one	Fecal microbial composition of ulcerative colitis and Crohn's disease patients in remission and subsequent exacerbation.	10.1371/journal.pone.0090981		0	0				Gastrointestinal		Gut	Amplicon	Netherlands	pipeline	
MMC2-07393	4	2014	PloS one	Increased constituent ratios of Klebsiella sp., Acinetobacter sp., and Streptococcus sp. and a decrease in microflora diversity may be indicators of ventilator-associated pneumonia: a prospective stud	10.1371/journal.pone.0087504		0	0				Respiratory		Pulmonary	Amplicon	China	pipeline	
MMC2-07394	4	2014	American journal of physiology. Gastrointestinal and liver physiology	Microbiota transplantation restores normal fecal bile acid composition in recurrent Clostridium difficile infection.	10.1152/ajpgi.00282.2013		0	0				Infectious		Multiple	Amplicon	United States	pipeline	
MMC2-07398	4	2014	Scientific reports	Fecal microbiota imbalance in Mexican children with type 1 diabetes.	10.1038/srep03814		0	0				Metabolic		Gut	Amplicon	United States	pipeline	
MMC2-07401	4	2013	PloS one	Intestinal microbial ecology and environmental factors affecting necrotizing enterocolitis.	10.1371/journal.pone.0083304		0	0				Respiratory		Gut	Amplicon	United States	pipeline	
MMC2-07402	4	2013	American journal of respiratory and critical care medicine	The effects of airway microbiome on corticosteroid responsiveness in asthma.	10.1164/rccm.201304-0775OC		0	0				Respiratory		Pulmonary	Amplicon		pipeline	
MMC2-07403	4	2013	American journal of respiratory and critical care medicine	Outgrowth of the bacterial airway microbiome after rhinovirus exacerbation of chronic obstructive pulmonary disease.	10.1164/rccm.201302-0341OC		0	0				Respiratory		Pulmonary	Amplicon	United Kingdom	reviewer_agrees	
MMC2-07404	4	2013	BMC gastroenterology	Association of gut microbiota with post-operative clinical course in Crohn's disease.	10.1186/1471-230X-13-131		0	0				Gastrointestinal		Gut	Amplicon	United States	pipeline	
MMC2-07408	4	2013	PloS one	Diversified microbiota of meconium is affected by maternal diabetes status.	10.1371/journal.pone.0078257		0	0				Metabolic		Gut	Amplicon	United States	pipeline	
MMC2-07414	4	2013	PloS one	Bacterial community development in experimental gingivitis.	10.1371/journal.pone.0071227		0	0				Oral		Oral	Amplicon	United Kingdom	pipeline	
MMC2-07417	4	2013	American journal of respiratory and critical care medicine	Widespread colonization of the lung by Tropheryma whipplei in HIV infection.	10.1164/rccm.201211-2145OC		0	0				Infectious		Pulmonary	Both	United States	pipeline	
MMC2-07425	4	2012	Clinical infectious diseases : an official publication of the Infectious Diseases           Society of America	Intestinal domination and the risk of bacteremia in patients undergoing allogeneic hematopoietic stem cell transplantation.	10.1093/cid/cis580		0	0				Infectious		Multiple	Amplicon	United States	pipeline	
MMC2-07429	4	2013	Applied and environmental microbiology	Comparison of the compositions of the stool microbiotas of infants fed goat milk formula, cow milk-based formula, or breast milk.	10.1128/AEM.03910-12		0	0				Healthy		Multiple	Amplicon	New Zealand	pipeline	
MMC2-07433	4	2013	The Journal of infectious diseases	Quantitation and composition of cutaneous microbiota in diabetic and nondiabetic men.	10.1093/infdis/jit005		0	0				Infectious		Skin	Amplicon	United States	pipeline	
MMC2-07443	4	2012	Genome biology	Dysfunction of the intestinal microbiome in inflammatory bowel disease and treatment.	10.1186/gb-2012-13-9-r79	ERS82111	0	0				Gastrointestinal		Gut	Both	United States	pipeline	
MMC2-07448	4	2012	American journal of respiratory and critical care medicine	Lung-enriched organisms and aberrant bacterial and fungal respiratory microbiota after lung transplant.	10.1164/rccm.201204-0693OC		0	0				Respiratory		Multiple	Amplicon	United States	pipeline	
MMC2-07449	4	2012	PloS one	Beyond Streptococcus mutans: dental caries onset linked to multiple species by 16S rRNA community analysis.	10.1371/journal.pone.0047722		0	0				Infectious		Oral	Amplicon	United States	reviewer_agrees	
MMC2-07456	4	2012	Applied and environmental microbiology	Upper respiratory tract microbial communities, acute otitis media pathogens, and antibiotic use in healthy and sick children.	10.1128/AEM.01051-12		0	0				Respiratory		Multiple	Amplicon	United States	pipeline	
MMC2-07458	4	2012	PloS one	Non-invasive mapping of the gastrointestinal microbiota identifies children with inflammatory bowel disease.	10.1371/journal.pone.0039242		0	0				Gastrointestinal		Gut	Amplicon	United States	pipeline	
MMC2-07464	4	2012	Inflammatory bowel diseases	Alterations in the gut microbiome of children with severe ulcerative colitis.	10.1002/ibd.22860		0	0				Gastrointestinal		Gut	Amplicon	United States	pipeline	
MMC2-07529	4	2025	Journal of diabetes	Inflammation in Diabetic Kidney Disease Is Linked to Gut Dysbiosis and Metabolite Imbalance.	10.1111/1753-0407.70175		0	0				Infectious		Gut	Shotgun	China	pipeline	
MMC2-07531	4	2025	International journal of surgery (London, England)	Bacterial extracellular vesicle as a predictive biomarker for postoperative delirium status after spinal surgery: a prospective cohort study.	10.1097/JS9.0000000000003024		0	0				Healthy		Gut	Amplicon	South Korea	pipeline	
MMC2-07535	4	2025	Skin pharmacology and physiology	Effects of a Gel Containing the Defined Microalgae Extract Spiralin® on the Skin Microbiome and Clinical Activity in Atopic Dermatitis: A Double-Blind, Intraindividual Vehicle-Controlled Proof-Of-Conc	10.1159/000547835		0	0				Skin		Skin	Amplicon	United Kingdom	pipeline	
MMC2-07536	4	2025	Journal of the American Heart Association	Physical Activity, Gut Microbiota, and the Risk of Dyslipidemia in a Community-Based Cohort Study.	10.1161/JAHA.125.043797		0	0				Metabolic		Gut	Amplicon	China	pipeline	
MMC2-07537	4	2025	European journal of nutrition	The gut microbiome mediates the association between a flavonoid-rich diet and MASLD in a population-level analysis.	10.1007/s00394-025-03851-2		0	0				Liver		Gut	Amplicon	United Kingdom	pipeline	
MMC2-07540	4	2025	BMC pediatrics	Influence from the intestinal microbiota of neonate on early child development.	10.1186/s12887-025-06336-7		0	0				Healthy		Gut	Amplicon	China	pipeline	
MMC2-07541	4	2025	BMC medicine	Mediterranean diet, gut microbiota, and cognitive decline in older adults with obesity/overweight and metabolic syndrome: a prospective cohort study.	10.1186/s12916-025-04488-y		0	0				Metabolic		Gut	Amplicon	United States	pipeline	
MMC2-07544	4	2025	Nutrients	Longitudinal Microbiome and Metabolome Shifts After Successful Intervention in Impending Stunting in Indonesian Infants.	10.3390/nu17223570		0	0				Metabolic		Gut	Amplicon	Japan	pipeline	
MMC2-07545	4	2025	Pathogens (Basel, Switzerland)	Diversity and Functional Predictions of Gut Microbiota in Vietnamese Children Aged 6-24 Months with Persistent Diarrhea of Unknown Etiology.	10.3390/pathogens14111136		0	0				Gastrointestinal		Gut	Amplicon	Vietnam	pipeline	
MMC2-07550	4	2025	BMC psychiatry	Effects of kefir on symptoms, sleep, and gut microbiota in children with ADHD: a randomised controlled trial.	10.1186/s12888-025-07568-8		0	0				Healthy		Gut	Shotgun	United States	pipeline	
MMC2-07556	4	2025	Autism : the international journal of research and practice	Potential association between altered oral microbiota and oxidative stress in individuals with autism.	10.1177/13623613251362259		0	0				Mental Health		Multiple	Amplicon	China	pipeline	
MMC2-07559	4	2025	Frontiers in public health	Oral microbiome dysbiosis is associated with chronic respiratory diseases: evidence from a population-based study and a hospital cohort.	10.3389/fpubh.2025.1696041		0	0				Respiratory		Multiple	Amplicon	China	pipeline	
MMC2-07561	4	2025	Nutrients	Associations of Salivary Microbiota with Diet Quality, Body Mass Index, and Oral Health Status in Turkish Adolescents.	10.3390/nu17213434		0	0				Metabolic		Oral	Amplicon	Turkey	pipeline	
MMC2-07563	4	2025	Medicine	Performance of metagenomic next-generation sequencing in bronchoalveolar lavage fluid for pathogen detection in patients with acute exacerbations of bronchiectasis.	10.1097/MD.0000000000045606		0	0				Respiratory		Pulmonary	Amplicon	China	pipeline	
MMC2-07564	4	2025	Schizophrenia bulletin	Microbiome-Gut-Brain Profiles in Schizophrenia and Their Potential Link to Cognitive Performance: Findings from a Case-Control Study.	10.1093/schbul/sbaf028		0	0				Mental Health		Gut	Amplicon	China	pipeline	
MMC2-07565	4	2025	BMC psychiatry	The dysbiosis of gut microbiota in major depressive disorder and comorbidity with overweight/obesity: unraveling biomarkers and metabolic pathways from a microbial perspective.	10.1186/s12888-025-07388-w		0	0				Metabolic		Gut	Amplicon	China	pipeline	
MMC2-07566	4	2025	The American journal of tropical medicine and hygiene	Lung Microbiota in People Diagnosed with HIV and Pneumonia: A Colombian Cohort Study.	10.4269/ajtmh.23-0903		0	0				Respiratory		Pulmonary	Amplicon	Colombia	pipeline	
MMC2-07570	4	2025	Pediatric diabetes	HLA-C⁣ (∗) 0304 Associates With Beneficial Gut Microbiota and Later Onset of Type 1 Diabetes in Pediatric Cohorts.	10.1155/pedi/3013063		0	0				Metabolic		Gut	Shotgun	China	pipeline	
MMC2-07573	4	2025	JPEN. Journal of parenteral and enteral nutrition	Small intestinal bacterial overgrowth and dysbiosis in children with intestinal failure: A descriptive cohort study.	10.1002/jpen.2808		0	0				Gastrointestinal		Gut	Shotgun	Germany	pipeline	
MMC2-07576	4	2025	BMC pregnancy and childbirth	Gestational diabetes mellitus and gut microbiota: microbial signatures across different fetal birth weight outcomes and their impact on maternal and neonatal health.	10.1186/s12884-025-08324-2		0	0				Metabolic		Gut	Amplicon	China	pipeline	
MMC2-07577	4	2025	World journal of gastroenterology	Comprehensive microbial and clinical profiling of functional constipation: A stratified comparative study of age and constipation subtype.	10.3748/wjg.v31.i40.112637		0	0				Gastrointestinal		Gut	Amplicon	China	pipeline	
MMC2-07580	4	2025	Nutrients	Gut Microbiota Enterotype as a Predictor of Sarcopenia in the Japanese Elderly Population.	10.3390/nu17203250		0	0				Healthy		Gut	Amplicon	Japan	pipeline	
MMC2-07581	4	2025	Genes	Significant Association Between Abundance of Gut Microbiota and Plasma Levels of microRNAs in Individuals with Metabolic Syndrome and Their Potential as Biomarkers for Metabolic Syndrome: A Pilot Stud	10.3390/genes16101161		0	0				Metabolic		Multiple	Amplicon	South Korea	pipeline	
MMC2-07582	4	2025	Inflammatory bowel diseases	Decreased Fecal Nicotinamide and Increased Bacterial Nicotinamidase Gene Expression in Ulcerative Colitis Patients.	10.1093/ibd/izaf092		0	0				Gastrointestinal		Gut	Amplicon	Japan	pipeline	
MMC2-07585	4	2025	Microbial biotechnology	Baseline Fusobacterium Abundance Predicts Ustekinumab Response in Crohn's Disease: A Prospective Microbiome Cohort Study.	10.1111/1751-7915.70250		0	0				Gastrointestinal		Gut	Amplicon	China	pipeline	
MMC2-07587	4	2024	JAMA pediatrics	Bifidobacterium and Lactobacillus Probiotics and Gut Dysbiosis in Preterm Infants: The PRIMAL Randomized Clinical Trial.	10.1001/jamapediatrics.2024.2626		0	0				Infectious		Gut	Shotgun	Germany	pipeline	
MMC2-07593	4	2025	Scientific reports	Dietary composition modulate gut microbiota and related biomarkers in patients with chronic kidney disease.	10.1038/s41598-025-20266-5		0	0				Renal		Multiple	Amplicon	Thailand	pipeline	
MMC2-07594	4	2025	Journal of clinical periodontology	Oral Microbiota Linking Humoral Response, Periodontitis and Atherosclerosis.	10.1111/jcpe.70001		0	0				Oral		Multiple	Amplicon	Switzerland	pipeline	
MMC2-07596	4	2025	Renal failure	Causal effects of gut microbiota on diabetic kidney disease: insights from 16S rRNA sequencing and bidirectional Mendelian randomization.	10.1080/0886022X.2025.2566381		0	0				Healthy		Gut	Amplicon	China	pipeline	
MMC2-07597	4	2025	Journal of cosmetic dermatology	Open-Label, Prospective Study of a Prebiotic Gel Cream on Its Efficacy of Mild to Moderate Acne Management and Effects on the Functional Skin Microbiome.	10.1111/jocd.70138		0	0				Skin		Skin	Shotgun	United States	pipeline	
MMC2-07600	4	2025	Journal of translational medicine	Gut microbiota remodeling and sensory-emotional functional disruption in adolescents with bipolar depression.	10.1186/s12967-025-07152-4		0	0				Mental Health		Gut	Shotgun	China	pipeline	
MMC2-07603	4	2025	Basic research in cardiology	The influence of acute and chronic coronary syndrome on the gut microbiome and downstream microbiome-derived metabolites-Microbiome in acute myocardial infarction-MIAMI-Trial.	10.1007/s00395-025-01134-9		0	0				Cardiovascular		Multiple	Amplicon	Germany	pipeline	
MMC2-07604	4	2025	Frontiers in cellular and infection microbiology	Analysis of co-infection in severe and critical patients with influenza A (H1N1) pneumonia using metagenomic next-generation sequencing on bronchoalveolar lavage samples.	10.3389/fcimb.2025.1669328		0	0				Respiratory		Pulmonary	Amplicon	China	pipeline	
MMC2-07606	4	2025	Journal of translational medicine	Decoding IBD progression: a dynamic biomarker atlas for personalized disease stratification.	10.1186/s12967-025-07024-x		0	0				Infectious		Gut	Amplicon	China	pipeline	
MMC2-07612	4	2025	European archives of psychiatry and clinical neuroscience	Response to electroconvulsive therapy is associated with a more diverse oral microbiome- a prospective longitudinal cohort pilot study.	10.1007/s00406-025-01976-3		0	0				Mental Health		Oral	Amplicon	Germany	pipeline	
MMC2-07613	4	2025	Pediatric cardiology	Gut Microbiome in Children with Congenital Heart Disease After Cardiopulmonary Bypass Surgery (GuMiBear Study).	10.1007/s00246-024-03634-2		0	0				Gastrointestinal		Gut	Amplicon	Ireland	pipeline	
MMC2-07614	4	2025	BMC pulmonary medicine	Causal relationship between gut microbiota and pneumonia: a Mendelian randomization and retrospective case-control study.	10.1186/s12890-025-03899-0		0	0				Respiratory		Multiple	Amplicon	China	pipeline	
MMC2-07616	4	2025	Inflammatory bowel diseases	Fecal Microbiome Reflects Disease State and Prognosis in Inflammatory Bowel Disease in an Adult Population-Based Inception Cohort.	10.1093/ibd/izaf060		0	0				Gastrointestinal		Gut	Amplicon	Sweden	pipeline	
MMC2-07620	4	2025	BMC pregnancy and childbirth	Hypertensive disorders of pregnancy were more strongly associated with the functional and network profiles than with the community composition of the gut bacteriome: a pilot study.	10.1186/s12884-025-08117-7		0	0				Gastrointestinal		Gut	Amplicon	China	pipeline	
MMC2-07622	4	2025	Scientific reports	Association between enterotypes of the gut microbiota and features of ischemic stroke.	10.1038/s41598-025-18378-z		0	0				Metabolic		Gut	Amplicon	Japan	pipeline	
MMC2-07623	4	2025	Scientific reports	The gut microbial composition is different in chronic fatigue syndrome than in healthy controls.	10.1038/s41598-025-16438-y		0	0				Healthy		Gut	Amplicon	United Kingdom	pipeline	
MMC2-07625	4	2025	Scientific reports	Impact of diet and nutritional status on gingival crevicular fluid metabolome and microbiome in people with type 1 diabetes: a cross-sectional study.	10.1038/s41598-025-16690-2		0	0				Metabolic		Oral	Amplicon	Poland	pipeline	
MMC2-07629	4	2025	Helicobacter	Resilience of the Gut Microbiome to Short Proton Pump Inhibitor Therapy With or Without High-Dosage L. reuteri in H. pylori-Infected Adults.	10.1111/hel.70064		0	0				Infectious		Gut	Shotgun	United States	pipeline	
MMC2-07630	4	2025	Frontiers in cellular and infection microbiology	Alterations of the salivary microbiome in obstructive sleep apnea and their association with periodontitis.	10.3389/fcimb.2025.1642766		0	0				Oral		Oral	Amplicon	China	pipeline	
MMC2-07631	4	2025	Chinese medical journal	Oral microbiome between patients with non-obstructive and obstructive hypertrophic cardiomyopathy.	10.1097/CM9.0000000000003777		0	0				Oral		Oral	Shotgun	China	pipeline	
MMC2-07632	4	2025	Medical sciences (Basel, Switzerland)	Association of Gut Dysbiosis with Disease Phenotype and Treatment in Systemic Lupus Erythematosus.	10.3390/medsci13030151		0	0				Autoimmune		Gut	Shotgun	Spain	pipeline	
MMC2-07635	4	2025	Nutrients	Gut Dysbiosis and Plasma Trimethylamine Oxide Are Associated with Subclinical Coronary Atherosclerosis in Obese Patients with Metabolic Dysfunction-Associated Steatotic Liver Disease.	10.3390/nu17172759		0	0				Metabolic		Multiple	Amplicon	Thailand	pipeline	
MMC2-07636	4	2025	Nutrients	Effects of Two Compound Probiotic Formulations on Gastrointestinal Symptoms and Gut Microbiota: A 4-Week Randomized, Double-Blind Intervention Trial.	10.3390/nu17172886		0	0				Infectious		Gut	Amplicon	China	pipeline	
MMC2-07637	4	2025	Nutrients	Gut Microbiota Alterations in Patients with Panic Disorder: A Case-Control Study.	10.3390/nu17172772		0	0				Mental Health		Gut	Amplicon	Poland	pipeline	
MMC2-07639	4	2025	International journal of molecular sciences	Distinct Gut Microbiota Signatures Are Associated with Severity of Metabolic Dysfunction-Associated Steatotic Liver Disease in People with HIV.	10.3390/ijms26178165		0	0				Liver		Gut	Amplicon	United Kingdom	pipeline	
MMC2-07642	4	2025	PloS one	Circulating metabolites in patients with chronic heart failure are not related to gut leakage or gut dysbiosis.	10.1371/journal.pone.0331692		0	0				Cardiovascular		Multiple	Shotgun	Norway	pipeline	
MMC2-07643	4	2025	BMJ open gastroenterology	Identification of robust associations between admission microbiome profiles and complications of acute pancreatitis.	10.1136/bmjgast-2025-001961		0	0				Healthy		Multiple	Amplicon	Netherlands	pipeline	
MMC2-07645	4	2025	Journal of pediatric gastroenterology and nutrition	Calcium butyrate efficacy in pediatric irritable bowel syndrome: Randomized placebo-controlled multiomics-based clinical trial.	10.1002/jpn3.70154		0	0				Gastrointestinal		Gut	Amplicon	Italy	pipeline	
MMC2-07646	4	2025	Journal of pediatric gastroenterology and nutrition	Acute pancreatitis gut dysbiosis persists at 1-year follow-up and is associated with clinical outcomes.	10.1002/jpn3.70135		0	0				Metabolic		Gut	Shotgun	United States	pipeline	
MMC2-07648	4	2025	JDR clinical and translational research	Oral Microbiome and Dental Caries in Kenyan Children and Adolescents Living with HIV.	10.1177/23800844241311862		0	0				STI		Oral	Amplicon	United States	pipeline	
MMC2-07652	4	2025	International journal of molecular sciences	The Impact of Bariatric Surgery on Gut Microbiota Composition and Diversity: A Longitudinal Analysis Using 16S rRNA Sequencing.	10.3390/ijms26167933		0	0				Metabolic		Gut	Amplicon	United Kingdom	pipeline	
MMC2-07655	4	2025	Oral health & preventive dentistry	Analysis of Oral Microbiota in Herpetiform Aphthous Ulcers Patients.	10.3290/j.ohpd.c_2196		0	0				Healthy		Oral	Amplicon		pipeline	
MMC2-07656	4	2025	Frontiers in endocrinology	The gut microbiome: a vital link to hyperuricemia, gout and acute flares?	10.3389/fendo.2025.1643566		0	0				Healthy		Gut	Amplicon	China	pipeline	
MMC2-07658	4	2025	Translational psychiatry	Dysbiosis and depression: A study of gut microbiota alterations and functional pathways in antidepressant-naïve mood disorder patients.	10.1038/s41398-025-03521-1		0	0				Infectious		Gut	Amplicon	China	pipeline	
MMC2-07661	4	2025	BMC medicine	Gut microbiota links to cognitive impairment in bipolar disorder via modulating synaptic plasticity.	10.1186/s12916-025-04313-6		0	0				Infectious		Gut	Amplicon	China	reviewer_agrees	
MMC2-07662	4	2025	Journal of molecular medicine (Berlin, Germany)	Serum proteins and faecal microbiota as potential biomarkers in newly diagnosed, treatment-naïve inflammatory bowel disease and irritable bowel syndrome patients.	10.1007/s00109-025-02558-5		0	0				Gastrointestinal		Multiple	Amplicon	Croatia	pipeline	
MMC2-07663	4	2025	Journal of diabetes research	Acylated Ghrelin Mediates the Link Between Akkermansia Abundance and Insulin Resistance in Type 2 Diabetes.	10.1155/jdr/4051518		0	0				Metabolic		Multiple	Amplicon	China	pipeline	
MMC2-07665	4	2025	Frontiers in cellular and infection microbiology	Respiratory microbiota diversity and composition in recurrent protracted bacterial bronchitis: a cross-sectional study.	10.3389/fcimb.2025.1524116		0	0				Respiratory		Pulmonary	Amplicon	China	pipeline	
MMC2-07667	4	2025	Digestion	Effects of a Protease Inhibitor Camostat Mesilate on Gut Microbial Function in Patients with Irritable Bowel Syndrome: A Pilot Randomized Placebo-Controlled Study.	10.1159/000542758		0	0				Gastrointestinal		Gut	Amplicon	Japan	pipeline	
MMC2-07672	4	2025	European journal of pediatrics	Gut microbiome differences after vaginal birth in relation to rupture of membranes at term: a prospective longitudinal cohort study of twins.	10.1007/s00431-025-06336-w		0	0				Infectious		Multiple	Amplicon	Spain	pipeline	
MMC2-07673	4	2025	Age and ageing	Nut consumption, gut microbiota, and cognitive function: findings from a prospective study in older adults at risk of cognitive decline.	10.1093/ageing/afaf208		0	0				Metabolic		Gut	Amplicon	Spain	pipeline	
MMC2-07675	4	2025	Stroke	Infection in Childhood Arterial Ischemic Stroke: Metagenomic Next-Generation Sequencing Results of the VIPS II Study.	10.1161/STROKEAHA.124.050548		0	0				Respiratory		Multiple	Amplicon	United States	pipeline	
MMC2-07677	4	2025	Pathogens (Basel, Switzerland)	Clinical Features of Pulmonary Nocardiosis and Diagnostic Value of Metagenomic Next-Generation Sequencing: A Retrospective Study.	10.3390/pathogens14070656		0	0				Respiratory		Pulmonary	Amplicon	China	pipeline	
MMC2-07678	4	2025	Toxins	Associations Between Uraemic Toxins and Gut Microbiota in Adults Initiating Peritoneal Dialysis.	10.3390/toxins17070334		0	0				Metabolic		Gut	Amplicon	Australia	pipeline	
MMC2-07682	4	2025	Journal of translational medicine	IL-17A inhibitors modulate skin microbiome in psoriasis: implications for microbial homeostasis.	10.1186/s12967-025-06723-9		0	0				Infectious		Skin	Amplicon	China	pipeline	
MMC2-07684	4	2025	Medicine	Prediction of calcium oxalate kidney stones: A comprehensive analysis of clinical and gut microbiome characteristics.	10.1097/MD.0000000000043103		0	0				Infectious		Multiple	Amplicon	China	pipeline	
MMC2-07686	4	2025	Journal of medical microbiology	Association of gut microbiota with overweight/obesity combined with gestational diabetes mellitus.	10.1099/jmm.0.002010		0	0				Metabolic		Multiple	Amplicon	Singapore	reviewer_agrees	
MMC2-07692	4	2025	Psychological medicine	Multi-omics analyses of the gut microbiome, fecal metabolome, and multimodal brain MRI reveal the role of Alistipes and its related metabolites in major depressive disorder.	10.1017/S003329172510072X		0	0				Mental Health		Gut	Amplicon	China	pipeline	
MMC2-07694	4	2025	Genome medicine	The dynamics of the gut microbiota in prediabetes during a four-year follow-up among European patients-an IMI-DIRECT prospective study.	10.1186/s13073-025-01508-7		0	0				Metabolic		Multiple	Shotgun	United Kingdom	reviewer_agrees	
MMC2-07702	4	2025	Nutrition journal	Impact of supplementing Limosilactobacillus fermentum MN-LF23 on the eradication of Helicobacter pylori with 14-day standard quadruple therapy: a randomized, double-blind, placebo-controlled trial.	10.1186/s12937-025-01124-6		0	0				Gastrointestinal		Gut	Shotgun	China	pipeline	
MMC2-07704	4	2025	Translational psychiatry	Multi-kingdom microbial changes and their associations with the clinical characteristics in schizophrenia patients.	10.1038/s41398-025-03449-6		0	0				Mental Health		Gut	Shotgun	United States	pipeline	
MMC2-07705	4	2025	International forum of allergy & rhinology	Elexacaftor-Tezacaftor-Ivacaftor Improves Sinonasal Outcomes in Young Children With Cystic Fibrosis.	10.1002/alr.23555		0	0				Cancer		Nasal	Amplicon	United States	pipeline	
MMC2-07709	4	2025	BMC microbiology	The effect of Akkermansia in patients with pregnancy induced hypertension.	10.1186/s12866-025-04087-0		0	0				Cardiovascular		Multiple	Amplicon	China	pipeline	
MMC2-07712	4	2025	Journal of diabetes investigation	Association of the gut microbiota with type 2 diabetes: Links to disease and remission in the Japanese population.	10.1111/jdi.70061		0	0				Metabolic		Gut	Amplicon	Japan	pipeline	
MMC2-07714	4	2025	Nutrients	Modulation of Gut Microbiota by Whole Encapsulated Brown Seaweed (Himanthalia elongata) in Overweight Subjects: A Randomized Double-Blind Placebo-Controlled Trial.	10.3390/nu17122047		0	0				Metabolic		Gut	Amplicon	Spain	pipeline	
MMC2-07717	4	2025	Medicine	Correlations between serum cytokines and gut microbiota in patients with Graves' disease: A case-control study.	10.1097/MD.0000000000043000		0	0				Autoimmune		Multiple	Amplicon	China	pipeline	
MMC2-07718	4	2025	Frontiers in cellular and infection microbiology	Characteristics of metabolites analysis for patients with granulomatous lobular mastitis.	10.3389/fcimb.2025.1514315		0	0				Autoimmune		Gut	Amplicon	China	pipeline	
MMC2-07727	4	2025	Nutrients	The Gut Microbiota in Young Adults with High-Functioning Autism Spectrum Disorder and Its Performance as Diagnostic Biomarkers.	10.3390/nu17111748		0	0				Mental Health		Gut	Shotgun	Singapore	pipeline	
MMC2-07731	4	2025	Italian journal of pediatrics	Citrobacter and Acinetobacter are respectively involved in feeding intolerance in preterm infants of different gestational ages: a prospective case-control study.	10.1186/s13052-025-02034-3		0	0				Infectious		Gut	Amplicon	China	pipeline	
MMC2-07735	4	2025	EBioMedicine	The nasal microbiome modulates risk for SARS-CoV-2 infection.	10.1016/j.ebiom.2025.105660		0	0				Respiratory		Nasal	Amplicon	United States	reviewer_agrees	
MMC2-07736	4	2025	BMC oral health	Construction of an early childhood caries risk prediction model based on the oral microbiome: a nested case‒control study.	10.1186/s12903-025-06147-3		0	0				Oral		Oral	Amplicon	China	pipeline	
MMC2-07739	4	2025	Frontiers in cellular and infection microbiology	Gut microbiota dysbiosis and metabolic shifts in pediatric norovirus infection: a metagenomic study in Northeast China.	10.3389/fcimb.2025.1600470		0	0				Gastrointestinal		Gut	Shotgun	China	pipeline	
MMC2-07741	4	2025	European journal of medical research	Effects of beinaglutide on visceral fat area and gut microbiota in obesity.	10.1186/s40001-025-02585-5		0	0				Metabolic		Multiple	Amplicon	China	pipeline	
MMC2-07743	4	2025	BMC pregnancy and childbirth	Study on characteristics of gut flora composition of pregnant women with preeclampsia.	10.1186/s12884-025-07760-4		0	0				Reproductive		Gut	Amplicon	China	pipeline	
MMC2-07746	4	2025	Scientific reports	The influence of diet, saliva, and dental history on the oral microbiome in healthy, caries-free Australian adults.	10.1038/s41598-025-03455-0		0	0				Oral		Oral	Amplicon	Australia	pipeline	
MMC2-07747	4	2025	Scientific reports	The gut dysbiosis of mothers with gestational diabetes and its correlation with diet.	10.1038/s41598-025-03767-1		0	0				Metabolic		Gut	Amplicon	Iran	reviewer_agrees	
MMC2-07748	4	2025	Nutrients	Sex-Specific Associations of Gut Microbiota Composition with Sarcopenia Defined by the Asian Working Group for Sarcopenia 2019 Consensus in Older Outpatients: Prospective Cross-Sectional Study in Japa	10.3390/nu17101746		0	0				Healthy		Gut	Both	Japan	pipeline	
MMC2-07749	4	2025	Frontiers in cellular and infection microbiology	Unveiling the role of the upper respiratory tract microbiome in susceptibility and severity to COVID-19.	10.3389/fcimb.2025.1531084		0	0				Respiratory		Pulmonary	Amplicon	Brazil	pipeline	
MMC2-07753	4	2025	Frontiers in cellular and infection microbiology	Microbiota profiling from biopsied tissues in complex infections: a diagnostic and prognostic analysis through metagenomic next-generation sequencing.	10.3389/fcimb.2025.1567981		0	0				Infectious		Pulmonary	Amplicon	China	pipeline	
MMC2-07756	4	2025	International journal of chronic obstructive pulmonary disease	Sputum Microbiome, Potentially Pathogenic Organisms, and Clinical Outcomes in Japanese Patients with COPD and Moderate Airflow Limitation: The Prospective AERIS-J Study.	10.2147/COPD.S481406		0	0				Respiratory		Multiple	Amplicon	United Kingdom	pipeline	
MMC2-07757	4	2025	Renal failure	Immune-microbiota dysregulation in maintenance hemodialysis: a 16S rRNA sequencing-based analysis of gut flora and T cell profiles.	10.1080/0886022X.2025.2498630		0	0				Infectious		Gut	Amplicon	China	pipeline	
MMC2-07759	4	2025	Molecular neurobiology	Alterations in Gut Microbiome Composition and Increased Inflammatory Markers in Post-COVID-19 Individuals.	10.1007/s12035-025-04769-w		0	0				Respiratory		Gut	Amplicon	United States	pipeline	
MMC2-07761	4	2025	PloS one	Analysis of alterations in the composition of the intestinal microbiota in frail older individuals.	10.1371/journal.pone.0320918		0	0				Infectious		Gut	Amplicon	China	pipeline	
MMC2-07762	4	2025	Pediatric obesity	Gut microbiota and microbial metabolites are associated with body composition in 5-year-old children: A cross-sectional study in the Gen3G cohort.	10.1111/ijpo.70007		0	0				Healthy		Gut	Amplicon	United States	pipeline	
MMC2-07769	4	2025	BMC medicine	Circulating linoleic acid and its interplay with gut microbiota during pregnancy for gestational diabetes mellitus.	10.1186/s12916-025-04061-7		0	0				Metabolic		Multiple	Both	United States	pipeline	
MMC2-07772	4	2025	Medicine	Characterization of the gut microbiome in Alzheimer disease and mild cognitive impairment among older adults in Uganda: A case-control study.	10.1097/MD.0000000000042100		0	0				Neurodegenerative		Gut	Amplicon	United States	pipeline	
MMC2-07773	4	2025	Pediatric research	Severe anemia in preterm infants associated with increased bacterial virulence potential and metabolic disequilibrium.	10.1038/s41390-024-03669-4		0	0				Gastrointestinal		Gut	Amplicon	United States	pipeline	
MMC2-07774	4	2025	International dental journal	Effect of Stimulated Salivary Volume on Dysbiosis of the Salivary Microbiome in Children and Young Adults.	10.1016/j.identj.2025.03.015		0	0				Healthy		Oral	Amplicon	Japan	pipeline	
MMC2-07775	4	2025	Nutrition journal	The link between ultra-processed food consumption, fecal microbiota, and metabolomic profiles in older mediterranean adults at high cardiovascular risk.	10.1186/s12937-025-01125-5		0	0				Healthy		Gut	Amplicon	United States	pipeline	
MMC2-07777	4	2025	The Journal of infectious diseases	Healthy Aging and the Gut Microbiome in People With and Without HIV.	10.1093/infdis/jiae644		0	0				STI		Gut	Amplicon	United States	pipeline	
MMC2-07784	4	2023	Surgical endoscopy	A single, peri-operative antibiotic can persistently alter the post-operative gut microbiome after Roux-en-Y gastric bypass.	10.1007/s00464-022-09387-4		0	0				Cardiovascular		Multiple	Both	United States	pipeline	
MMC2-07785	4	2025	Clinical gastroenterology and hepatology : the official clinical practice journal           of the American Gastroenterological Association	After Surgically Induced Remission, Ileal and Colonic Mucosa-Associated Microbiota Predicts Crohn's Disease Recurrence.	10.1016/j.cgh.2024.06.022		0	0				Gastrointestinal		Gut	Amplicon	United States	pipeline	
MMC2-07787	4	2025	The Journal of allergy and clinical immunology	The relationship between the early-life gastrointestinal microbiome and childhood nocturnal cough.	10.1016/j.jaci.2025.01.006		0	0				Respiratory		Gut	Amplicon	United States	pipeline	
MMC2-07788	4	2024	Journal of the American Heart Association	Alterations in the Salivary Microbiome and Metabolism in Patients With Carotid Atherosclerosis from Rural Northeast China.	10.1161/JAHA.123.034014		0	0				Metabolic		Oral	Amplicon	China	pipeline	
MMC2-07791	4	2025	Nutrients	Effects of Maternal Pre-Pregnancy BMI on Preterm Infant Microbiome and Fecal Fermentation Profile-A Preliminary Cohort Study.	10.3390/nu17060987		0	0				Metabolic		Gut	Amplicon	United States	pipeline	
MMC2-07793	4	2025	Nutrients	Effects of Supplementation with Microalgae Extract from Tetradesmus obliquus Strain Mi175.B1.a on Gastrointestinal Symptoms and Mental Health in Healthy Adults: A Pilot Randomized, Double-Blind, Place	10.3390/nu17060960		0	0				Gastrointestinal		Multiple	Amplicon	United States	pipeline	
MMC2-07794	4	2025	BMC infectious diseases	Diagnostic value of metagenomic next-generation sequencing combined by medical thoracoscopy surgery among infectious pleural effusion patients.	10.1186/s12879-025-10806-9		0	0				Respiratory		Pulmonary	Amplicon	China	pipeline	
MMC2-07795	4	2024	Journal of the American Heart Association	Gut Dysbiosis in Patients With Fontan Circulation.	10.1161/JAHA.124.034538		0	0				Cardiovascular		Gut	Amplicon	Japan	pipeline	
MMC2-07796	4	2025	Journal of affective disorders	Oral microbiota among treatment-naïve adolescents with depression: A case-control study.	10.1016/j.jad.2025.01.089		0	0				Mental Health		Oral	Amplicon	United States	pipeline	
MMC2-07797	4	2025	Journal of medical Internet research	Risk Stratification in Immunoglobulin A Nephropathy Using Network Biomarkers: Development and Validation Study.	10.2196/65563		0	0				Renal		Gut	Amplicon	China	pipeline	
MMC2-07798	4	2025	BMC pediatrics	Gut microbiota signatures in food allergy children without and with malnutrition: a cross-sectional study.	10.1186/s12887-025-05578-9		0	0				Metabolic		Gut	Amplicon	China	pipeline	
MMC2-07799	4	2025	Digestive diseases and sciences	Elevated Fecal Lipocalin-2 Levels During Early Life Are Associated with Maternal Inflammatory Bowel Disease Diagnosis.	10.1007/s10620-025-08864-9		0	0				Gastrointestinal		Gut	Amplicon	United States	pipeline	
MMC2-07800	4	2021	Zhonghua shao shang za zhi = Zhonghua shaoshang zazhi = Chinese journal of burns	[Prospective study on the analysis of intestinal microflora changes and prediction on metabolic function in severe burn patients at early stage by 16S ribosomal RNA high-throughput sequencing].	10.3760/cma.j.cn501120-20200916-00414		0	0				Healthy		Gut	Amplicon	China	pipeline	
MMC2-07801	4	2025	Clinical oral investigations	Anti-inflammatory and antimicrobial efficacy of coconut oil for periodontal pathogens: a triple-blind randomized clinical trial.	10.1007/s00784-025-06267-8		0	0				Cancer		Oral	Amplicon	United States	pipeline	
MMC2-07806	4	2025	Nutrients	Breastfeeding Shapes the Gut Microbiota and Its Structure Is Associated with Weight Gain Trajectories in Mexican Infants.	10.3390/nu17050826		0	0				Metabolic		Multiple	Amplicon	Mexico	pipeline	
MMC2-07807	4	2024	American journal of physiology. Heart and circulatory physiology	Biomarkers of intestinal permeability are associated with inflammation in metabolically healthy obesity but not normal-weight obesity.	10.1152/ajpheart.00381.2024		0	0				Metabolic		Gut	Amplicon	United States	pipeline	
MMC2-07808	4	2025	Actas espanolas de psiquiatria	Impact of 16S rRNA on Intestinal Flora Alterations and Early Diagnosis in Early Alzheimer's Disease Patients.	10.62641/aep.v53i2.1682		0	0				Neurodegenerative		Gut	Amplicon	China	pipeline	
MMC2-07809	4	2024	The Kaohsiung journal of medical sciences	Exploring the diagnostic potential of immunoglobulin A-microbiota interplay in liver cirrhosis and spontaneous bacterial peritonitis.	10.1002/kjm2.12876		0	0				Liver		Gut	Amplicon	China	pipeline	
MMC2-07810	4	2025	Aging	Exploring the role of acylated ghrelin and gut microbiome in delineating cognitive health in the elderly.	10.18632/aging.206200		0	0				Neurodegenerative		Gut	Amplicon	India	pipeline	
MMC2-07813	4	2025	Pediatric nephrology (Berlin, Germany)	Fecal microbiome composition in neonates with or without urinary tract infection.	10.1007/s00467-024-06612-1		0	0				Infectious		Multiple	Amplicon	Israel	pipeline	
MMC2-07814	4	2025	Neurogenetics	Investigating the gut microbiome in schizophrenia cases versus controls: South Africa's version.	10.1007/s10048-025-00816-9		0	0				Mental Health		Gut	Amplicon	South Africa	pipeline	
MMC2-07817	4	2025	Inflammatory bowel diseases	Why Symptoms Linger in Quiescent Crohn's Disease: Investigating the Impact of Sulfidogenic Microbes and Sulfur Metabolic Pathways.	10.1093/ibd/izae238		0	0				Gastrointestinal		Gut	Shotgun	United States	pipeline	
MMC2-07819	4	2024	Frontiers in cellular and infection microbiology	Trajectory of gut microbiota before and after pediatric cardiopulmonary bypass surgery.	10.3389/fcimb.2024.1470925		0	0				Infectious		Gut	Amplicon	China	pipeline	
MMC2-07822	4	2025	International journal of molecular sciences	Different Gut Microbiome Profiles in Patients with Transthyretin Amyloidosis with and Without Cardiac Involvement.	10.3390/ijms26041689		0	0				Cardiovascular		Gut	Amplicon	Brazil	pipeline	
MMC2-07824	4	2025	Gut microbes	Gut microbiome changes with micronutrient supplementation in children with attention-deficit/hyperactivity disorder: the MADDY study.	10.1080/19490976.2025.2463570		0	0				Healthy		Gut	Amplicon	United States	pipeline	
MMC2-07826	4	2025	Hepatology communications	Safety and efficacy of a defined bacterial consortium, VE303, to treat HE.	10.1097/HC9.0000000000000650		0	0				Healthy		Gut	Shotgun	United States	pipeline	
MMC2-07828	4	2025	Indian journal of ophthalmology	Gut and intraocular fluid dysbiosis in people with type 2 diabetes-related retinopathy in India: A case for further research.	10.4103/IJO.IJO_966_24		0	0				Metabolic		Gut	Amplicon	India	pipeline	
MMC2-07837	4	2025	International dental journal	Association of Adult Atopic Dermatitis with Impaired Oral Health and Oral Dysbiosis: A Case-Control Study.	10.1016/j.identj.2024.10.003		0	0				Skin		Oral	Amplicon	Israel	pipeline	
MMC2-07839	4	2025	Saudi journal of gastroenterology : official journal of the Saudi           Gastroenterology Association	Bacterial dysbiosis in newly diagnosed treatment naïve pediatric ulcerative colitis in Saudi Arabia.	10.4103/sjg.sjg_66_24		0	0				Gastrointestinal		Gut	Shotgun	Saudi Arabia	pipeline	
MMC2-07840	4	2025	Saudi journal of gastroenterology : official journal of the Saudi           Gastroenterology Association	Gut fungal profile in new onset treatment-naïve ulcerative colitis in Saudi children.	10.4103/sjg.sjg_221_24		0	0				Gastrointestinal		Gut	Shotgun	Saudi Arabia	pipeline	
MMC2-07842	4	2025	The Journal of international medical research	Gut microbial profiles of patients with optic neuritis or myasthenia gravis.	10.1177/03000605251314817		0	0				Healthy		Gut	Amplicon	China	pipeline	
MMC2-07846	4	2025	Medicine	Efficacy of toothpaste containing OPTIMEALTH® OR in inhibiting dental plaque and gingivitis: A randomized controlled trial.	10.1097/MD.0000000000041225		0	0				Oral		Oral	Amplicon	China	pipeline	
MMC2-07852	4	2025	BMJ open	Sex hormone-dependent host-microbiome interactions and cardiovascular risk (XCVD): design of a longitudinal multi-omics cohort study.	10.1136/bmjopen-2024-087982		0	0				Cardiovascular		Gut	Both	Germany	pipeline	
MMC2-07856	4	2024	Frontiers in cellular and infection microbiology	Gut microbial composition associated with risk of premature aging in women with Yin-deficiency constitution.	10.3389/fcimb.2024.1500959		0	0				Healthy		Gut	Amplicon	China	pipeline	
MMC2-07857	4	2024	The Science of the total environment	The potential mediating role of the gut microbiome and metabolites in the association between PFAS and kidney function in young adults: A proof-of-concept study.	10.1016/j.scitotenv.2024.176519		0	0				Renal		Multiple	Amplicon	United States	pipeline	
MMC2-07860	4	2024	Nutrients	Sex Differences in Gut Microbiota and Their Relation to Arterial Stiffness (MIVAS Study).	10.3390/nu17010053		0	0				Cardiovascular		Gut	Amplicon	Spain	pipeline	
MMC2-07864	4	2025	PloS one	The gut microbiota-SCFA-inflammation axis in patients with AECOPD.	10.1371/journal.pone.0312606		0	0				Respiratory		Gut	Amplicon	China	pipeline	
MMC2-07866	4	2025	BJOG : an international journal of obstetrics and gynaecology	Oral, Vaginal, and Stool Microbial Signatures in Patients With Endometriosis as Potential Diagnostic Non-Invasive Biomarkers: A Prospective Cohort Study.	10.1111/1471-0528.17979		0	0				Reproductive		Multiple	Amplicon	Australia	pipeline	
MMC2-07867	4	2025	Scientific reports	Association between gut microbiota and short-chain fatty acids in children with obesity.	10.1038/s41598-024-84207-4		0	0				Metabolic		Multiple	Shotgun	China	pipeline	
MMC2-07871	4	2024	Nutrition journal	Indole derivatives and their associated microbial genera are associated with the 1-year changes in cardiometabolic risk markers in Chinese adults.	10.1186/s12937-024-01067-4		0	0				Healthy		Multiple	Amplicon	China	pipeline	
MMC2-07877	4	2024	Medicine	Analysis of lung microbiota in pediatric pneumonia patients using BALF metagenomic next-generation sequencing: A retrospective observational study.	10.1097/MD.0000000000040860		0	0				Respiratory		Pulmonary	Amplicon	China	pipeline	
MMC2-07879	4	2024	Allergy	Infantile colic is associated with development of later constipation and atopic disorders.	10.1111/all.16274		0	0				Respiratory		Gut	Amplicon	Denmark	pipeline	
MMC2-07883	4	2024	Nutrients	Sex-Dependent Gut Microbiota Features and Functional Signatures in Metabolic Disfunction-Associated Steatotic Liver Disease.	10.3390/nu16234198		0	0				Metabolic		Gut	Amplicon	Spain	pipeline	
MMC2-07885	4	2024	International journal of molecular sciences	Metagenomic Analysis of the Buccal Microbiome by Nanopore Sequencing Reveals Structural Differences in the Microbiome of a Patient with Molar Incisor Hypomineralization (MIH) Compared to a Healthy Chi	10.3390/ijms252313143		0	0				Respiratory		Oral	Amplicon	United Kingdom	pipeline	
MMC2-07895	4	2024	Journal of pediatric gastroenterology and nutrition	Impact of acid blocker therapy on growth, gut microbiome, and lung disease in young children with cystic fibrosis.	10.1002/jpn3.12389		0	0				Respiratory		Multiple	Amplicon	United States	pipeline	
MMC2-07898	4	2024	Journal of translational medicine	Diagnostic potential of salivary microbiota in persistent pulmonary nodules: identifying biomarkers and functional pathways using 16S rRNA sequencing and machine learning.	10.1186/s12967-024-05802-7		0	0				Healthy	yes	Multiple	Amplicon	China	reviewer_agrees	
MMC2-07899	4	2024	The American journal of clinical nutrition	The Impact of Milk on Gut Permeability, Fecal 16S rRNA Gene Microbiota Profiling, and Fecal Metabolomics in Children with Moderate Malnutrition in Sierra Leone: A Double-Blind, Randomized Controlled T	10.1016/j.ajcnut.2024.09.018		0	0				Metabolic		Multiple	Amplicon	United States	pipeline	
MMC2-07900	4	2024	Clinical and translational gastroenterology	Liraglutide and Colesevelam Change Serum and Fecal Bile Acid Levels in a Randomized Trial With Patients With Bile Acid Diarrhea.	10.14309/ctg.0000000000000772		0	0				Gastrointestinal		Multiple	Amplicon	Denmark	pipeline	
MMC2-07901	4	2024	Medicine	Gut microbiota and short-chain fatty acids signatures in postmenopausal osteoporosis patients: A retrospective study.	10.1097/MD.0000000000040554		0	0				Reproductive		Gut	Amplicon	China	pipeline	
MMC2-07903	4	2024	Journal of ovarian research	Gut microbiota and gut-derived metabolites are altered and associated with dietary intake in women with polycystic ovary syndrome.	10.1186/s13048-024-01550-w		0	0				Reproductive		Multiple	Amplicon	Sweden	reviewer_agrees	
MMC2-07907	4	2024	BMC research notes	Faecal sample storage without ethanol for up to 24 h followed by freezing performs better than storage with ethanol for shotgun metagenomic microbiome analysis in patients with inflammatory and non-in	10.1186/s13104-024-06999-y		0	0				Gastrointestinal		Gut	Shotgun	Denmark	pipeline	
MMC2-07910	4	2024	Journal of otolaryngology - head & neck surgery = Le Journal           d'oto-rhino-laryngologie et de chirurgie cervico-faciale	Alterations of Gut Microbiome Composition and Function Pre- and Post-Adenotonsillectomy in Children with Obstructive Sleep Apnea.	10.1177/19160216241293070		0	0				Metabolic		Gut	Amplicon	China	pipeline	
MMC2-07911	4	2024	Scientific reports	Faecal microbiota composition and impulsivity in a cohort of older adults with metabolic syndrome.	10.1038/s41598-024-78527-8		0	0				Metabolic		Gut	Amplicon	Netherlands	pipeline	
MMC2-07912	4	2024	Frontiers in immunology	Probiotics combined with prebiotics alleviated seasonal allergic rhinitis by altering the composition and metabolic function of intestinal microbiota: a prospective, randomized, double-blind, placebo-	10.3389/fimmu.2024.1439830		0	0				Respiratory		Multiple	Amplicon	China	pipeline	
MMC2-07917	4	2024	Nutrients	The Effectiveness of Heat-Killed Pediococcus acidilactici K15 in Preventing Respiratory Tract Infections in Preterm Infants: A Pilot Double-Blind, Randomized, Placebo-Controlled Study.	10.3390/nu16213635		0	0				Respiratory		Multiple	Amplicon	Japan	pipeline	
MMC2-07918	4	2024	Scientific reports	Pregnancy during COVID 19 pandemic associated with differential gut microbiome composition as compared to pre-pandemic.	10.1038/s41598-024-77560-x		0	0				Respiratory		Gut	Amplicon	United States	pipeline	
MMC2-07922	4	2024	Surgical endoscopy	Short-term gut microbiota's shift after laparoscopic Roux-en-Y vs one anastomosis gastric bypass: results of a multicenter randomized control trial.	10.1007/s00464-024-11154-6		0	0				Metabolic		Multiple	Amplicon	Italy	pipeline	
MMC2-07923	4	2024	Journal of innate immunity	Impact of Extreme Prematurity, Chorioamnionitis, and Sepsis on Neonatal Monocyte Characteristics and Functions.	10.1159/000541468		0	0				Infectious		Multiple	Amplicon	Sweden	pipeline	
MMC2-07925	4	2024	Toxins	Effects of Propolis Supplementation on Gut Microbiota and Uremic Toxin Profiles of Patients Undergoing Hemodialysis.	10.3390/toxins16100416		0	0				Renal		Multiple	Amplicon	Sweden	pipeline	
MMC2-07932	4	2024	Clinical and translational gastroenterology	Metagenomics Analysis Reveals Unique Gut Microbiota Signature of Slow-Transit Constipation.	10.14309/ctg.0000000000000766		0	0				Gastrointestinal		Gut	Shotgun	United States	pipeline	
MMC2-07933	4	2024	Hepatology communications	Association of gut microbiota and gut metabolites and adverse outcomes in biliary atresia: A longitudinal prospective study.	10.1097/HC9.0000000000000550		0	0				Liver		Multiple	Amplicon	United Kingdom	pipeline	
MMC2-07938	4	2024	PLoS neglected tropical diseases	Gut-microbiome profiles among Soil-transmitted helminths (STHs) infected Ethiopian children enrolled in the school-based mass deworming program.	10.1371/journal.pntd.0012485		0	0				Infectious		Gut	Amplicon	United States	pipeline	
MMC2-07943	4	2024	Scientific reports	Examining the complex Interplay between gut microbiota abundance and short-chain fatty acid production in amyotrophic lateral sclerosis patients shortly after onset of disease.	10.1038/s41598-024-75083-z		0	0				Infectious		Gut	Amplicon	Spain	pipeline	
MMC2-07949	4	2024	Lupus	Gut microbiome composition and intestinal immunity in antiphospholipid syndrome patients versus healthy controls.	10.1177/09612033241274515		0	0				Autoimmune		Gut	Shotgun	Netherlands	pipeline	
MMC2-07950	4	2024	Journal of health, population, and nutrition	Gut flora reflects potential risk factors for cognitive dysfunction in patients with epilepsy.	10.1186/s41043-024-00639-8		0	0				Neurodegenerative		Gut	Amplicon	China	pipeline	
MMC2-07953	4	2024	Journal of psychiatry & neuroscience : JPN	Interaction of the gut microbiota and brain functional connectivity in late-life depression.	10.1503/jpn.240050		0	0				Mental Health		Gut	Amplicon	China	pipeline	
MMC2-07955	4	2024	Diabetologia	Gut microbiome shifts in people with type 1 diabetes are associated with glycaemic control: an INNODIA study.	10.1007/s00125-024-06192-7		0	0				Metabolic		Gut	Shotgun	United States	pipeline	
MMC2-07956	4	2024	Annals of clinical microbiology and antimicrobials	Retrospective clinical and microbiologic analysis of metagenomic next-generation sequencing in the microbiological diagnosis of cutaneous infectious granulomas.	10.1186/s12941-024-00744-w		0	0				Respiratory		Skin	Amplicon	China	pipeline	
MMC2-07957	4	2024	Journal of translational medicine	The gut microbiota modifies antibody durability and booster responses after SARS-CoV-2 vaccination.	10.1186/s12967-024-05637-2		0	0				Respiratory		Gut	Both	South Korea	pipeline	
MMC2-07960	4	2024	BMC infectious diseases	The clinical application value of multi-site mNGS detection of patients with sepsis in intensive care units.	10.1186/s12879-024-09822-y		0	0				Respiratory		Other	Amplicon	China	pipeline	
MMC2-07961	4	2024	BMC medicine	Effects of fructan and gluten on gut microbiota in individuals with self-reported non-celiac gluten/wheat sensitivity-a randomised controlled crossover trial.	10.1186/s12916-024-03562-1		0	0				Gastrointestinal		Gut	Amplicon	Norway	pipeline	
MMC2-07964	4	2024	BMJ open gastroenterology	Associations of gut microbiota features and circulating metabolites with systemic inflammation in children.	10.1136/bmjgast-2024-001470		0	0				Cancer		Gut	Amplicon	United States	pipeline	
MMC2-07965	4	2024	Scientific reports	Characterization of gut microbiota in the Uyghur osteopenia population.	10.1038/s41598-024-71077-z		0	0				Infectious		Gut	Amplicon	China	pipeline	
MMC2-07967	4	2024	Nutrients	Gut Microbiome Is Related to Cognitive Impairment in Peritoneal Dialysis Patients.	10.3390/nu16162659		0	0				Gastrointestinal		Gut	Amplicon	Mexico	pipeline	
MMC2-07968	4	2024	International journal of molecular sciences	Genetic Patterns of Oral Cavity Microbiome in Patients with Sickle Cell Disease.	10.3390/ijms25168570		0	0				Healthy		Oral	Amplicon	Saudi Arabia	pipeline	
MMC2-07969	4	2024	Gut microbes	Examination of sex-specific interactions between gut microbiota and host metabolism after 12-week combined polyphenol supplementation in individuals with overweight or obesity.	10.1080/19490976.2024.2392875		0	0				Metabolic		Gut	Amplicon	Netherlands	pipeline	
MMC2-07970	4	2024	Renal failure	Characteristics and function of the gut microbiota in patients with IgA nephropathy via metagenomic sequencing technology.	10.1080/0886022X.2024.2393754		0	0				Renal		Gut	Shotgun	China	pipeline	
MMC2-07971	4	2024	World journal of gastroenterology	Alterations in the gut microbiome after transjugular intrahepatic portosystemic shunt in patients with hepatitis B virus-related portal hypertension.	10.3748/wjg.v30.i31.3668		0	0				Liver		Gut	Amplicon	China	pipeline	
MMC2-07973	4	2024	Biomedical journal	Intestinal microbiota analysis of different Blastocystis subtypes and Blastocystis-negative individuals in Taiwan.	10.1016/j.bj.2023.100661		0	0				Infectious		Gut	Amplicon	China	pipeline	
MMC2-07974	4	2024	Gut microbes	Limited predictive value of the gut microbiome and metabolome for response to biological therapy in inflammatory bowel disease.	10.1080/19490976.2024.2391505		0	0				Gastrointestinal		Gut	Shotgun	Netherlands	pipeline	
MMC2-07977	4	2024	Scientific reports	Oral microbiota diversity in moderate to severe plaque psoriasis, nail psoriasis and psoriatic arthritis.	10.1038/s41598-024-69132-w		0	0				Skin		Oral	Amplicon	China	pipeline	
MMC2-07978	4	2024	Frontiers in cellular and infection microbiology	Role of gut microbiota and metabolomics in the lipid-lowering efficacy of statins among Chinese patients with coronary heart disease and hypercholesterolemia.	10.3389/fcimb.2024.1408581		0	0				Metabolic		Multiple	Amplicon	China	pipeline	
MMC2-07980	4	2024	Lipids in health and disease	Silymarin decreases liver stiffness associated with gut microbiota in patients with metabolic dysfunction-associated steatotic liver disease: a randomized, double-blind, placebo-controlled trial.	10.1186/s12944-024-02220-y		0	0				Liver		Multiple	Amplicon	China	pipeline	
MMC2-07986	4	2024	Cellular and molecular gastroenterology and hepatology	Surgery for Crohn's Disease Is Associated With a Dysbiotic Microbiome and Metabolome: Results From Two Prospective Cohorts.	10.1016/j.jcmgh.2024.05.005		0	0				Gastrointestinal		Multiple	Shotgun	United States	pipeline	
MMC2-07988	4	2024	Biomolecules	Gut Microbiome Dysbiosis in Patients with Pemphigus and Correlation with Pathogenic Autoantibodies.	10.3390/biom14070880		0	0				Infectious		Gut	Amplicon	China	pipeline	
MMC2-07989	4	2024	Scientific reports	Assessment of salivary microbiota profile as a potential diagnostic tool for pediatric celiac disease.	10.1038/s41598-024-67677-4		0	0				Gastrointestinal		Oral	Amplicon	Italy	pipeline	
MMC2-07993	4	2024	Turkish journal of medical sciences	Is gut microbiota of patients with ALS different from that of healthy individuals?	10.55730/1300-0144.5825		0	0				Neurodegenerative		Gut	Amplicon	Turkey	pipeline	
MMC2-07994	4	2024	BMC pediatrics	Gut microbiota and metabolic changes in children with idiopathic short stature.	10.1186/s12887-024-04944-3		0	0				Healthy		Gut	Shotgun	China	pipeline	
MMC2-07996	4	2024	BMJ open diabetes research & care	Plasma sphingolipids mediate the association between gut microbiome composition and type 2 diabetes risk in the HELIUS cohort: a case-cohort study.	10.1136/bmjdrc-2024-004180		0	0				Metabolic		Multiple	Amplicon	Netherlands	pipeline	
MMC2-07997	4	2024	Medicine	Gut microbiota-melatonin signaling axis in acute pancreatitis: Revealing the impact of gut health on pancreatic inflammation and disease severity in a case-control study.	10.1097/MD.0000000000038689		0	0				Healthy		Multiple	Amplicon	China	pipeline	
MMC2-08000	4	2024	BMC pulmonary medicine	Metagenomic next-generation sequencing promotes diagnosis and treatment of Pneumocystis jirovecii pneumonia in non-HIV infected children: a retrospective study.	10.1186/s12890-024-03135-1		0	0				Respiratory		Pulmonary	Amplicon	China	pipeline	
MMC2-08004	4	2024	World journal of gastroenterology	Helicobacter pylori infection alters gastric microbiota structure and biological functions in patients with gastric ulcer or duodenal ulcer.	10.3748/wjg.v30.i24.3076		0	0				Gastrointestinal		Multiple	Shotgun	China	pipeline	
MMC2-08007	4	2024	PloS one	Perturbations in gut microbiota composition in schizophrenia.	10.1371/journal.pone.0306582	PRJNA1077638; PRJNA1077648	0	0				Infectious		Gut	Both	China	t4_reviewer_accepts_proposal	
MMC2-08017	4	2024	International journal of molecular sciences	Integrated Analysis of Microbiome and Metabolome Reveals Disease-Specific Profiles in Inflammatory Bowel Diseases and Intestinal Behçet's Disease.	10.3390/ijms25126697		0	0				Gastrointestinal		Gut	Amplicon	South Korea	pipeline	
MMC2-08022	4	2024	Scientific reports	Identifying gut microbiota with high specificity for ischemic stroke with large vessel occlusion.	10.1038/s41598-024-64819-6		0	0				Cardiovascular		Gut	Amplicon	China	pipeline	
MMC2-08026	4	2024	Acta obstetricia et gynecologica Scandinavica	Comparative analysis of endometrial, vaginal, and gut microbiota in patients with and without adenomyosis.	10.1111/aogs.14847		0	0				Healthy		Multiple	Amplicon	Spain	pipeline	
MMC2-08028	4	2024	The Journal of allergy and clinical immunology	Early-life nasal microbiota dynamics relate to longitudinal respiratory phenotypes in urban children.	10.1016/j.jaci.2023.12.032		0	0				Respiratory		Multiple	Amplicon	United States	reviewer_agrees	
MMC2-08031	4	2024	Brazilian journal of microbiology : [publication of the Brazilian Society for           Microbiology]	Adjunctive efficacy of Bifidobacterium animalis subsp. lactis XLTG11 for functional constipation in children.	10.1007/s42770-024-01276-3		0	0				Gastrointestinal		Gut	Amplicon	United States	pipeline	
MMC2-08035	4	2022	Medicine	Gut microbiota differences between psoriatic arthritis and other undifferentiated arthritis: A pilot study.	10.1097/MD.0000000000029870		0	0				Reproductive		Gut	Amplicon	China	pipeline	
MMC2-08036	4	2024	Alzheimer disease and associated disorders	Gut Microbiome Changes in Patients With Idiopathic Normal Pressure Hydrocephalus.	10.1097/WAD.0000000000000613		0	0				Infectious		Gut	Amplicon	Finland	pipeline	
MMC2-08039	4	2024	Nutrients	Exploring the Association between Anxiety, Depression, and Gut Microbiota during Pregnancy: Findings from a Pregnancy Cohort Study in Shijiazhuang, Hebei Province, China.	10.3390/nu16101460		0	0				Mental Health		Gut	Shotgun	China	pipeline	
MMC2-08041	4	2024	International journal of molecular sciences	Investigating Distinct Skin Microbial Communities and Skin Metabolome Profiles in Atopic Dermatitis.	10.3390/ijms25105211		0	0				Skin		Skin	Both	South Korea	pipeline	
MMC2-08048	4	2024	European journal of clinical nutrition	Intestinal microbiota composition of children with glycogen storage Type I patients.	10.1038/s41430-024-01412-0		0	0				Healthy		Gut	Amplicon	Turkey	pipeline	
MMC2-08052	4	2024	Cell	Gut microbiome and metabolome profiling in Framingham heart study reveals cholesterol-metabolizing bacteria.	10.1016/j.cell.2024.03.014		0	0				Healthy		Multiple	Amplicon	United States	pipeline	
MMC2-08053	4	2024	BMC psychiatry	Gut microbiota and inflammatory factor characteristics in major depressive disorder patients with anorexia.	10.1186/s12888-024-05778-0		0	0				Mental Health		Gut	Amplicon	China	pipeline	
MMC2-08056	4	2024	The journal of prevention of Alzheimer's disease	Education as Risk Factor of Mild Cognitive Impairment: The Link to the Gut Microbiome.	10.14283/jpad.2024.19		0	0				Neurodegenerative		Gut	Amplicon	Luxembourg	pipeline	
MMC2-08057	4	2024	World journal of gastroenterology	Association between childhood obesity and gut microbiota: 16S rRNA gene sequencing-based cohort study.	10.3748/wjg.v30.i16.2249		0	0				Metabolic		Gut	Amplicon	China	pipeline	
MMC2-08060	4	2024	Nutrients	Effects of Gluten on Gut Microbiota in Patients with Gastrointestinal Disorders, Migraine, and Dermatitis.	10.3390/nu16081228		0	0				Skin		Gut	Amplicon	Spain	pipeline	
MMC2-08062	4	2024	International journal of molecular sciences	Exploring the Role of Gut Microbiota in Patients with Alopecia Areata.	10.3390/ijms25084256		0	0				Skin		Gut	Amplicon	South Korea	pipeline	
MMC2-08066	4	2024	Frontiers in cellular and infection microbiology	Illumina and Nanopore sequencing in culture-negative samples from suspected lower respiratory tract infection patients.	10.3389/fcimb.2024.1230650		0	0				Respiratory		Pulmonary	Shotgun	China	pipeline	
MMC2-08073	4	2024	Journal of diabetes	Microbial and metabolomic profiles of type 1 diabetes with depression: A case-control study.	10.1111/1753-0407.13542		0	0				Metabolic		Gut	Amplicon	China	pipeline	
MMC2-08080	4	2024	Orthopaedic surgery	Gut Microbiota Alterations in Adolescent Idiopathic Scoliosis Are Associated with Aberrant Bone Homeostasis.	10.1111/os.14019		0	0				Infectious		Multiple	Amplicon	China	pipeline	
MMC2-08082	4	2024	BMC pregnancy and childbirth	Imbalance of gut microbiota in gestational diabetes.	10.1186/s12884-024-06423-0		0	0				Metabolic		Gut	Amplicon	China	pipeline	
MMC2-08086	4	2024	Scientific reports	Diet, lifestyle and gut microbiota composition among Malaysian women with gestational diabetes mellitus: a prospective cohort study.	10.1038/s41598-024-57627-5		0	0				Metabolic		Gut	Amplicon	Malaysia	pipeline	
MMC2-08091	4	2023	Journal of clinical periodontology	Subgingival microbial diversity and respiratory decline: A cross-sectional study.	10.1111/jcpe.13819		0	0				Oral		Oral	Amplicon	United Kingdom	pipeline	
MMC2-08092	4	2023	Journal of human nutrition and dietetics : the official journal of the British           Dietetic Association	Associations of HIV and iron status with gut microbiota composition, gut inflammation and gut integrity in South African school-age children: a two-way factorial case-control study.	10.1111/jhn.13171		0	0				STI		Gut	Amplicon	Switzerland	pipeline	
MMC2-08094	4	2024	Nutrients	A Randomized, Double-Blind, Placebo-Controlled Trial: Efficacy of Opuntia ficus-indica Prebiotic Supplementation in Subjects with Gut Dysbiosis.	10.3390/nu16050586		0	0				Infectious		Gut	Amplicon	Slovenia	pipeline	
MMC2-08095	4	2023	Zhong nan da xue xue bao. Yi xue ban = Journal of Central South University.           Medical sciences	Characteristics of intestinal flora in patients with cerebral infarction complicated with Type 2 diabetes mellitus.	10.11817/j.issn.1672-7347.2023.220558		0	0				Metabolic		Gut	Shotgun	China	pipeline	
MMC2-08107	4	2024	Journal of Crohn's & colitis	Outcomes Following Acute Severe Colitis at Initial Presentation: A Multi-centre, Prospective, Paediatric Cohort Study.	10.1093/ecco-jcc/jjad143		0	0				Gastrointestinal		Gut	Amplicon	Canada	pipeline	
MMC2-08115	4	2024	Transplantation and cellular therapy	Acute Steroid-Refractory Gastrointestinal Graft-Versus-Host Disease Is Not Associated With Significant Differences in Gut Taxonomic Composition Compared to Steroid-Sensitive Gastrointestinal Graft-Ver	10.1016/j.jtct.2023.11.006		0	0				Infectious		Gut	Shotgun	United States	pipeline	
MMC2-08116	4	2024	Gut microbes	Gut microbiota-derived trimethylamine N-Oxide: a novel target for the treatment of preeclampsia.	10.1080/19490976.2024.2311888		0	0				Reproductive		Gut	Amplicon	China	pipeline	
MMC2-08118	4	2024	Annals of clinical and translational neurology	A cross-sectional study of MRI features and the gut microbiome in pediatric-onset multiple sclerosis.	10.1002/acn3.51970		0	0				Infectious		Gut	Amplicon	United States	pipeline	
MMC2-08125	4	2024	Menopause (New York, N.Y.)	The menopause-related gut microbiome: associations with metabolomics, inflammatory protein markers, and cardiometabolic health in women with HIV.	10.1097/GME.0000000000002287		0	0				STI		Multiple	Shotgun	United States	pipeline	
MMC2-08133	4	2024	BMC oral health	Can medication-related osteonecrosis of the jaw be attributed to specific microorganisms through oral microbiota analyses? A preliminary study.	10.1186/s12903-024-03945-z		0	0				Infectious		Oral	Amplicon	South Korea	pipeline	
MMC2-08135	4	2024	JAMA psychiatry	Associations of the Gut Microbiome With Treatment Resistance in Schizophrenia.	10.1001/jamapsychiatry.2023.5371		0	0				Gastrointestinal		Gut	Shotgun	Australia	pipeline	
MMC2-08136	4	2023	Frontiers in cellular and infection microbiology	Cytokine and microbiota profiles in obesity-related hypertension patients.	10.3389/fcimb.2023.1325261		0	0				Metabolic		Multiple	Amplicon	Mexico	pipeline	
MMC2-08139	4	2024	Thyroid : official journal of the American Thyroid Association	Comparative Analysis of Taxonomic and Functional Gut Microbiota Profiles in Relation to Seroconversion of Thyroid Peroxidase Antibodies in Euthyroid Participants.	10.1089/thy.2023.0346		0	0				Autoimmune		Multiple	Amplicon	United States	pipeline	
MMC2-08140	4	2024	International journal of molecular sciences	Correlation between Inflammasomes and Microbiota in Peri-Implantitis.	10.3390/ijms25020961		0	0				Oral		Oral	Amplicon	Spain	pipeline	
MMC2-08144	4	2024	Journal of translational medicine	The gut microbiota participates in the effect of linaclotide in patients with irritable bowel syndrome with constipation (IBS-C): a multicenter, prospective, pre-post study.	10.1186/s12967-024-04898-1		0	0				Gastrointestinal		Gut	Amplicon	China	pipeline	
MMC2-08152	4	2024	Scientific reports	HMGB1 mediates microbiome-immune axis dysregulation underlying reduced neutralization capacity in obesity-related post-acute sequelae of SARS-CoV-2.	10.1038/s41598-023-50027-1		0	0				Respiratory		Multiple	Both	United States	pipeline	
MMC2-08153	4	2023	Turkish journal of medical sciences	Unraveling the impact of primary immunodeficiency disorders on the microbiota of dental caries in children through 16S rRNA gene-based metagenomic analysis.	10.55730/1300-0144.5719		0	0				Oral		Oral	Amplicon	Turkey	pipeline	
MMC2-08155	4	2023	RMD open	Gut-joint axis in knee synovitis: gut fungal dysbiosis and altered fungi-bacteria correlation network identified in a community-based study.	10.1136/rmdopen-2023-003529		0	0				Healthy		Gut	Both	United States	pipeline	
MMC2-08169	4	2023	Medicine	Effect of oral probiotics on clinical efficacy and intestinal flora in elderly severe pneumonia patients.	10.1097/MD.0000000000036320		0	0				Respiratory		Multiple	Amplicon	China	pipeline	
MMC2-08174	4	2023	Hepatology (Baltimore, Md.)	An integrated analysis of fecal microbiome and metabolomic features distinguish non-cirrhotic NASH from healthy control populations.	10.1097/HEP.0000000000000474		0	0				Healthy		Multiple	Shotgun	United States	pipeline	
MMC2-08175	4	2023	Journal of Crohn's & colitis	Influence of Early Life Factors, including breast milk Composition, on the Microbiome of Infants Born to Mothers with and without Inflammatory Bowel Disease.	10.1093/ecco-jcc/jjad096		0	0				Cancer		Multiple	Amplicon	United States	pipeline	
MMC2-08176	4	2023	International journal of molecular sciences	Gut Microbiome-Estrobolome Profile in Reproductive-Age Women with Endometriosis.	10.3390/ijms242216301		0	0				Reproductive		Multiple	Amplicon	China	pipeline	
MMC2-08178	4	2023	Scientific reports	Characterization of gut microbiome composition in Iranian patients with nonalcoholic fatty liver disease and nonalcoholic steatohepatitis.	10.1038/s41598-023-47905-z		0	0				Liver		Gut	Amplicon	Iran	pipeline	
MMC2-08182	4	2023	Journal of Crohn's & colitis	A Mediterranean Diet Pattern Improves Intestinal Inflammation Concomitant with Reshaping of the Bacteriome in Ulcerative Colitis: A Randomised Controlled Trial.	10.1093/ecco-jcc/jjad073		0	0				Gastrointestinal		Gut	Amplicon	United States	pipeline	
MMC2-08183	4	2023	Parasites & vectors	Effects of Lactiplantibacillus plantarum and Lacticaseibacillus paracasei supplementation on the single-cell fecal parasitome in children with celiac disease autoimmunity: a randomized, double-blind p	10.1186/s13071-023-06027-1		0	0				Gastrointestinal		Gut	Amplicon	Sweden	pipeline	
MMC2-08192	4	2023	Medicine	Nasal microbes in allergic rhinitis children with or without sublingual immunotherapy.	10.1097/MD.0000000000035711		0	0				Respiratory		Nasal	Amplicon	China	pipeline	
MMC2-08200	4	2023	Scientific reports	Longitudinal change of gut microbiota in hypertensive disorders in pregnancy: a nested case-control and Mendelian randomization study.	10.1038/s41598-023-43780-w		0	0				Reproductive		Gut	Amplicon	China	pipeline	
MMC2-08202	4	2023	PloS one	Not simply a matter of parents-Infants' sleep-wake patterns are associated with their regularity of eating.	10.1371/journal.pone.0291441		0	0				Healthy		Gut	Amplicon	United States	pipeline	
MMC2-08206	4	2023	Allergy	Early infancy dysbiosis in food protein-induced enterocolitis syndrome: A prospective cohort study.	10.1111/all.15644		0	0				Gastrointestinal		Gut	Amplicon	United States	pipeline	
MMC2-08214	4	2023	Polish journal of microbiology	The Impacts of Fecal Microbiota Transplantation from Same Sex on the Symptoms of Ulcerative Colitis Patients.	10.33073/pjm-2023-025		0	0				Gastrointestinal		Gut	Amplicon	China	pipeline	
MMC2-08215	4	2023	BMC infectious diseases	Analysis of the dynamic changes in gut microbiota in patients with different severity in sepsis.	10.1186/s12879-023-08608-y		0	0				Infectious		Gut	Amplicon	China	pipeline	
MMC2-08228	4	2023	Gut microbes	Linking serum vitamin D levels with gut microbiota after 1-year lifestyle intervention with Mediterranean diet in patients with obesity and metabolic syndrome: a nested cross-sectional and prospective	10.1080/19490976.2023.2249150		0	0				Metabolic		Multiple	Amplicon	Spain	pipeline	
MMC2-08229	4	2023	Gut microbes	Gut microbiome diversity, variability, and latent community types compared with shifts in body weight during the freshman year of college in dormitory-housed adolescents.	10.1080/19490976.2023.2250482		0	0				Metabolic		Gut	Amplicon	United States	pipeline	
MMC2-08230	4	2023	Gut microbes	Carbohydrate quality, fecal microbiota and cardiometabolic health in older adults: a cohort study.	10.1080/19490976.2023.2246185		0	0				Healthy		Gut	Amplicon	United States	pipeline	
MMC2-08239	4	2023	PLoS neglected tropical diseases	Chagas disease is related to structural changes of the gut microbiota in adults with chronic infection (TRIPOBIOME Study).	10.1371/journal.pntd.0011490		0	0				Infectious		Gut	Shotgun	Spain	pipeline	
MMC2-08243	4	2023	Clinical and translational gastroenterology	Diet, Gut Microbiome, and Their End Metabolites Associate With Acute Pancreatitis Risk.	10.14309/ctg.0000000000000597		0	0				Healthy		Multiple	Amplicon	United States	pipeline	
MMC2-08249	4	2023	Nutrients	Role of Gut Microbiota in Overweight Susceptibility in an Adult Population in Italy.	10.3390/nu15132834		0	0				Metabolic		Gut	Amplicon	Italy	pipeline	
MMC2-08250	4	2023	Scientific reports	The effect of single dose albendazole (400 mg) treatment on the human gut microbiome of hookworm-infected Ghanaian individuals.	10.1038/s41598-023-38376-3		0	0				Infectious		Gut	Amplicon	United States	pipeline	
MMC2-08255	4	2023	Journal of traditional Chinese medicine = Chung i tsa chih ying wen pan	Effects of Shenlian formula on microbiota and inflammatory cytokines in adults with type 2 diabetes: a double-blind randomized clinical trial.	10.19852/j.cnki.jtcm.20230608.003		0	0				Metabolic		Multiple	Amplicon	China	pipeline	
MMC2-08257	4	2023	Journal of translational medicine	Alterations of gut microbiota are associated with blood pressure: a cross-sectional clinical trial in Northwestern China.	10.1186/s12967-023-04176-6		0	0				Cardiovascular		Multiple	Both	China	pipeline	
MMC2-08259	4	2023	Clinical and translational gastroenterology	Dietary Calcium and Risk of Microscopic Colitis.	10.14309/ctg.0000000000000569		0	0				Gastrointestinal		Gut	Amplicon	United States	pipeline	
MMC2-08261	4	2023	EBioMedicine	Infant gut microbiota and environment associate with juvenile idiopathic arthritis many years prior to disease onset, especially in genetically vulnerable children.	10.1016/j.ebiom.2023.104654		0	0				Metabolic		Gut	Amplicon	United States	pipeline	
MMC2-08265	4	2023	The Journal of allergy and clinical immunology	Environmental and genetic associations with aberrant early-life gut microbial maturation in childhood asthma.	10.1016/j.jaci.2023.01.006		0	0				Respiratory		Gut	Amplicon	United States	pipeline	
MMC2-08274	4	2023	The Journal of nutrition	Gut Microbes and Circulating Cytokines in Preterm Infants with Growth Failure.	10.1016/j.tjnut.2022.10.005		0	0				Infectious		Multiple	Amplicon	United States	pipeline	
MMC2-08279	4	2023	Hypertension (Dallas, Tex. : 1979)	Sex Differences in Association Between Gut Microbiome and Essential Hypertension Based on Ambulatory Blood Pressure Monitoring.	10.1161/HYPERTENSIONAHA.122.20752		0	0				Liver		Multiple	Shotgun	China	pipeline	
MMC2-08302	4	2023	Omics : a journal of integrative biology	Oral Microbiome, Mental Health, and Sleep Outcomes During the COVID-19 Pandemic: An Observational Study in Chinese and Korean American Immigrants.	10.1089/omi.2022.0182		0	0				Respiratory		Oral	Amplicon	United States	pipeline	
MMC2-08306	4	2023	The Journal of allergy and clinical immunology	The gut microbiome is a significant risk factor for future chronic lung disease.	10.1016/j.jaci.2022.12.810		0	0				Respiratory		Multiple	Shotgun	United States	pipeline	
MMC2-08310	4	2023	Annals of hematology	Gut microbiome alterations in patients with COVID-19-related coagulopathy.	10.1007/s00277-023-05186-6		0	0				Respiratory		Gut	Shotgun	Germany	pipeline	
MMC2-08311	4	2022	Colorectal disease : the official journal of the Association of Coloproctology of           Great Britain and Ireland	Distinct changes in the colonic microbiome associated with acute diverticulitis.	10.1111/codi.16271		0	0				Gastrointestinal		Gut	Amplicon	New Zealand	pipeline	
MMC2-08319	4	2023	Arthritis research & therapy	Gut dysbiosis is associated with aortic aneurysm formation and progression in Takayasu arteritis.	10.1186/s13075-023-03031-9		0	0				Autoimmune		Multiple	Amplicon	Japan	pipeline	
MMC2-08320	4	2023	BMC gastroenterology	Eubiotic effect of rifaximin is associated with decreasing abdominal pain in symptomatic uncomplicated diverticular disease: results from an observational cohort study.	10.1186/s12876-023-02690-x		0	0				Gastrointestinal		Gut	Amplicon	Russia	pipeline	
MMC2-08325	4	2023	BMC microbiology	Gut microbiota characteristics of Mongolian and Han populations in anti-tuberculosis drug-induced liver injury: a population-based case-control study.	10.1186/s12866-023-02801-4		0	0				Respiratory		Gut	Amplicon	China	pipeline	
MMC2-08327	4	2023	Gut microbes	Association of the gut microbiome with kidney function and damage in the Hispanic Community Health Study/Study of Latinos (HCHS/SOL).	10.1080/19490976.2023.2186685		0	0				Metabolic		Multiple	Shotgun	United States	pipeline	
MMC2-08328	4	2023	European journal of medical research	Predictive value of gut microbiota in long-term blood pressure control: a cross-sectional study.	10.1186/s40001-022-00944-0		0	0				Cardiovascular		Multiple	Amplicon	China	pipeline	
MMC2-08335	4	2021	Journal of gastrointestinal and liver diseases : JGLD	Lack of association of the esophageal microbiome in adults with eosinophilic esophagitis compared with non-EoE controls.	10.15403/jgld-3049		0	0				Gastrointestinal		Other	Amplicon		pipeline	
MMC2-08340	4	2023	Gut	Role of adherent and invasive Escherichia coli in Crohn's disease: lessons from the postoperative recurrence model.	10.1136/gutjnl-2021-325971		0	0				Gastrointestinal		Gut	Amplicon		reviewer_agrees	
MMC2-08439	4	2024	Tuberculosis (Edinburgh, Scotland)	Altered intestinal microbiota and fecal metabolites in patients with latent and active pulmonary tuberculosis.	10.1016/j.tube.2024.102577		0	0				Respiratory		Multiple	Amplicon	China	pipeline	
MMC2-08440	4	2024	The European respiratory journal	The longitudinal microbial and metabolic landscape of infant cystic fibrosis: the gut-lung axis.	10.1183/13993003.02290-2023		0	0				Respiratory		Multiple	Both	Australia	pipeline	
MMC2-08444	4	2025	The Journal of infectious diseases	Fecal and Sputum Microbiota and Treatment Response in Patients With Mycobacterium abscessus Pulmonary Disease.	10.1093/infdis/jiae542		0	0				Respiratory		Multiple	Amplicon	South Korea	pipeline	
MMC2-08445	4	2024	Clinical rheumatology	Characteristics of the oral microbiota in patients with primary Sjögren's syndrome.	10.1007/s10067-024-06958-9		0	0				Oral		Oral	Amplicon	China	pipeline	
MMC2-08453	4	2025	Respirology (Carlton, Vic.)	Sputum metagenomics reveals a multidrug resistant Pseudomonas-dominant severe asthma phenotype in an Asian population.	10.1111/resp.14863		0	0				Respiratory		Pulmonary	Both	Singapore	pipeline	
MMC2-08455	4	2025	Annals of human biology	Altered gut microbiota composition and feeding behaviours in children with Autism Spectrum Disorder: a comparative pilot study.	10.1080/03014460.2025.2535430		0	0				Infectious		Gut	Amplicon	France	pipeline	
MMC2-08456	4	2024	Oral diseases	Saliva and tongue microbiota in burning mouth syndrome: An exploratory study of potential roles.	10.1111/odi.14934		0	0				Healthy	yes	Oral	Amplicon	China	reviewer_agrees	
MMC2-08458	4	2024	World journal of urology	Differential oral and gut microbial structure related to systemic metabolism in kidney stone patients.	10.1007/s00345-023-04712-5		0	0				Healthy		Multiple	Amplicon	China	pipeline	
MMC2-08467	4	2024	The Turkish journal of pediatrics	Characterization of lingual microbiota in pediatric geographic tongue.	10.24953/turkjpediatr.2024.4638		0	0				Healthy		Oral	Amplicon	China	pipeline	
MMC2-08468	4	2025	Clinical pharmacology and therapeutics	Gut Microbiota in Patients with Tuberculosis Associated with Different Drug Exposures of Antituberculosis Drugs.	10.1002/cpt.3687		0	0				Respiratory		Gut	Amplicon	China	pipeline	
MMC2-08473	4	2019	The Journal of investigative dermatology	Inverse Association Between the Skin and Oral Microbiota in Atopic Dermatitis.	10.1016/j.jid.2019.02.009		0	0				Skin		Multiple	Amplicon	China	reviewer_agrees	
MMC2-08488	4	2025	Helicobacter	The Systemic Impact of Helicobacter pylori Infection on the Microbiome of Whole Digestive Tract Based on Mucosal, Gastric Juice, and Fecal Specimens.	10.1111/hel.70047		0	0				Infectious		Multiple	Amplicon	China	pipeline	
MMC2-08490	4	2017	The European respiratory journal	Concordance between upper and lower airway microbiota in infants with cystic fibrosis.	10.1183/13993003.02235-2016		0	0				Respiratory		Multiple	Amplicon	Netherlands	pipeline	
MMC2-08494	4	2025	Revista Argentina de microbiologia	Microbial diversity investigation using 16S metagenomics in Tunisian patients with systemic lupus erythematosus.	10.1016/j.ram.2025.04.002		0	0				Infectious		Gut	Amplicon	Tunisia	pipeline	
MMC2-08496	4	2025	Journal of affective disorders	A shotgun metagenomic study identified short-chain fatty acid-producing species and their functions in the gut microbiome of adults with depressive symptoms: Large-scale shotgun sequencing data of the	10.1016/j.jad.2025.01.149		0	0				Mental Health		Gut	Shotgun	South Korea	pipeline	
MMC2-08497	4	2019	Digestive and liver disease : official journal of the Italian Society of           Gastroenterology and the Italian Association for the Study of the Liver	Gut mucosal-associated microbiota better discloses inflammatory bowel disease differential patterns than faecal microbiota.	10.1016/j.dld.2018.11.021		0	0				Gastrointestinal		Gut	Amplicon	Italy	pipeline	
MMC2-08498	4	2025	Digestion	Metagenomics Study Suggests the Role of Vitamins and Gut Microbiome in Autism Spectrum Disorder.	10.1159/000545483		0	0				Mental Health		Multiple	Amplicon	Iran	pipeline	
MMC2-08502	4	2020	Scandinavian journal of immunology	Faecal microbial dysbiosis in children with Wiskott-Aldrich syndrome.	10.1111/sji.12805		0	0				Gastrointestinal		Gut	Amplicon	China	pipeline	
MMC2-08509	4	2017	Microbiology and immunology	Effects of lactoferrin and lactoperoxidase-containing food on the oral microbiota of older individuals.	10.1111/1348-0421.12537		0	0				Infectious		Oral	Amplicon	Japan	pipeline	
MMC2-08510	4	2019	Journal of autoimmunity	Shared gut, but distinct oral microbiota composition in primary Sjögren's syndrome and systemic lupus erythematosus.	10.1016/j.jaut.2018.10.009		0	0				Autoimmune		Multiple	Amplicon	Netherlands	pipeline	
MMC2-08511	4	2020	Journal of pediatric surgery	A comparison of small bowel and fecal microbiota in children with short bowel syndrome.	10.1016/j.jpedsurg.2020.01.032		0	0				Gastrointestinal		Gut	Amplicon	United States	pipeline	
MMC2-08514	4	2016	European journal of clinical microbiology & infectious diseases : official           publication of the European Society of Clinical Microbiology	Microbiome diversity in the sputum of patients with pulmonary tuberculosis.	10.1007/s10096-016-2654-4		0	0				Respiratory		Pulmonary	Amplicon	India	pipeline	
MMC2-08516	4	2025	Rheumatology (Oxford, England)	16s RNA-based metagenomics reveal previously unreported gut microbiota associated with reactive arthritis and undifferentiated peripheral spondyloarthritis.	10.1093/rheumatology/keae165		0	0				Respiratory		Gut	Amplicon	India	pipeline	
MMC2-08518	4	2025	Clinical rheumatology	Multi-omics characterization of gut microbiota and fecal and plasma metabolites in patients with primary Sjögren's syndrome.	10.1007/s10067-025-07642-2		0	0				Respiratory		Multiple	Shotgun	China	pipeline	
MMC2-08519	4	2023	Journal of periodontology	Assessing the effect of antihypertensives on plaque microbiota in patients with periodontitis and hypertension using 16S rRNA sequencing: A cross-sectional study.	10.1002/JPER.22-0204		0	0				Oral		Oral	Amplicon	South Korea	pipeline	
MMC2-08525	4	2017	Pediatric research	Association of the gut microbiota mobilome with hospital location and birth weight in preterm infants.	10.1038/pr.2017.146		0	0				Gastrointestinal		Gut	Both	United States	pipeline	
MMC2-08526	4	2015	The Journal of antimicrobial chemotherapy	Metagenomic analysis of the impact of nitrofurantoin treatment on the human faecal microbiota.	10.1093/jac/dkv062		0	0				Infectious		Gut	Amplicon	Switzerland	pipeline	
MMC2-08528	4	2018	European journal of clinical microbiology & infectious diseases : official           publication of the European Society of Clinical Microbiology	The nasopharyngeal microbiota in patients with viral respiratory tract infections is enriched in bacterial pathogens.	10.1007/s10096-018-3305-8		0	0				Respiratory		Multiple	Amplicon	France	pipeline	
MMC2-08529	4	2018	Brain, behavior, and immunity	Alteration of the fecal microbiota in Chinese patients with Parkinson's disease.	10.1016/j.bbi.2018.02.016		0	0				Gastrointestinal		Gut	Amplicon	China	pipeline	
MMC2-08537	4	2020	British journal of haematology	Pre- and post-serial metagenomic analysis of gut microbiota as a prognostic factor in patients undergoing haematopoietic stem cell transplantation.	10.1111/bjh.16205		0	0				Infectious		Gut	Amplicon	Japan	pipeline	
MMC2-08540	4	2025	Cardiovascular diabetology	Integrative oral and gut microbiome profiling highlights microbial correlates of complications in type 1 diabetes: a cross-sectional analysis.	10.1186/s12933-025-03012-z		0	0				Metabolic		Multiple	Shotgun	China	pipeline	
MMC2-08545	4	2019	The British journal of dermatology	Combined culture and metagenomic analyses reveal significant shifts in the composition of the cutaneous microbiome in psoriasis.	10.1111/bjd.17989		0	0				Skin		Skin	Amplicon	Israel	pipeline	
MMC2-08547	4	2019	Journal of digestive diseases	Correlation of diet, microbiota and metabolite networks in inflammatory bowel disease.	10.1111/1751-2980.12795		0	0				Gastrointestinal		Gut	Amplicon	China	pipeline	
MMC2-08550	4	2025	Ocular immunology and inflammation	Differential Composition and Structure of the Microbiota from Active and Inactive Stages of HLA-B27-associated Uveitis by Paired Fecal Metagenomes.	10.1080/09273948.2024.2346818		0	0				Ophthalmological		Gut	Amplicon	Mexico	pipeline	
MMC2-08552	4	2025	Psychoneuroendocrinology	Insulin resistance links dysbiosis of gut microbiota with cognitive impairment in first-episode drug-naïve schizophrenia.	10.1016/j.psyneuen.2024.107255		0	0				Metabolic		Gut	Amplicon	China	pipeline	
MMC2-08557	4	2018	Gut	Understanding the gut-kidney axis in nephrolithiasis: an analysis of the gut microbiota composition and functionality of stone formers.	10.1136/gutjnl-2017-315734		0	0				Renal		Gut	Both	Italy	pipeline	
MMC2-08565	4	2025	Molecular psychiatry	Metagenomic analysis characterizes stage-specific gut microbiota in Alzheimer's disease.	10.1038/s41380-025-02973-7		0	0				Neurodegenerative		Gut	Shotgun	China	pipeline	
MMC2-08571	4	2025	The Journal of clinical endocrinology and metabolism	Altered Microbiome Signature in Cushing's Syndrome Persists Beyond Remission.	10.1210/clinem/dgae887		0	0				Endocrine		Gut	Amplicon	Greece	pipeline	
MMC2-08575	4	2025	The Journal of infectious diseases	Distinct Gut Microbiota Signatures Associated With Progression of Atherosclerosis in People Living With Human Immunodeficiency Virus.	10.1093/infdis/jiae243		0	0				Cardiovascular		Multiple	Amplicon	Spain	pipeline	
MMC2-08576	4	2022	Letters in applied microbiology	The gut microbiota profile in psoriasis: a Brazilian case-control study.	10.1111/lam.13630		0	0				Skin		Gut	Amplicon	Brazil	pipeline	
MMC2-08577	4	2022	The British journal of dermatology	Patients with psoriasis have a dysbiotic taxonomic and functional gut microbiota.	10.1111/bjd.21245		0	0				Skin		Gut	Both	Denmark	pipeline	
MMC2-08590	4	2019	Clinical infectious diseases : an official publication of the Infectious Diseases           Society of America	Gut Dysbiosis With Bacilli Dominance and Accumulation of Fermentation Products Precedes Late-onset Sepsis in Preterm Infants.	10.1093/cid/ciy882		0	0				Gastrointestinal		Gut	Amplicon	Germany	pipeline	
MMC2-08595	4	2025	Med (New York, N.Y.)	Gut microbiome pattern impacts treatment response in primary biliary cholangitis.	10.1016/j.medj.2024.08.003		0	0				Liver		Multiple	Shotgun	United States	pipeline	
MMC2-08597	4	2019	Journal of breath research	Oral probiotics reduce halitosis in patients wearing orthodontic braces: a randomized, triple-blind, placebo-controlled trial.	10.1088/1752-7163/ab1c81		0	0				Oral		Oral	Amplicon	New Zealand	pipeline	
MMC2-08610	4	2015	Inflammatory bowel diseases	Metagenomic Analysis of Crohn's Disease Patients Identifies Changes in the Virome and Microbiome Related to Disease Status and Therapy, and Detects Potential Interactions and Biomarkers.	10.1097/MIB.0000000000000549		0	0				Gastrointestinal		Gut	Amplicon	Spain	pipeline	
MMC2-08611	4	2025	Journal of medical virology	Reduction of Bacteroides fragilis in Gut Microbiome of Chronic Hepatitis B Patients Promotes Liver Injury.	10.1002/jmv.70395		0	0				Liver		Gut	Shotgun	China	pipeline	
MMC2-08615	4	2023	Clinical oral investigations	Characteristics of oral microbiota and oral health in the patients treated with clear aligners: a prospective study.	10.1007/s00784-023-05281-y		0	0				Oral		Oral	Amplicon	China	pipeline	
MMC2-08622	4	2023	Acta neurologica Belgica	Altered gut microbiota in patients with idiopathic Parkinson's disease: an age-sex matched case-control study.	10.1007/s13760-023-02195-0		0	0				Neurodegenerative		Gut	Amplicon	Turkey	pipeline	
MMC2-08623	4	2024	Journal of stroke and cerebrovascular diseases : the official journal of National           Stroke Association	Gut Microbiome variation in patients with early-stage mild-to-moderate intracerebral hemorrhage: A pilot study exploring therapeutic targets.	10.1016/j.jstrokecerebrovasdis.2024.108001		0	0				Cardiovascular		Gut	Amplicon	China	pipeline	
MMC2-08628	4	2025	Journal of microbiology, immunology, and infection = Wei mian yu gan ran za zhi	Gut microbial signatures associated with uremic pruritus in hemodialysis patients.	10.1016/j.jmii.2025.03.010		0	0				Renal		Gut	Amplicon	China	pipeline	
MMC2-08629	4	2023	Journal of pediatric gastroenterology and nutrition	Gut Microbiota Dysbiosis in Suspected Food Protein Induced Proctocolitis-A Prospective Comparative Cohort Trial.	10.1097/MPG.0000000000003789		0	0				Gastrointestinal		Gut	Both	Austria	pipeline	
MMC2-08633	4	2014	Journal of cystic fibrosis : official journal of the European Cystic Fibrosis           Society	Improvement of digestive health and reduction in proteobacterial populations in the gut microbiota of cystic fibrosis patients using a Lactobacillus reuteri probiotic preparation: a double blind prosp	10.1016/j.jcf.2014.02.007		0	0				Respiratory		Gut	Amplicon	Spain	pipeline	
MMC2-08643	4	2021	Gastroenterology	Alterations in the Gut Virome in Obesity and Type 2 Diabetes Mellitus.	10.1053/j.gastro.2021.06.056		0	0				Metabolic		Gut	Shotgun	China	pipeline	
MMC2-08645	4	2019	Clinica chimica acta; international journal of clinical chemistry	Fecal microbiota in patients with ankylosing spondylitis: Correlation with dietary factors and disease activity.	10.1016/j.cca.2019.07.038		0	0				Infectious		Gut	Amplicon	China	pipeline	
MMC2-08646	4	2024	Clinical nutrition (Edinburgh, Scotland)	The gut microbiota in adults with chronic intestinal failure.	10.1016/j.clnu.2024.04.018		0	0				Gastrointestinal		Gut	Amplicon	Italy	pipeline	
MMC2-08648	4	2019	AIDS (London, England)	Distinct gut microbiota profile in antiretroviral therapy-treated perinatally HIV-infected patients associated with cardiac and inflammatory biomarkers.	10.1097/QAD.0000000000002131		0	0				STI		Multiple	Amplicon	Italy	pipeline	
MMC2-08649	4	2019	Digestion	An Open-Labeled Study on Fecal Microbiota Transfer in Irritable Bowel Syndrome Patients Reveals Improvement in Abdominal Pain Associated with the Relative Abundance of Akkermansia Muciniphila.	10.1159/000494252		0	0				Gastrointestinal		Gut	Amplicon	Switzerland	pipeline	
MMC2-08652	4	2021	International archives of allergy and immunology	The Gut Microbiome of Adults with Allergic Rhinitis Is Characterised by Reduced Diversity and an Altered Abundance of Key Microbial Taxa Compared to Controls.	10.1159/000510536		0	0				Respiratory		Multiple	Amplicon	Australia	pipeline	
MMC2-08655	4	2020	The Journal of pediatrics	Dysbiosis Signatures of Fecal Microbiota in South African Infants with Respiratory, Gastrointestinal, and Other Diseases.	10.1016/j.jpeds.2019.11.029		0	0				Healthy		Gut	Amplicon	South Africa	pipeline	
MMC2-08660	4	2024	Journal of renal nutrition : the official journal of the Council on Renal           Nutrition of the National Kidney Foundation	Longitudinal Pilot Evaluation of the Gut Microbiota Comparing Patients With and Without Chronic Kidney Disease.	10.1053/j.jrn.2024.01.003		0	0				Metabolic		Gut	Both	United States	pipeline	
MMC2-08671	4	2025	Experimental dermatology	Pharyngeal Microbiome in Atopic Dermatitis: A 16S rRNA Sequencing Study.	10.1111/exd.70031		0	0				Skin		Gut	Amplicon	China	reviewer_agrees	
MMC2-08677	4	2018	Pediatric pulmonology	Aerodigestive dysbiosis in children with chronic cough.	10.1002/ppul.24115		0	0				Respiratory		Pulmonary	Amplicon	United States	pipeline	
MMC2-08686	4	2019	Oral diseases	Oral microbiomes in children with asthma and dental caries.	10.1111/odi.13020		0	0				Respiratory		Oral	Amplicon	Russia	pipeline	
MMC2-08687	4	2021	Gastroenterology	Healthy Cotwins Share Gut Microbiome Signatures With Their Inflammatory Bowel Disease Twins and Unrelated Patients.	10.1053/j.gastro.2021.01.030		0	0				Gastrointestinal		Gut	Shotgun	Netherlands	pipeline	
MMC2-08692	4	2025	Journal of dermatological science	Landscapes of gut microbiome and metabolic signatures in vitiligo patients with co-morbid emotional distress.	10.1016/j.jdermsci.2025.04.011		0	0				Infectious		Gut	Amplicon	China	pipeline	
MMC2-08693	4	2022	Clinical oral investigations	Characterization of salivary microbiota in elderly patients with type 2 diabetes mellitus: a matched case-control study.	10.1007/s00784-021-04027-y		0	0				Metabolic		Oral	Amplicon	Singapore	pipeline	
MMC2-08695	4	2018	Scandinavian journal of gastroenterology	Early fecal microbiota composition in children who later develop celiac disease and associated autoimmunity.	10.1080/00365521.2018.1444788		0	0				Gastrointestinal		Gut	Amplicon	Finland	pipeline	
MMC2-08696	4	2019	Journal of endocrinological investigation	Alterations in the intestinal microbiota of patients with severe and active Graves' orbitopathy: a cross-sectional study.	10.1007/s40618-019-1010-9		0	0				Autoimmune		Gut	Amplicon	China	pipeline	
MMC2-08704	4	2018	Journal of Alzheimer's disease : JAD	Gut Microbiota is Altered in Patients with Alzheimer's Disease.	10.3233/JAD-180176		0	0				Neurodegenerative		Gut	Amplicon	China	pipeline	
MMC2-08706	4	2016	Journal of psychiatric research	Transferring the blues: Depression-associated gut microbiota induces neurobehavioural changes in the rat.	10.1016/j.jpsychires.2016.07.019		0	0				Mental Health		Multiple	Amplicon	Ireland	pipeline	
MMC2-08707	4	2016	European journal of clinical microbiology & infectious diseases : official           publication of the European Society of Clinical Microbiology	Faecal microbiome in new-onset juvenile idiopathic arthritis.	10.1007/s10096-015-2548-x		0	0				Metabolic		Gut	Amplicon	Finland	pipeline	
MMC2-08714	4	2019	The British journal of dermatology	Gut microbiota dysbiosis in a cohort of patients with psoriasis.	10.1111/bjd.17931		0	0				Skin		Multiple	Amplicon	Spain	pipeline	
MMC2-08715	4	2021	Journal of genetics and genomics = Yi chuan xue bao	Characteristic dysbiosis in gout and the impact of a uric acid-lowering treatment, febuxostat on the gut microbiota.	10.1016/j.jgg.2021.06.009		0	0				Healthy		Gut	Both	China	pipeline	
MMC2-08721	4	2019	Beneficial microbes	Probiotic or synbiotic alters the gut microbiota and metabolism in a randomised controlled trial of weight management in overweight adults.	10.3920/BM2018.0028		0	0				Metabolic		Multiple	Amplicon	United States	pipeline	
MMC2-08723	4	2018	Journal of Crohn's & colitis	Characteristics of Faecal Microbiota in Paediatric Crohn's Disease and Their Dynamic Changes During Infliximab Therapy.	10.1093/ecco-jcc/jjx153		0	0				Gastrointestinal		Gut	Amplicon	France	pipeline	
MMC2-08727	4	2016	Annals of the American Thoracic Society	Reemergence of Lower-Airway Microbiota in Lung Transplant Patients with Cystic Fibrosis.	10.1513/AnnalsATS.201606-431OC		0	0				Respiratory		Pulmonary	Amplicon		pipeline	
MMC2-08737	4	2020	Archives of oral biology	Dysbiosis of oral microbiota is associated with systemic lupus erythematosus.	10.1016/j.archoralbio.2020.104708		0	0				Autoimmune		Multiple	Amplicon	China	pipeline	
MMC2-08738	4	2019	International journal of obesity (2005)	Salt in stools is associated with obesity, gut halophilic microbiota and Akkermansia muciniphila depletion in humans.	10.1038/s41366-018-0201-3		0	0				Metabolic		Gut	Amplicon	Senegal	pipeline	
MMC2-08741	4	2025	Minerva cardiology and angiology	Gut microbiota diversity and composition in patients with atherosclerosis analyzed using full-length 16S rRNA gene sequencing.	10.23736/S2724-5683.24.06591-8		0	0				Cardiovascular		Gut	Amplicon	China	pipeline	
MMC2-08744	4	2022	Journal of Alzheimer's disease : JAD	The Oral and Fecal Microbiota in a Canadian Cohort of Alzheimer's Disease.	10.3233/JAD-215520		0	0				Oral		Multiple	Amplicon	Canada	pipeline	
MMC2-08746	4	2021	The Journal of rheumatology	Fecal Microbiota in Untreated Children With Juvenile Idiopathic Arthritis: A Comparison With Healthy Children and Healthy Siblings.	10.3899/jrheum.200551		0	0				Healthy		Gut	Amplicon	Sweden	pipeline	
MMC2-08749	4	2019	Oral diseases	Diversity of the oral microbiome between dentate and edentulous individuals.	10.1111/odi.13039		0	0				Oral		Oral	Amplicon	United States	pipeline	
MMC2-08765	4	2024	Biological research for nursing	Gut Microbiota and Symptom Expression and Severity in Neonatal Abstinence Syndrome.	10.1177/10998004241242102		0	0				Infectious		Gut	Amplicon	United States	pipeline	
MMC2-08768	4	2021	Clinical microbiology and infection : the official publication of the European           Society of Clinical Microbiology and Infectious Diseases	Comparison of the gut microbiota of short-term and long-term medical workers and non-medical controls: a cross-sectional analysis.	10.1016/j.cmi.2020.10.033	PRJEB28135	0	0				Infectious		Gut	Amplicon	China	t4_reviewer_accepts_proposal	
MMC2-08769	4	2015	Clinical microbiology and infection : the official publication of the European           Society of Clinical Microbiology and Infectious Diseases	Collateral damage from oral ciprofloxacin versus nitrofurantoin in outpatients with urinary tract infections: a culture-free analysis of gut microbiota.	10.1016/j.cmi.2014.11.016		0	0				Infectious		Multiple	Amplicon	Switzerland	pipeline	
MMC2-08774	4	2024	African journal of reproductive health	Comparative study of breast and intestinal microecology in lactating women with and without mastitis.	10.29063/ajrh2024/v28i12.11		0	0				Healthy		Gut	Amplicon	China	pipeline	
MMC2-08776	4	2025	Dermatitis : contact, atopic, occupational, drug	Compositional and Functional Profile of Gut Microbiota in a Cohort of Adult Spanish Patients with Atopic Dermatitis Using Metagenomics: A Cross-Sectional Study.	10.1089/derm.2024.0536		0	0				Skin		Gut	Amplicon	Spain	pipeline	
MMC2-08778	4	2018	Urolithiasis	16S rRNA gene sequencing reveals altered composition of gut microbiota in individuals with kidney stones.	10.1007/s00240-018-1037-y		0	0				Infectious		Gut	Amplicon	China	pipeline	
MMC2-08779	4	2016	Respiration; international review of thoracic diseases	The Importance of Obligate Anaerobes and the Streptococcus anginosus Group in Pulmonary Abscess: A Clone Library Analysis Using Bronchoalveolar Lavage Fluid.	10.1159/000447976		0	0				Infectious		Pulmonary	Amplicon	Japan	pipeline	
MMC2-08780	4	2017	Gastroenterology	Identification of an Intestinal Microbiota Signature Associated With Severity of Irritable Bowel Syndrome.	10.1053/j.gastro.2016.09.049		0	0				Gastrointestinal		Gut	Amplicon	Sweden	pipeline	
MMC2-08783	4	2025	Journal of pediatric gastroenterology and nutrition	Aberrant microbiota signatures precede symptom development in infantile colic.	10.1002/jpn3.70101		0	0				Healthy		Gut	Amplicon	Netherlands	pipeline	
MMC2-08786	4	2017	Clinical infectious diseases : an official publication of the Infectious Diseases           Society of America	The Microbiological Landscape of Anaerobic Infections in Hidradenitis Suppurativa: A Prospective Metagenomic Study.	10.1093/cid/cix285		0	0				Infectious		Skin	Amplicon	France	pipeline	
MMC2-08787	4	2020	Journal of autoimmunity	Metagenomic profiling of the pro-inflammatory gut microbiota in ankylosing spondylitis.	10.1016/j.jaut.2019.102360		0	0				Autoimmune		Gut	Shotgun	China	pipeline	
MMC2-08794	4	2019	Journal of gastroenterology	Gut microbiota dysbiosis worsens the severity of acute pancreatitis in patients and mice.	10.1007/s00535-018-1529-0		0	0				Infectious		Gut	Amplicon	United States	pipeline	
MMC2-08797	4	2023	Journal of medical virology	SARS-CoV-2 infection alters the gut microbiome in diabetes patients: A cross-sectional study from Bangladesh.	10.1002/jmv.28691		0	0				Respiratory		Gut	Amplicon	Bangladesh	pipeline	
MMC2-08798	4	2023	European journal of obstetrics, gynecology, and reproductive biology	The urinary, vaginal and gut microbiota in women with genital lichen sclerosus - A case-control study.	10.1016/j.ejogrb.2023.08.004		0	0				Autoimmune		Multiple	Amplicon	Denmark	pipeline	
MMC2-08802	4	2019	Osteoporosis international : a journal established as result of cooperation           between the European Foundation for Osteoporosis and the National Osteoporosis            Foundation of the USA	Gut microbiota composition and bone mineral loss-epidemiologic evidence from individuals in Wuhan, China.	10.1007/s00198-019-04855-5		0	0				Endocrine		Gut	Amplicon	China	pipeline	
MMC2-08805	4	2018	Schizophrenia research	Analysis of gut microbiota diversity and auxiliary diagnosis as a biomarker in patients with schizophrenia: A cross-sectional study.	10.1016/j.schres.2018.01.002		0	0				Infectious		Gut	Amplicon	China	pipeline	
MMC2-08807	4	2023	European journal of pharmacology	Effects of long-term regular oral aspirin combined with atorvastatin to prevent ischemic stroke on human gut microbiota.	10.1016/j.ejphar.2023.175800		0	0				Cardiovascular		Multiple	Amplicon	China	pipeline	
MMC2-08808	4	2024	Journal of clinical periodontology	Oral microbiota of patients with phenylketonuria: A nation-based cross-sectional study.	10.1111/jcpe.13998		0	0				Oral		Oral	Amplicon	Germany	pipeline	
MMC2-08815	4	2019	Journal of medical microbiology	Oral microbial dysbiosis in patients with Kostmann syndrome.	10.1099/jmm.0.000964		0	0				Oral		Oral	Amplicon	Turkey	pipeline	
MMC2-08817	4	2021	Gut	Metagenomics analysis of gut microbiota in response to diet intervention and gestational diabetes in overweight and obese women: a randomised, double-blind, placebo-controlled clinical trial.	10.1136/gutjnl-2020-321643		0	0				Metabolic		Gut	Amplicon	Finland	pipeline	
MMC2-08819	4	2017	Nature medicine	Metformin alters the gut microbiome of individuals with treatment-naive type 2 diabetes, contributing to the therapeutic effects of the drug.	10.1038/nm.4345		0	0				Metabolic		Gut	Amplicon	Sweden	pipeline	
MMC2-08820	4	2020	Psychiatry research	Analysis of the diversity of intestinal microbiome and its potential value as a biomarker in patients with schizophrenia: A cohort study.	10.1016/j.psychres.2020.113260		0	0				Mental Health		Gut	Amplicon	United States	pipeline	
MMC2-08824	4	2020	Clinical reviews in allergy & immunology	Comprehensive Analysis of Serum and Fecal Bile Acid Profiles and Interaction with Gut Microbiota in Primary Biliary Cholangitis.	10.1007/s12016-019-08731-2		0	0				Liver		Multiple	Amplicon	United States	pipeline	
MMC2-08828	4	2017	Journal of oral science	Characterizations of oral microbiota in elderly nursing home residents with diabetes.	10.2334/josnusd.16-0722		0	0				Metabolic		Oral	Amplicon	Japan	pipeline	
MMC2-08836	4	2021	Nutrition, metabolism, and cardiovascular diseases : NMCD	Gut microbiota dysbiosis in stable coronary artery disease combined with type 2 diabetes mellitus influences cardiovascular prognosis.	10.1016/j.numecd.2021.01.007		0	0				Metabolic		Gut	Amplicon	China	pipeline	
MMC2-08848	4	2017	Alimentary pharmacology & therapeutics	Randomised clinical trial: faecal microbiota transplantation for recurrent Clostridum difficile infection - fresh, or frozen, or lyophilised microbiota from a small pool of healthy donors delivered by	10.1111/apt.13969		0	0				Infectious		Gut	Amplicon	United States	pipeline	
MMC2-08850	4	2025	Inflammatory bowel diseases	The Composition of the Fecal and Mucosa-adherent Microbiota Varies Based on Age and Disease Activity in Ulcerative Colitis.	10.1093/ibd/izae179		0	0				Gastrointestinal		Gut	Both	Germany	pipeline	
MMC2-08851	4	2025	European journal of pediatrics	Fecal gut microbiome alterations and its association with lactose intolerance in children with rotavirus infection-related diarrhea.	10.1007/s00431-025-06398-w		0	0				Gastrointestinal		Gut	Amplicon	China	pipeline	
MMC2-08854	4	2018	Circulation journal : official journal of the Japanese Circulation Society	Non-Ischemic Heart Failure With Reduced Ejection Fraction Is Associated With Altered Intestinal Microbiota.	10.1253/circj.CJ-17-1285		0	0				Infectious		Gut	Amplicon	Japan	pipeline	
MMC2-08859	4	2024	Microbial pathogenesis	Molecular patterns of microbial and metabolic interactions in septic patients with persistent lymphopenia.	10.1016/j.micpath.2024.107093		0	0				Infectious		Gut	Amplicon	China	pipeline	
MMC2-08860	4	2025	Clinical microbiology and infection : the official publication of the European           Society of Clinical Microbiology and Infectious Diseases	Prospective analysis of biomarkers associated with successful faecal microbiota transplantation in recurrent Clostridioides difficile infection.	10.1016/j.cmi.2025.01.026		0	0				Infectious		Gut	Amplicon	Spain	pipeline	
MMC2-08889	4	2014	Nature	Alterations of the human gut microbiome in liver cirrhosis.	10.1038/nature13568		0	0				Gastrointestinal		Multiple	Amplicon	France	pipeline	
MMC2-08893	4	2025	Microbial pathogenesis	Gut microbiota promotes cholesterol gallstone formation through the gut-metabolism-gene axis.	10.1016/j.micpath.2025.107446		0	0				Healthy		Multiple	Amplicon	China	pipeline	
MMC2-08900	4	2022	Orthodontics & craniofacial research	Alterations in subgingival microbiota during full-fixed appliance orthodontic treatment-A prospective study.	10.1111/ocr.12534		0	0				Oral		Oral	Amplicon	United States	pipeline	
MMC2-08906	4	2025	Cardiovascular toxicology	Metagenomic Analysis of Gut Microbiome of Persistent Pulmonary Hypertension of the Newborn.	10.1007/s12012-024-09949-z		0	0				Cardiovascular		Multiple	Shotgun	China	pipeline	
MMC2-08912	4	2024	Journal of dentistry	The efficacy and safety of an enzyme-containing lozenge for dental biofilm control-a randomized controlled pilot trial.	10.1016/j.jdent.2024.105107		0	0				Oral		Oral	Amplicon	Denmark	pipeline	
MMC2-08913	4	2025	Archives of oral biology	Salivary proteome and microbiome in pregnancy and postpartum: An exploratory study on the relation with arterial hypertension.	10.1016/j.archoralbio.2025.106319		0	0				Oral		Oral	Both	Portugal	pipeline	
MMC2-08917	4	2024	Lifestyle genomics	Role of Presurgical Gut Microbial Diversity in Roux-en-Y Gastric Bypass Weight-Loss Response: A Cohort Study.	10.1159/000535397		0	0				Metabolic		Multiple	Amplicon	Mexico	pipeline	
MMC2-08918	4	2025	Research in developmental disabilities	Gut microbiome differences in children with Attention Deficit Hyperactivity Disorder and Autism Spectrum Disorder and effects of probiotic supplementation: A randomized controlled trial.	10.1016/j.ridd.2025.105003		0	0				Mental Health		Gut	Amplicon	Spain	pipeline	
MMC2-08924	4	2025	Med (New York, N.Y.)	No association between the early-life gut microbiota and childhood body mass index and body composition.	10.1016/j.medj.2024.10.015		0	0				Respiratory		Gut	Amplicon	Denmark	reviewer_agrees	
MMC2-08934	4	2024	Endocrine	Alteration in gut microbial characteristics of patients with acromegaly.	10.1007/s12020-024-03892-3		0	0				Endocrine		Gut	Amplicon	Turkey	pipeline	
MMC2-08942	4	2025	Digestive diseases (Basel, Switzerland)	Gut Microbiota as a Key Player in Health and Disease with a Focus on Long-Term Alterations in Post-COVID.	10.1159/000548507		0	0				Respiratory		Gut	Amplicon	Serbia	pipeline	
MMC2-08944	4	2025	Diabetes research and clinical practice	Gut microbiome and serum metabolic alterations in recurrent gestational diabetes mellitus.	10.1016/j.diabres.2025.112416		0	0				Metabolic		Multiple	Amplicon	China	pipeline	
MMC2-08945	4	2024	Neurobiology of disease	Alteration of gut microbiota in post-stroke depression patients with Helicobacter pylori infection.	10.1016/j.nbd.2024.106458		0	0				Infectious		Gut	Amplicon	China	pipeline	
MMC2-08946	4	2023	The Journal of clinical endocrinology and metabolism	Association of Gestational Diabetes With the Dynamic Changes of Gut Microbiota in Offspring From 1 to 6 Months of Age.	10.1210/clinem/dgad107		0	0				Metabolic		Gut	Amplicon	China	pipeline	
MMC2-08947	4	2024	Journal of affective disorders	Relationships between the gut microbiome and brain functional alterations in first-episode, drug-naïve patients with major depressive disorder.	10.1016/j.jad.2024.07.013		0	0				Mental Health		Gut	Amplicon	China	pipeline	
MMC2-08953	4	2024	International journal of cardiology	Dysbiosis of gut microbiota in patients with protein-losing enteropathy after the Fontan procedure.	10.1016/j.ijcard.2023.131554		0	0				Healthy		Gut	Amplicon	Sweden	pipeline	
MMC2-08954	4	2020	Inflammatory bowel diseases	The Gut Microbial Profile of Preclinical Crohn's Disease Is Similar to That of Healthy Controls.	10.1093/ibd/izaa072		0	0				Gastrointestinal		Gut	Amplicon	United States	pipeline	
MMC2-08955	4	2020	Sleep medicine	Gut microbiota composition in children with obstructive sleep apnoea syndrome: a pilot study.	10.1016/j.sleep.2020.10.017		0	0				Healthy		Gut	Amplicon	Italy	pipeline	
MMC2-08965	4	2024	Oral diseases	Salivary microbiota and metabolic phenotype of patients with recurrent aphthous ulcers.	10.1111/odi.14852		0	0				Healthy		Oral	Amplicon	China	pipeline	
MMC2-08966	4	2017	Annals of the rheumatic diseases	Faecal microbiota study reveals specific dysbiosis in spondyloarthritis.	10.1136/annrheumdis-2016-211064		0	0				Gastrointestinal		Gut	Amplicon	France	pipeline	
MMC2-08969	4	2024	Pediatric pulmonology	Assessment of lower respiratory tract microbiota associated with pulmonary tuberculosis in children.	10.1002/ppul.27253		0	0				Respiratory		Pulmonary	Amplicon	China	pipeline	
MMC2-08976	4	2021	International journal of infectious diseases : IJID : official publication of the           International Society for Infectious Diseases	Alterations of gut microbiota in patients with active pulmonary tuberculosis in China: a pilot study.	10.1016/j.ijid.2021.08.064		0	0				Respiratory		Multiple	Amplicon	Sweden	pipeline	
MMC2-08977	4	2020	The Journal of clinical endocrinology and metabolism	Gut Microbiota and Oral Contraceptive Use in Overweight and Obese Patients with Polycystic Ovary Syndrome.	10.1210/clinem/dgaa600		0	0				Metabolic		Multiple	Amplicon	Turkey	pipeline	
MMC2-08985	4	2025	The American journal of medicine	Adult Outpatients with Long COVID Infected with SARS-CoV-2 Omicron Variant. Part 1: Oral Microbiota Alterations.	10.1016/j.amjmed.2024.07.030		0	0				Respiratory		Oral	Amplicon	United Kingdom	pipeline	
MMC2-08998	4	2021	American journal of perinatology	Early Gut Microbiota Changes in Preterm Infants with Bronchopulmonary Dysplasia: A Pilot Case-Control Study.	10.1055/s-0040-1710554		0	0				Cancer		Multiple	Amplicon	Taiwan	pipeline	
MMC2-09002	4	2024	Journal of microbiology, immunology, and infection = Wei mian yu gan ran za zhi	Gut microbiota compositions in the carriers and noncarriers of third-generation cephalosporin-resistant Escherichia coli: A study among children in southern Taiwan.	10.1016/j.jmii.2024.08.010		0	0				Infectious		Gut	Amplicon	Taiwan	pipeline	
MMC2-09004	4	2024	International immunopharmacology	Comparison of gut microbiota dysbiosis between pemphigus vulgaris and bullous pemphigoid.	10.1016/j.intimp.2023.111470		0	0				Gastrointestinal		Gut	Amplicon	China	pipeline	
MMC2-09005	4	2025	Clinical & experimental ophthalmology	Neonatal gut microbiota profile and the association with retinopathy of prematurity in preterm infants.	10.1111/ceo.14441		0	0				Reproductive		Gut	Amplicon	Taiwan	pipeline	
MMC2-09006	4	2020	Journal of neuroimmunology	Dysbiosis of gut microbiota in patients with neuromyelitis optica spectrum disorders: A cross sectional study.	10.1016/j.jneuroim.2019.577126		0	0				Healthy		Gut	Amplicon	United States	pipeline	
MMC2-09011	4	2025	International journal of infectious diseases : IJID : official publication of the           International Society for Infectious Diseases	Changes in the bacterial profile and diversity of the gut microbiota in allogeneic hematopoietic stem cell transplant recipients.	10.1016/j.ijid.2025.108117		0	0				Infectious		Gut	Amplicon	Spain	pipeline	
MMC2-09014	4	2020	Psychoneuroendocrinology	Maternal prenatal psychological distress and hair cortisol levels associate with infant fecal microbiota composition at 2.5 months of age.	10.1016/j.psyneuen.2020.104754		0	0				Healthy		Gut	Amplicon	Portugal	pipeline	
MMC2-09022	4	2019	Journal of developmental origins of health and disease	Maternal gut microbiota is associated with newborn anthropometrics in a sex-specific manner.	10.1017/S2040174419000138		0	0				Healthy		Gut	Amplicon	Japan	pipeline	
MMC2-09023	4	2021	Helicobacter	Helicobacter pylori and the intestinal microbiome among healthy school-age children.	10.1111/hel.12854		0	0				Gastrointestinal		Gut	Amplicon	Israel	pipeline	
MMC2-09028	4	2017	Respiratory medicine	Sputum microbiota in severe asthma patients: Relationship to eosinophilic inflammation.	10.1016/j.rmed.2017.08.016		0	0				Respiratory		Pulmonary	Amplicon	United Kingdom	pipeline	
MMC2-09031	4	2021	European journal of clinical investigation	Characterization of gut microbiota in polycystic ovary syndrome: Findings from a lean population.	10.1111/eci.13417		0	0				Infectious		Gut	Amplicon	Turkey	pipeline	
MMC2-09035	4	2017	The American journal of clinical nutrition	Quantity and source of dietary protein influence metabolite production by gut microbiota and rectal mucosa gene expression: a randomized, parallel, double-blind trial in overweight humans.	10.3945/ajcn.117.158816		0	0				Metabolic		Gut	Amplicon	United Kingdom	pipeline	
MMC2-09041	4	2024	Pediatric research	Faecal lipid profile as a new marker of fat maldigestion, malabsorption and microbiota.	10.1038/s41390-024-03209-0		0	0				Respiratory		Gut	Amplicon	Spain	pipeline	
MMC2-09043	4	2024	Journal of applied microbiology	Gut microbial signatures of patients with diarrhea-predominant irritable bowel syndrome and their healthy relatives.	10.1093/jambio/lxae118		0	0				Gastrointestinal		Gut	Amplicon	China	pipeline	
MMC2-09047	4	2024	Bipolar disorders	Distinguishing bipolar depression, bipolar mania, and major depressive disorder by gut microbial characteristics.	10.1111/bdi.13439		0	0				Mental Health		Gut	Amplicon	China	pipeline	
MMC2-09052	4	2016	Digestion	Reduced Abundance of Butyrate-Producing Bacteria Species in the Fecal Microbial Community in Crohn's Disease.	10.1159/000441768		0	0				Gastrointestinal		Gut	Amplicon	Japan	reviewer_agrees	
MMC2-09059	4	2017	Bulletin of experimental biology and medicine	Analysis of Gut Microbiota in Patients with Parkinson's Disease.	10.1007/s10517-017-3700-7		0	0				Neurodegenerative		Gut	Amplicon	Russia	pipeline	
MMC2-09060	4	2020	FEMS microbiology letters	Gut microbiota composition in obese and non-obese adult relatives from the highlands of Papua New Guinea.	10.1093/femsle/fnaa161		0	0				Metabolic		Gut	Amplicon	Singapore	pipeline	
MMC2-09063	4	2021	Pediatric research	Idiopathic nephrotic syndrome in children: role of regulatory T cells and gut microbiota.	10.1038/s41390-020-1022-3		0	0				Healthy		Gut	Amplicon	Japan	pipeline	
MMC2-09064	4	2020	Gastroenterology	Development of the Microbiota and Associations With Birth Mode, Diet, and Atopic Disorders in a Longitudinal Analysis of Stool Samples, Collected From Infancy Through Early Childhood.	10.1053/j.gastro.2020.01.024		0	0				Respiratory		Gut	Amplicon	Netherlands	pipeline	
MMC2-09069	4	2019	The Journal of dermatology	Psoriatic patients have a distinct structural and functional fecal microbiota compared with controls.	10.1111/1346-8138.14933		0	0				Skin		Gut	Amplicon	Israel	pipeline	
MMC2-09082	4	2023	Journal of digestive diseases	Cross-sectional evaluation of gut microbial-host cometabolites in patients with chronic pancreatitis.	10.1111/1751-2980.13162		0	0				Healthy		Gut	Amplicon	China	pipeline	
MMC2-09084	4	2024	Experimental lung research	Gut microbiota profiles of patients with idiopathic pulmonary fibrosis.	10.1080/01902148.2024.2437377		0	0				Respiratory		Multiple	Amplicon	Turkey	pipeline	
MMC2-09088	4	2016	Inflammatory bowel diseases	The Gut Microbiome of Pediatric Crohn's Disease Patients Differs from Healthy Controls in Genes That Can Influence the Balance Between a Healthy and Dysregulated Immune Response.	10.1097/MIB.0000000000000949		0	0				Gastrointestinal		Gut	Amplicon	Canada	pipeline	
MMC2-09089	4	2021	Biomedicine & pharmacotherapy = Biomedecine & pharmacotherapie	Evaluation of the gut microbiota after metformin intervention in children with obesity: A metagenomic study of a randomized controlled trial.	10.1016/j.biopha.2020.111117		0	0				Metabolic		Gut	Amplicon	Spain	reviewer_agrees	
MMC2-09091	4	2025	Revista brasileira de psiquiatria (Sao Paulo, Brazil : 1999)	Longitudinal gut microbiota composition during the perinatal period in women with different intensities of depressive symptoms.	10.47626/1516-4446-2024-3721		0	0				Mental Health		Gut	Amplicon	Brazil	pipeline	
MMC2-09098	4	2025	Journal of microbiology, immunology, and infection = Wei mian yu gan ran za zhi	Signatures of lower respiratory tract microbiome in children with severe community-acquired pneumonia using shotgun metagenomic sequencing.	10.1016/j.jmii.2024.11.011		0	0				Respiratory		Pulmonary	Shotgun	Taiwan	pipeline	
MMC2-09102	4	2020	Autism research : official journal of the International Society for Autism           Research	Changes in the Gut Microbiota of Children with Autism Spectrum Disorder.	10.1002/aur.2358		0	0				Infectious		Gut	Amplicon	China	pipeline	
MMC2-09108	4	2023	Pediatric obesity	Association of intestinal microbiota and its metabolite markers with excess weight in Chinese children and adolescents.	10.1111/ijpo.13019		0	0				Metabolic		Gut	Amplicon	China	pipeline	
MMC2-09115	4	2021	Acta tropica	The impact of Opisthorchis felineus infection and praziquantel treatment on the intestinal microbiota in children.	10.1016/j.actatropica.2021.105835	PRJEB35995	0	0				Infectious		Gut	Amplicon	Czechia	t4_reviewer_accepts_proposal	
MMC2-09119	4	2025	Journal of dentistry	Alterations of oral microbiota in young children with autism: Unraveling potential biomarkers for early detection.	10.1016/j.jdent.2024.105486		0	0				Oral		Oral	Amplicon	China	pipeline	
MMC2-09122	4	2020	European journal of pediatrics	The impact of vitamin B12 deficiency on infant gut microbiota.	10.1007/s00431-019-03517-2		0	0				Healthy		Gut	Amplicon	United States	pipeline	
MMC2-09127	4	2024	Clinical nutrition (Edinburgh, Scotland)	Altered gut microbiome associated with metabolic-associated fatty liver disease in Chinese children.	10.1016/j.clnu.2023.11.001		0	0				Liver		Gut	Amplicon	China	pipeline	
MMC2-09131	4	2022	Journal of affective disorders	Perturbed gut microbiota is gender-segregated in unipolar and bipolar depression.	10.1016/j.jad.2022.08.027		0	0				Mental Health		Gut	Amplicon	United States	pipeline	
MMC2-09134	4	2021	The International journal of eating disorders	Gut microbiota alteration in adolescent anorexia nervosa does not normalize with short-term weight restoration.	10.1002/eat.23435		0	0				Metabolic		Gut	Amplicon	Germany	pipeline	
MMC2-09137	4	2016	Digestive diseases and sciences	Impact of Hypocaloric Hyperproteic Diet on Gut Microbiota in Overweight or Obese Patients with Nonalcoholic Fatty Liver Disease: A Pilot Study.	10.1007/s10620-016-4179-1		0	0				Metabolic		Gut	Shotgun	Switzerland	pipeline	
MMC2-09139	4	2019	Arthritis & rheumatology (Hoboken, N.J.)	HLA Alleles Associated With Risk of Ankylosing Spondylitis and Rheumatoid Arthritis Influence the Gut Microbiome.	10.1002/art.40917		0	0				Autoimmune		Gut	Amplicon	United Kingdom	pipeline	
MMC2-09148	4	2024	Acta paediatrica (Oslo, Norway : 1992)	Aetiology, risk factors and microbiota composition in children with prolonged diarrhoea: A prospective case-controlled cohort study.	10.1111/apa.17073		0	0				Gastrointestinal		Gut	Amplicon	Italy	pipeline	
MMC2-09152	4	2019	Brain, behavior, and immunity	Gut microbiota composition in patients with newly diagnosed bipolar disorder and their unaffected first-degree relatives.	10.1016/j.bbi.2018.09.026		0	0				Mental Health		Gut	Amplicon	Denmark	pipeline	
MMC2-09155	4	2024	Journal of cystic fibrosis : official journal of the European Cystic Fibrosis           Society	Nasal lavage microbiome, but not nasal swab microbiome, correlates with sinonasal inflammation in children with cystic fibrosis.	10.1016/j.jcf.2023.12.011		0	0				Respiratory		Multiple	Amplicon	Germany	pipeline	
MMC2-09159	4	2018	Epilepsy research	Altered gut microbiome composition in children with refractory epilepsy after ketogenic diet.	10.1016/j.eplepsyres.2018.06.015		0	0				Reproductive		Gut	Amplicon	China	pipeline	
MMC2-09162	4	2021	Microbial pathogenesis	The gut microbiome as non-invasive biomarkers for identifying overweight people at risk for osteoarthritis.	10.1016/j.micpath.2021.104976		0	0				Metabolic		Gut	Amplicon	China	pipeline	
MMC2-09166	4	2021	Pediatric obesity	Cross-sectional comparisons of gut microbiome and short-chain fatty acid levels among children with varied weight classifications.	10.1111/ijpo.12750		0	0				Metabolic		Gut	Amplicon	United States	pipeline	
MMC2-09168	4	2019	Anaerobe	Alterations in gut microbiota composition and metabolic parameters after dietary intervention with barley beta glucans in patients with high risk for metabolic syndrome development.	10.1016/j.anaerobe.2018.11.002		0	0				Metabolic		Gut	Amplicon	Slovenia	pipeline	
MMC2-09169	4	2020	Journal of immunology (Baltimore, Md. : 1950)	Reconstitution of Circulating Mucosal-Associated Invariant T Cells after Allogeneic Hematopoietic Cell Transplantation: Its Association with the Riboflavin Synthetic Pathway of Gut Microbiota in Cord 	10.4049/jimmunol.1900681		0	0				Immune Complications		Multiple	Amplicon	Japan	pipeline	
MMC2-09170	4	2019	Journal of pediatric gastroenterology and nutrition	Dysbiosis in Snoring Children: An Interlink to Comorbidities?	10.1097/MPG.0000000000002161		0	0				Infectious		Gut	Amplicon	Spain	pipeline	
MMC2-09171	4	2020	Annals of nutrition & metabolism	Gut Microbiota Diversity in Lean Athletes Is Associated with Positive Energy Balance.	10.1159/000509833		0	0				Metabolic		Gut	Amplicon	Slovakia	pipeline	
MMC2-09174	4	2019	Prostate cancer and prostatic diseases	Prospective examination of the changes in the urinary microbiome induced by transrectal biopsy of the prostate using 16S rRNA gene analysis.	10.1038/s41391-018-0120-3		0	0				Infectious		Multiple	Amplicon	United States	pipeline	
MMC2-09177	4	2021	Journal of the Formosan Medical Association = Taiwan yi zhi	An altered fecal microbial profiling in rosacea patients compared to matched controls.	10.1016/j.jfma.2020.04.034		0	0				Gastrointestinal		Gut	Amplicon	Taiwan	pipeline	
MMC2-09178	4	2017	Pediatric diabetes	Imbalance of bacteriome profiles within the Finnish Diabetes Prediction and Prevention study: Parallel use of 16S profiling and virome sequencing in stool samples from children with islet autoimmunity	10.1111/pedi.12468		0	0				Metabolic		Gut	Amplicon	Finland	pipeline	
MMC2-09179	4	2020	Diabetologia	Gut microbiota profile and selected plasma metabolites in type 1 diabetes without and with stratification by albuminuria.	10.1007/s00125-020-05260-y		0	0				Metabolic		Multiple	Amplicon	Denmark	pipeline	
MMC2-09184	4	2018	Journal of gastroenterology	Analysis of endoscopic brush samples identified mucosa-associated dysbiosis in inflammatory bowel disease.	10.1007/s00535-017-1384-4		0	0				Gastrointestinal		Gut	Amplicon	Japan	pipeline	
MMC2-09190	4	2016	Arthritis & rheumatology (Hoboken, N.J.)	Dysbiosis Contributes to Arthritis Development via Activation of Autoreactive T Cells in the Intestine.	10.1002/art.39783		0	0				Healthy		Gut	Amplicon	Japan	pipeline	
MMC2-09193	4	2025	Clinical rheumatology	Genetic liability to gut microbiota and inflammatory cytokines in relation to systemic lupus erythematosus risk: a multi-omics study.	10.1007/s10067-025-07435-7		0	0				Cancer		Gut	Amplicon	China	pipeline	
MMC2-09199	4	2018	Experimental dermatology	Rosacea and its association with enteral microbiota in Korean females.	10.1111/exd.13398		0	0				Reproductive		Gut	Amplicon	South Korea	pipeline	
MMC2-09208	4	2024	International journal of rheumatic diseases	Combined analysis of metabolomics and 16S rRNA sequencing for ankylosing spondylitis patients before and after secukinumab therapy.	10.1111/1756-185X.15218		0	0				Autoimmune		Multiple	Amplicon	China	pipeline	
MMC2-09211	4	2015	AIDS (London, England)	Gut microbiota diversity predicts immune status in HIV-1 infection.	10.1097/QAD.0000000000000869		0	0				Infectious		Gut	Amplicon	Sweden	pipeline	
MMC2-09213	4	2020	Science translational medicine	Delivery mode and gut microbial changes correlate with an increased risk of childhood asthma.	10.1126/scitranslmed.aax9929		0	0				Respiratory		Gut	Amplicon	United States	pipeline	
MMC2-09214	4	2020	Future microbiology	The impact of intestinal microbiota on weight loss in Parkinson's disease patients: a pilot study.	10.2217/fmb-2019-0336		0	0				Metabolic		Gut	Amplicon	Italy	pipeline	
MMC2-09226	4	2024	Annals of allergy, asthma & immunology : official publication of the American           College of Allergy, Asthma, & Immunology	The age-specific microbiome of children with milk, egg, and peanut allergy.	10.1016/j.anai.2024.04.028		0	0				Immune Complications		Gut	Amplicon	United States	pipeline	
MMC2-09231	4	2023	Journal of psychiatric research	Comparison of gut microbiome profile in patients with schizophrenia and healthy controls - A plausible non-invasive biomarker?	10.1016/j.jpsychires.2023.05.021		0	0				Infectious		Gut	Amplicon	India	pipeline	
MMC2-09232	4	2025	Liver international : official journal of the International Association for the           Study of the Liver	Faecal Cytolysin is Associated With Worse Survival in Patients With Primary Sclerosing Cholangitis.	10.1111/liv.16181		0	0				Gastrointestinal		Multiple	Amplicon	United States	pipeline	
MMC2-09237	4	2017	Inflammatory bowel diseases	Guanylate Cyclase C Activation Shapes the Intestinal Microbiota in Patients with Familial Diarrhea and Increased Susceptibility for Crohn's Disease.	10.1097/MIB.0000000000001264		0	0				Gastrointestinal		Gut	Amplicon	Norway	pipeline	
MMC2-09243	4	2025	Microbial pathogenesis	Caries influences the composition of oral microorganisms in male children with ASD.	10.1016/j.micpath.2025.107904		0	0				Oral		Oral	Amplicon	China	pipeline	
MMC2-09246	4	2024	Journal of affective disorders	Characteristics of gut microbiota and its correlation with hs-CRP and somatic symptoms in first-episode treatment-naive major depressive disorder.	10.1016/j.jad.2024.04.011		0	0				Mental Health		Gut	Amplicon	China	pipeline	
MMC2-09252	4	2021	Gastroenterology	Alterations in Gut Microbiome in Cirrhosis as Assessed by Quantitative Metagenomics: Relationship With Acute-on-Chronic Liver Failure and Prognosis.	10.1053/j.gastro.2020.08.054		0	0				Liver		Gut	Amplicon	Spain	pipeline	
MMC2-09253	4	2015	Anaerobe	Gut microbial and short-chain fatty acid profiles in adults with chronic constipation before and after treatment with lubiprostone.	10.1016/j.anaerobe.2015.01.005		0	0				Gastrointestinal		Gut	Amplicon	United States	pipeline	
MMC2-09255	4	2018	European journal of clinical microbiology & infectious diseases : official           publication of the European Society of Clinical Microbiology	Analysis of fecal microbiota in patients with functional constipation undergoing treatment with synbiotics.	10.1007/s10096-017-3149-7		0	0				Gastrointestinal		Gut	Amplicon	China	pipeline	
MMC2-09262	4	2019	Travel medicine and infectious disease	Gut microbiota dynamics in travelers returning from India colonized with extended-spectrum cephalosporin-resistant Enterobacteriaceae: A longitudinal study.	10.1016/j.tmaid.2018.10.012		0	0				Infectious		Gut	Amplicon	Switzerland	pipeline	
MMC2-09265	4	2021	ImmunoHorizons	Compensatory IgM to the Rescue: Patients with Selective IgA Deficiency Have Increased Natural IgM Antibodies to MAA-LDL and No Changes in Oral Microbiota.	10.4049/immunohorizons.2100014		0	0				Infectious		Oral	Amplicon	Finland	pipeline	
MMC2-09266	4	2014	Obesity surgery	The effect of PPI use on human gut microbiota and weight loss in patients undergoing laparoscopic Roux-en-Y gastric bypass.	10.1007/s11695-014-1275-1		0	0				Metabolic		Multiple	Amplicon	United States	pipeline	
MMC2-09273	4	2018	Journal of Crohn's & colitis	Determinants of Reduced Genetic Capacity for Butyrate Synthesis by the Gut Microbiome in Crohn's Disease and Ulcerative Colitis.	10.1093/ecco-jcc/jjx137		0	0				Gastrointestinal		Gut	Amplicon	Spain	pipeline	
MMC2-09285	4	2021	The Journal of heart and lung transplantation : the official publication of the           International Society for Heart Transplantation	N-myc-interactor mediates microbiome induced epithelial to mesenchymal transition and is associated with chronic lung allograft dysfunction.	10.1016/j.healun.2021.02.014		0	0				Immune Complications		Pulmonary	Amplicon	United States	pipeline	
MMC2-09286	4	2018	The Journal of nutrition	Short-Term Overfeeding with Dairy Cream Does Not Modify Gut Permeability, the Fecal Microbiota, or Glucose Metabolism in Young Healthy Men.	10.1093/jn/nxx020		0	0				Metabolic		Multiple	Amplicon	Germany	pipeline	
MMC2-09288	4	2024	Journal of prosthodontics : official journal of the American College of           Prosthodontists	Microbiological profile of peri-implantitis: Analyses of peri-implant microbiome.	10.1111/jopr.13743		0	0				Oral		Oral	Amplicon	United States	pipeline	
MMC2-09289	4	2022	American journal of orthodontics and dentofacial orthopedics : official           publication of the American Association of Orthodontists, its constituent            societies, and the American Board of Orthodontics	The impact of fixed orthodontic appliances and clear aligners on the oral microbiome and the association with clinical parameters: A longitudinal comparative study.	10.1016/j.ajodo.2021.10.015		0	0				Healthy	yes	Oral	Amplicon	United States	reviewer_agrees	
MMC2-09291	4	2022	Archives of physical medicine and rehabilitation	Gut Microbiome Composition and Serum Metabolome Profile Among Individuals With Spinal Cord Injury and Normal Glucose Tolerance or Prediabetes/Type 2 Diabetes.	10.1016/j.apmr.2021.03.043		0	0				Metabolic		Multiple	Amplicon	United States	pipeline	
MMC2-09294	4	2017	The European respiratory journal	Atopobium and Fusobacterium as novel candidates for sarcoidosis-associated microbiota.	10.1183/13993003.00746-2016		0	0				Respiratory		Pulmonary	Amplicon	Germany	pipeline	
MMC2-09303	4	2014	Clinical and experimental allergy : journal of the British Society for Allergy           and Clinical Immunology	Low gut microbiota diversity in early infancy precedes asthma at school age.	10.1111/cea.12253		0	0				Respiratory		Multiple	Amplicon	Sweden	pipeline	
MMC2-09304	4	2024	Allergology international : official journal of the Japanese Society of           Allergology	Gut microbiota of one-and-a-half-year-old food-allergic and healthy children.	10.1016/j.alit.2024.03.004		0	0				Infectious		Gut	Amplicon	Japan	pipeline	
MMC2-09309	4	2021	Clinical and experimental rheumatology	Microbiome is not linked to clinical disease severity of familial Mediterranean fever in an international cohort of children.	10.55563/clinexprheumatol/olvbyd		0	0				Healthy		Gut	Amplicon	Turkey	pipeline	
MMC2-09310	4	2021	Journal of Parkinson's disease	Does Gut Microbiota Influence the Course of Parkinson's Disease? A 3-Year Prospective Exploratory Study in de novo Patients.	10.3233/JPD-202297		0	0				Neurodegenerative		Gut	Amplicon	Italy	pipeline	
MMC2-09311	4	2019	Pediatric allergy and immunology : official publication of the European Society           of Pediatric Allergy and Immunology	Characterization of ocular and nasopharyngeal microbiome in allergic rhinoconjunctivitis.	10.1111/pai.13088		0	0				Ophthalmological		Multiple	Amplicon	China	pipeline	
MMC2-09316	4	2020	Microbial pathogenesis	Dysbiosis of gut microbiota in adult idiopathic membranous nephropathy with nephrotic syndrome.	10.1016/j.micpath.2020.104359		0	0				Renal		Gut	Amplicon	China	pipeline	
MMC2-09317	4	2016	Inflammatory bowel diseases	A Single Species of Clostridium Subcluster XIVa Decreased in Ulcerative Colitis Patients.	10.1097/MIB.0000000000000972		0	0				Gastrointestinal		Gut	Amplicon	Japan	pipeline	
MMC2-09321	4	2022	Current medical science	Gut Microbiota Diversity and Overweight/Obesity in Infancy: Results from a Nested Case-control Study.	10.1007/s11596-021-2476-1		0	0				Metabolic		Gut	Amplicon	China	pipeline	
MMC2-09328	4	2024	Journal of dermatological science	High α-diversity of skin microbiome and mycobiome in Japanese patients with vitiligo.	10.1016/j.jdermsci.2024.02.008		0	0				Skin		Skin	Amplicon	Japan	pipeline	
MMC2-09330	4	2025	Microbial pathogenesis	An observational study of the lung microbiome and lung function in young children with cystic fibrosis across two countries with differing antibiotic practices.	10.1016/j.micpath.2025.107628		0	0				Respiratory		Pulmonary	Amplicon	United States	pipeline	
MMC2-09334	4	2020	Pediatrics	Longitudinal Changes in Early Nasal Microbiota and the Risk of Childhood Asthma.	10.1542/peds.2020-0421		0	0				Respiratory		Multiple	Amplicon	United States	pipeline	
MMC2-09335	4	2017	Diabetes care	Metformin Is Associated With Higher Relative Abundance of Mucin-Degrading Akkermansia muciniphila and Several Short-Chain Fatty Acid-Producing Microbiota in the Gut.	10.2337/dc16-1324		0	0				Metabolic		Gut	Amplicon	United States	pipeline	
MMC2-09338	4	2022	Journal of ethnopharmacology	Shenling Baizhu San ameliorates ulcerative colitis by regulating the gut microbiota and its tryptophan metabolites: A complementary medicine to mesalamine.	10.1016/j.jep.2022.115145		0	0				Gastrointestinal		Gut	Amplicon	China	pipeline	
MMC2-09344	4	2021	Gut	Interaction of bacterial metagenome and virome in patients with cirrhosis and hepatic encephalopathy.	10.1136/gutjnl-2020-322470		0	0				Liver		Gut	Amplicon	United States	pipeline	
MMC2-09348	4	2024	Molecular oral microbiology	Periodontal treatment causes a longitudinal increase in nitrite-producing bacteria.	10.1111/omi.12479		0	0				Oral		Oral	Amplicon	United Kingdom	pipeline	
MMC2-09349	4	2020	The European respiratory journal	Sputum neutrophil elastase associates with microbiota and Pseudomonas aeruginosa in bronchiectasis.	10.1183/13993003.00769-2020		0	0				Respiratory		Pulmonary	Amplicon	United States	pipeline	
MMC2-09353	4	2024	Journal of medical microbiology	Unique intestinal microflora and metabolic profile in different stages of hypertension reveal potential biomarkers for early diagnosis and prognosis.	10.1099/jmm.0.001839		0	0				Infectious		Multiple	Amplicon	China	pipeline	
MMC2-09365	4	2025	Journal of medical microbiology	Ethnicity-matched case-control study reveals significant gut microbiota differences in Malaysian adults with type 2 diabetes.	10.1099/jmm.0.001963		0	0				Metabolic		Gut	Amplicon	New Zealand	pipeline	
MMC2-09368	4	2025	Journal of microbiology and biotechnology	Alterations in the Gut Microbiome in Ankylosing Spondylitis and Their Correlation with Disease Activity.	10.4014/jmb.2508.08043		0	0				Autoimmune		Gut	Amplicon	South Korea	pipeline	
MMC2-09369	4	2016	Journal of applied microbiology	Study of duodenal bacterial communities by 16S rRNA gene analysis in adults with active celiac disease vs non-celiac disease controls.	10.1111/jam.13111		0	0				Gastrointestinal		Gut	Amplicon	Spain	pipeline	
MMC2-09370	4	2018	Investigative ophthalmology & visual science	Gut Microbiota Composition and Fecal Metabolic Phenotype in Patients With Acute Anterior Uveitis.	10.1167/iovs.17-22677		0	0				Ophthalmological		Gut	Amplicon	Netherlands	pipeline	
MMC2-09374	4	2025	Clinical rheumatology	Exploring the potential mechanism of tofacitinib therapy for ankylosing spondylitis through gut microbiome and plasma metabolomics.	10.1007/s10067-025-07467-z		0	0				Autoimmune		Multiple	Amplicon	China	pipeline	
MMC2-09384	4	2025	Molecular nutrition & food research	Coarse Grain Preference, Gut Microbiota Features, in Relation to Hypertriglyceridemia in Constipation Patients: A Cross-Sectional Study.	10.1002/mnfr.70155		0	0				Gastrointestinal		Multiple	Amplicon	China	pipeline	
MMC2-09385	4	2021	Journal of dermatological science	Gut microbiota characterization in Chinese patients with alopecia areata.	10.1016/j.jdermsci.2021.04.003		0	0				Skin		Gut	Amplicon	China	reviewer_agrees	
MMC2-09386	4	2021	Nutrition (Burbank, Los Angeles County, Calif.)	Gut microbiota of adults with different metabolic phenotypes.	10.1016/j.nut.2021.111293		0	0				Metabolic		Gut	Amplicon	Brazil	pipeline	
MMC2-09388	4	2018	The Journal of dermatology	Gut microbiota alterations in moderate to severe acne vulgaris patients.	10.1111/1346-8138.14586		0	0				Skin		Gut	Amplicon	China	pipeline	
MMC2-09397	4	2025	The journals of gerontology. Series A, Biological sciences and medical sciences	Oropharyngeal microbiome alterations in sarcopenia: a nested case-control study in older adults.	10.1093/gerona/glaf201		0	0				Healthy		Multiple	Amplicon	China	pipeline	
MMC2-09400	4	2023	Free radical biology & medicine	Exploring the relationship between urinary phthalate metabolites and Crohn's disease via oxidative stress, and the potential moderating role of gut microbiota: A conditional mediation model.	10.1016/j.freeradbiomed.2023.09.005		0	0				Gastrointestinal		Multiple	Amplicon	China	pipeline	
MMC2-09401	4	2019	Future microbiology	The fecal and mucosal microbiome in acute appendicitis patients: an observational study.	10.2217/fmb-2018-0203		0	0				Gastrointestinal		Gut	Amplicon	Netherlands	pipeline	
MMC2-09403	4	2025	American journal of medical genetics. Part A	Gut Microbiome Pilot Study of Patients With CHARGE Syndrome and Sibling Controls.	10.1002/ajmg.a.64053		0	0				Healthy		Gut	Amplicon	Netherlands	pipeline	
MMC2-09405	4	2021	International journal of infectious diseases : IJID : official publication of the           International Society for Infectious Diseases	Intestinal microbiota profiles in infants with acute gastroenteritis caused by rotavirus and norovirus infection: a prospective cohort study.	10.1016/j.ijid.2021.08.024		0	0				Gastrointestinal		Gut	Amplicon	China	pipeline	
MMC2-09407	4	2024	Beneficial microbes	Gut microbiome and symptoms in females with irritable bowel syndrome: a cross-sectional analysis.	10.1163/18762891-bja00015		0	0				Gastrointestinal		Gut	Amplicon	United States	pipeline	
MMC2-09413	4	2017	Gut	The gut microbial profile in patients with primary sclerosing cholangitis is distinct from patients with ulcerative colitis without biliary disease and healthy controls.	10.1136/gutjnl-2015-310500		0	0				Gastrointestinal		Multiple	Amplicon	Sweden	pipeline	
MMC2-09417	4	2020	Annals of the rheumatic diseases	Shotgun metagenomics reveals an enrichment of potentially cross-reactive bacterial epitopes in ankylosing spondylitis patients, as well as the effects of TNFi therapy upon microbiome composition.	10.1136/annrheumdis-2019-215763		0	0				Cancer		Gut	Shotgun	China	pipeline	
MMC2-09424	4	2019	The British journal of dermatology	Nasal and skin microbiomes are associated with disease severity in paediatric atopic dermatitis.	10.1111/bjd.17755		0	0				Skin		Multiple	Amplicon	Netherlands	pipeline	
MMC2-09426	4	2019	Clinical gastroenterology and hepatology : the official clinical practice journal           of the American Gastroenterological Association	Association Between Intestinal Microbiota Collected at Hospital Admission and Outcomes of Patients With Cirrhosis.	10.1016/j.cgh.2018.07.022		0	0				Liver		Gut	Amplicon	United States	pipeline	
MMC2-09430	4	2020	Pediatric allergy and immunology : official publication of the European Society           of Pediatric Allergy and Immunology	Airway microbiome, host immune response and recurrent wheezing in infants with severe respiratory syncytial virus bronchiolitis.	10.1111/pai.13183		0	0				Respiratory		Pulmonary	Amplicon	China	pipeline	
MMC2-09432	4	2017	The Journal of clinical endocrinology and metabolism	Duodenal Mucosa of Patients With Type 1 Diabetes Shows Distinctive Inflammatory Profile and Microbiota.	10.1210/jc.2016-3222		0	0				Gastrointestinal		Gut	Amplicon	Italy	pipeline	
MMC2-09434	4	2016	American journal of respiratory and critical care medicine	Development of the Nasopharyngeal Microbiota in Infants with Cystic Fibrosis.	10.1164/rccm.201509-1759OC		0	0				Respiratory		Multiple	Amplicon	Netherlands	pipeline	
MMC2-09436	4	2016	The Lancet. Respiratory medicine	The nasal microbiota in infants with cystic fibrosis in the first year of life: a prospective cohort study.	10.1016/S2213-2600(16)30081-9		0	0				Respiratory		Multiple	Amplicon	Switzerland	pipeline	
MMC2-09437	4	2017	Metabolism: clinical and experimental	Gut microbiota interactions with the immunomodulatory role of vitamin D in normal individuals.	10.1016/j.metabol.2017.01.007		0	0				Healthy		Gut	Amplicon	Brazil	pipeline	
MMC2-09440	4	2018	International archives of allergy and immunology	Fecal Microbiome and Food Allergy in Pediatric Atopic Dermatitis: A Cross-Sectional Pilot Study.	10.1159/000484897		0	0				Skin		Gut	Amplicon		pipeline	
MMC2-09445	4	2018	Diabetes care	Gut Microbiota Differs in Composition and Functionality Between Children With Type 1 Diabetes and MODY2 and Healthy Control Subjects: A Case-Control Study.	10.2337/dc18-0253		0	0				Metabolic		Gut	Amplicon	Spain	pipeline	
MMC2-09448	4	2025	Microbiology and immunology	Characteristics and Clinical Significance of Gut Microbiota in Patients With Epstein-Barr Virus-Associated Liver Dysfunction.	10.1111/1348-0421.13200		0	0				Infectious		Multiple	Amplicon	China	pipeline	
MMC2-09450	4	2023	Acta neuropsychiatrica	Gut microbiota alterations in stable outpatients with schizophrenia: findings from a case-control study.	10.1017/neu.2022.38		0	0				Mental Health		Gut	Amplicon	Poland	pipeline	
MMC2-09452	4	2021	Transplantation and cellular therapy	Gut Microbiota Dysbiosis Associated with Persistent Fatigue in Hematopoietic Cell Transplantation Survivors.	10.1016/j.jtct.2021.02.017		0	0				Gastrointestinal		Gut	Amplicon	United States	pipeline	
MMC2-09453	4	2020	Neurogastroenterology and motility	Gut fungal dysbiosis and altered bacterial-fungal interaction in patients with diarrhea-predominant irritable bowel syndrome: An explorative study.	10.1111/nmo.13891		0	0				Gastrointestinal		Gut	Amplicon	China	pipeline	
MMC2-09456	4	2022	Journal of microbiology (Seoul, Korea)	Gut microbiota metabolic characteristics in coronary artery disease patients with hyperhomocysteine.	10.1007/s12275-022-1451-2		0	0				Infectious		Multiple	Amplicon	China	pipeline	
MMC2-09459	4	2017	Childhood obesity (Print)	Relative Abundance in Bacterial and Fungal Gut Microbes in Obese Children: A Case Control Study.	10.1089/chi.2015.0194		0	0				Gastrointestinal		Gut	Amplicon	Italy	pipeline	
MMC2-09460	4	2020	Oral diseases	Saliva microbiome in primary Sjögren's syndrome reveals distinct set of disease-associated microbes.	10.1111/odi.13191		0	0				Healthy		Oral	Amplicon	India	pipeline	
MMC2-09462	4	2025	Journal of dentistry	Comparative analysis of salivary cytokine profiles and oral microbial composition in caries-active and caries-free children.	10.1016/j.jdent.2025.105611		0	0				Oral		Oral	Amplicon	Kuwait	pipeline	
MMC2-09464	4	2019	Microbial pathogenesis	Relative reduction of biological and phylogenetic diversity of the oral microbiota of diabetes and pre-diabetes patients.	10.1016/j.micpath.2019.01.009		0	0				Metabolic		Oral	Amplicon	Saudi Arabia	pipeline	
MMC2-09465	4	2023	Asia Pacific journal of clinical nutrition	Association between gut microbiota and obesity combined with high carotid intima-media thickness among Chinese children.	10.6133/apjcn.202303_32(1).0014		0	0				Metabolic		Gut	Amplicon	United States	pipeline	
MMC2-09466	4	2025	Pediatric allergy and immunology : official publication of the European Society           of Pediatric Allergy and Immunology	Associations between dietary patterns, gut microbiome diversity, and itch severity in preschool aged children with atopic dermatitis: A cross-sectional study.	10.1111/pai.70202		0	0				Skin		Gut	Amplicon	South Korea	pipeline	
MMC2-09468	4	2025	Brain, behavior, and immunity	Association between gut microbiota and perinatal depression and anxiety among a pregnancy cohort in Hunan, China.	10.1016/j.bbi.2024.12.150		0	0				Mental Health		Gut	Amplicon	China	pipeline	
MMC2-09470	4	2017	Pharmacotherapy	Interaction Between Atypical Antipsychotics and the Gut Microbiome in a Bipolar Disease Cohort.	10.1002/phar.1890		0	0				Mental Health		Gut	Amplicon	United States	pipeline	
MMC2-09471	4	2016	The Journal of nutrition	Gut Microbiota Richness and Composition and Dietary Intake of Overweight Pregnant Women Are Related to Serum Zonulin Concentration, a Marker for Intestinal Permeability.	10.3945/jn.116.235358		0	0				Metabolic		Multiple	Amplicon	Finland	pipeline	
MMC2-09489	4	2025	Archivos de bronconeumologia	Sputum Microbiota Correlates With Metabolome and Clinical Outcomes in Asthma-Bronchiectasis Overlap.	10.1016/j.arbres.2025.01.002		0	0				Respiratory		Pulmonary	Amplicon	China	pipeline	
MMC2-09495	4	2025	Journal of clinical periodontology	Prognostic Impact of Microbiome Dysbiosis: A Prospective Study.	10.1111/jcpe.14082		0	0				Infectious		Oral	Amplicon	United Kingdom	pipeline	
MMC2-09502	4	2018	Journal of clinical periodontology	Shift in the subgingival microbiome following scaling and root planing in generalized aggressive periodontitis.	10.1111/jcpe.12862		0	0				Oral		Oral	Amplicon	China	pipeline	
MMC2-09504	4	2016	Inflammatory bowel diseases	Distinct Microbiotas are Associated with Ileum-Restricted and Colon-Involving Crohn's Disease.	10.1097/MIB.0000000000000662		0	0				Gastrointestinal		Gut	Amplicon	Israel	pipeline	
MMC2-09506	4	2014	Annals of the American Thoracic Society	A novel microbiota stratification system predicts future exacerbations in bronchiectasis.	10.1513/AnnalsATS.201310-335OC		0	0				Respiratory		Multiple	Amplicon	Australia	pipeline	
MMC2-09517	4	2019	Bulletin of experimental biology and medicine	Composition and Structure of Gut Microbiome in Adolescents with Obesity and Different Breastfeeding Duration.	10.1007/s10517-019-04617-7		0	0				Metabolic		Gut	Amplicon	Russia	pipeline	
MMC2-09518	4	2022	International archives of allergy and immunology	Alteration of the Intestinal Microbial Flora and the Serum IL-17 Level in Patients with Graves' Disease Complicated with Vitamin D Deficiency.	10.1159/000518949		0	0				Autoimmune		Multiple	Amplicon	China	reviewer_agrees	
MMC2-09519	4	2017	Annals of the American Thoracic Society	The Evolving Cystic Fibrosis Microbiome: A Comparative Cohort Study Spanning 16 Years.	10.1513/AnnalsATS.201609-668OC		0	0				Respiratory		Pulmonary	Amplicon		pipeline	
MMC2-09522	4	2014	The American journal of gastroenterology	Altered duodenal microbiota composition in celiac disease patients suffering from persistent symptoms on a long-term gluten-free diet.	10.1038/ajg.2014.355		0	0				Gastrointestinal		Gut	Amplicon	Finland	pipeline	
MMC2-09523	4	2024	The Laryngoscope	Antibiotic Sensitivity and Nasal Microbiome in Patients with Acute Bacterial Rhinosinusitis.	10.1002/lary.30950		0	0				Respiratory		Nasal	Amplicon	South Korea	pipeline	
MMC2-09538	4	2025	Journal of the American Nutrition Association	Dietary Diversity, Rather Than Quality, Parallels a Reduction in Metabolic Syndrome and a Favorable Gut Microbiome: The Dietary Diversity Score.	10.1080/27697061.2024.2423775		0	0				Metabolic		Gut	Amplicon	Germany	pipeline	
MMC2-09545	4	2013	Clinical microbiology and infection : the official publication of the European           Society of Clinical Microbiology and Infectious Diseases	Effects of amoxicillin treatment on the salivary microbiota in children with acute otitis media.	10.1111/1469-0691.12213		0	0				Respiratory		Multiple	Amplicon	Switzerland	pipeline	
MMC2-09550	4	2024	The Journal of clinical endocrinology and metabolism	Characteristics of Abdominal Visceral Adipose Tissue, Metabolic Health and the Gut Microbiome in Adults.	10.1210/clinem/dgad604		0	0				Metabolic		Multiple	Amplicon	Canada	pipeline	
MMC2-09556	4	2021	Pharmacological research	Rice flour fermented with Lactobacillus paracasei CBA L74 in the treatment of atopic dermatitis in infants: A randomized, double- blind, placebo- controlled trial.	10.1016/j.phrs.2020.105284		0	0				Skin		Gut	Amplicon	United States	pipeline	
MMC2-09558	4	2020	Alimentary pharmacology & therapeutics	A disease-specific decline of the relative abundance of Bifidobacterium in patients with autoimmune hepatitis.	10.1111/apt.15754		0	0				Gastrointestinal		Multiple	Amplicon	Germany	pipeline	
MMC2-09560	4	2018	European journal of clinical microbiology & infectious diseases : official           publication of the European Society of Clinical Microbiology	Intestinal microbiome as a risk factor for urinary tract infections in children.	10.1007/s10096-018-3322-7		0	0				Infectious		Multiple	Amplicon	Finland	pipeline	
MMC2-09564	4	2025	Respiratory medicine	Airway total bacterial density, microbiota community composition and relationship with clinical parameters in bronchiectasis.	10.1016/j.rmed.2024.107906		0	0				Respiratory		Pulmonary	Amplicon	United Kingdom	pipeline	
MMC2-09570	4	2017	The Chinese journal of dental research	Subgingival Microbiome of Gingivitis in Chinese Undergraduates.	10.3290/j.cjdr.a38769		0	0				Oral		Oral	Amplicon		pipeline	
MMC2-09580	4	2013	Inflammatory bowel diseases	Impact of ethnicity, geography, and disease on the microbiota in health and inflammatory bowel disease.	10.1097/01.MIB.0000435759.05577.12		0	0				Gastrointestinal		Gut	Amplicon	Australia	pipeline	
MMC2-09582	4	2024	Clinical nutrition (Edinburgh, Scotland)	Randomised control trial indicates micronutrient supplementation may support a more robust maternal microbiome for women with antenatal depression during pregnancy.	10.1016/j.clnu.2024.09.004		0	0				Mental Health		Gut	Amplicon	United States	pipeline	
MMC2-09583	4	2020	International journal for parasitology	Helminths, polyparasitism, and the gut microbiome in the Philippines.	10.1016/j.ijpara.2019.12.008		0	0				Infectious		Gut	Amplicon	United Kingdom	pipeline	
MMC2-09585	4	2025	Microbial pathogenesis	Comparative study of gut microbiota and metabolite variations between severe and mild acute pancreatitis patients at different stages.	10.1016/j.micpath.2024.107030		0	0				Healthy		Gut	Amplicon	China	pipeline	
MMC2-09591	4	2025	Science China. Life sciences	Landscapes of gut microbiome and blood metabolomic signatures in relapsing remitting multiple sclerosis.	10.1007/s11427-024-2653-2		0	0				Neurodegenerative		Multiple	Amplicon	China	pipeline	
MMC2-09599	4	2025	Diabetes/metabolism research and reviews	Alternations of Gut Microbiome and Serum Metabolome With Prolongation of the Course of Type 1 Diabetes Mellitus.	10.1002/dmrr.70076		0	0				Metabolic		Multiple	Amplicon	China	pipeline	
MMC2-09603	4	2025	The British journal of dermatology	Tonsillar microbiota alterations contribute to immune responses in psoriasis by skewing aged neutrophils.	10.1093/bjd/ljaf134		0	0				Skin		Multiple	Both	China	pipeline	
MMC2-09604	4	2020	The Journal of investigative dermatology	The Surface Microbiome of Clinically Unaffected Skinfolds in Hidradenitis Suppurativa: A Cross-Sectional Culture-Based and 16S rRNA Gene Amplicon Sequencing Study in 60 Patients.	10.1016/j.jid.2020.02.046		0	0				Skin		Skin	Amplicon	France	reviewer_agrees	
MMC2-09610	4	2016	European journal of clinical microbiology & infectious diseases : official           publication of the European Society of Clinical Microbiology	Tonsillar microbiota in children with PFAPA (periodic fever, aphthous stomatitis, pharyngitis, and adenitis) syndrome.	10.1007/s10096-016-2623-y		0	0				Respiratory		Oral	Amplicon	Finland	pipeline	
MMC2-09613	4	2024	Microbial pathogenesis	Perturbed saliva microbiome is gender-specific in patients with oral lichen planus.	10.1016/j.micpath.2024.107066		0	0				Oral		Oral	Amplicon	China	pipeline	
MMC2-09621	4	2024	Nutrition (Burbank, Los Angeles County, Calif.)	Gut microbiota disturbances in hospitalized older adults with malnutrition and clinical outcomes.	10.1016/j.nut.2024.112369		0	0				Metabolic		Gut	Amplicon	United States	pipeline	
MMC2-09623	4	2017	Journal of periodontology	Smoking May Lead to Marginal Bone Loss Around Non-Submerged Implants During Bone Healing by Altering Salivary Microbiome: A Prospective Study.	10.1902/jop.2017.160808		0	0				Oral		Oral	Amplicon	United States	pipeline	
MMC2-09626	4	2025	Nutrition (Burbank, Los Angeles County, Calif.)	Blautia spp. in the gut microbiome: Relation to dietary choices and to the nutritional status of patients with irritable bowel syndrome.	10.1016/j.nut.2025.112836		0	0				Gastrointestinal		Gut	Amplicon	Poland	pipeline	
MMC2-09627	4	2025	Journal of clinical anesthesia	Alterations in the gut microbiome and metabolome in elderly patients with postoperative delirium: A prospective nested case-control study.	10.1016/j.jclinane.2025.111833		0	0				Healthy		Multiple	Amplicon	China	pipeline	
MMC2-09642	4	2022	Nutrition research (New York, N.Y.)	Dietary omega-6/omega-3 ratio is not associated with gut microbiota composition and disease severity in patients with nonalcoholic fatty liver disease.	10.1016/j.nutres.2022.07.006		0	0				Liver		Gut	Amplicon	Germany	pipeline	
MMC2-09646	4	2018	Journal of acquired immune deficiency syndromes (1999)	Effect of Lactobacillus rhamnosus GG Supplementation on Intestinal Inflammation Assessed by PET/MRI Scans and Gut Microbiota Composition in HIV-Infected Individuals.	10.1097/QAI.0000000000001693		0	0				Cancer		Gut	Amplicon	Norway	pipeline	
MMC2-09649	4	2024	Pediatric research	Impact of different growth hormone levels on gut microbiota and metabolism in short stature.	10.1038/s41390-024-03140-4		0	0				Healthy		Gut	Amplicon	China	pipeline	
MMC2-09654	4	2020	Journal of dental research	Oral Microbiome Signatures in Diabetes Mellitus and Periodontal Disease.	10.1177/0022034520913818		0	0				Metabolic		Oral	Amplicon	South Africa	pipeline	
MMC2-09663	4	2020	Journal of Alzheimer's disease : JAD	The Association of Post-Stroke Cognitive Impairment and Gut Microbiota and its Corresponding Metabolites.	10.3233/JAD-191066		0	0				Mental Health		Gut	Amplicon	China	pipeline	
MMC2-09664	4	2018	Medicine and science in sports and exercise	Exercise Alters Gut Microbiota Composition and Function in Lean and Obese Humans.	10.1249/MSS.0000000000001495		0	0				Metabolic		Gut	Amplicon		pipeline	
MMC2-09670	4	2024	The European respiratory journal	Airway IL-1β is related to disease severity and mucociliary function in bronchiectasis.	10.1183/13993003.01966-2023		0	0				Respiratory		Pulmonary	Amplicon	United Kingdom	pipeline	
MMC2-09671	4	2019	Acta microbiologica et immunologica Hungarica	Identification of an intestinal microbiota signature associated with hospitalized patients with diarrhea.	10.1556/030.66.2019.002		0	0				Gastrointestinal		Gut	Amplicon	Iran	pipeline	
MMC2-09672	4	2019	Beneficial microbes	Bifidobacterium infantis M-63 improves mental health in victims with irritable bowel syndrome developed after a major flood disaster.	10.3920/BM2018.0008		0	0				Gastrointestinal		Gut	Amplicon	Philippines	pipeline	
MMC2-09678	4	2018	Cellular physiology and biochemistry : international journal of experimental           cellular physiology, biochemistry, and pharmacology	Analysis of Oral Microbiota Revealed High Abundance of Prevotella Intermedia in Gout Patients.	10.1159/000493626		0	0				Oral		Oral	Amplicon	United States	pipeline	
MMC2-09681	4	2019	Reproductive biomedicine online	Distinctive subpopulations of the intestinal microbiota are present in women with unexplained chronic anovulation.	10.1016/j.rbmo.2018.12.026		0	0				Healthy		Gut	Amplicon	Japan	pipeline	
MMC2-09687	4	2024	Journal of ethnopharmacology	Effect of Chaihu-Shugan-San on functional dyspepsia and gut microbiota: A randomized, double-blind, placebo-controlled trial.	10.1016/j.jep.2023.117659		0	0				Gastrointestinal		Multiple	Amplicon	China	pipeline	
MMC2-09688	4	2017	Journal of dentistry	Red fluorescence of dental plaque in children -A cross-sectional study.	10.1016/j.jdent.2017.01.007		0	0				Oral		Oral	Amplicon	United States	pipeline	
MMC2-09691	4	2015	Journal of pediatric gastroenterology and nutrition	Does Maternal Perinatal Probiotic Supplementation Alter the Intestinal Microbiota of Mother and Child?	10.1097/MPG.0000000000000781		0	0				Infectious		Gut	Amplicon	Norway	pipeline	
MMC2-09702	4	2018	The Journal of allergy and clinical immunology	Epidermal lipid composition, barrier integrity, and eczematous inflammation are associated with skin microbiome configuration.	10.1016/j.jaci.2018.01.019		0	0				Skin		Skin	Amplicon	Germany	pipeline	
MMC2-09704	4	2020	Clinical gastroenterology and hepatology : the official clinical practice journal           of the American Gastroenterological Association	Association of Alterations in Intestinal Microbiota With Impaired Psychological Function in Patients With Inflammatory Bowel Diseases in Remission.	10.1016/j.cgh.2019.09.022		0	0				Gastrointestinal		Gut	Amplicon	Switzerland	pipeline	
MMC2-09705	4	2025	The Journal of infection	Differential nasopharyngeal microbiota patterns: A comparative study of pneumococcal pneumonia, COVID-19, and healthy adults.	10.1016/j.jinf.2025.106589		0	0				Respiratory		Nasal	Amplicon	Spain	pipeline	
MMC2-09706	4	2023	European journal of clinical nutrition	A retrospective analysis of vitamin B6 deficiency and associated changes of gut microbes in Crohn's disease.	10.1038/s41430-023-01324-5		0	0				Gastrointestinal		Gut	Amplicon	China	pipeline	
MMC2-09708	4	2023	Clinical nutrition (Edinburgh, Scotland)	The gut microbiota-bile acid axis mediates the beneficial associations between plasma vitamin D and metabolic syndrome in Chinese adults: A prospective study.	10.1016/j.clnu.2023.03.022		0	0				Metabolic		Multiple	Amplicon	China	pipeline	
MMC2-09712	4	2025	Microbial pathogenesis	Dydrogesterone alleviates periodontitis in perimenopausal women undergoing periodontal therapy by decreasing inflammation and mediating oral microbiota.	10.1016/j.micpath.2025.107380		0	0				Infectious		Oral	Amplicon	China	pipeline	
MMC2-09713	4	2019	Scandinavian journal of gastroenterology	The microbiome reflects diagnosis and predicts disease severity in paediatric onset inflammatory bowel disease.	10.1080/00365521.2019.1644368		0	0				Gastrointestinal		Gut	Amplicon	Denmark	pipeline	
MMC2-09715	4	2019	Digestive diseases and sciences	Proinflammatory Sulfur-Reducing Bacteria Are More Abundant in Colonic Biopsies of Patients with Microscopic Colitis Compared to Healthy Controls.	10.1007/s10620-018-5313-z		0	0				Gastrointestinal		Gut	Amplicon	United States	pipeline	
MMC2-09716	4	2022	European journal of nutrition	Dietary inflammatory index and its relationship with gut microbiota in individuals with intestinal constipation: a cross-sectional study.	10.1007/s00394-021-02649-2		0	0				Gastrointestinal		Gut	Amplicon	United States	pipeline	
MMC2-09727	4	2020	American journal of perinatology	Exploration of the Vaginal and Gut Microbiome in African American Women by Body Mass Index, Class of Obesity, and Gestational Weight Gain: A Pilot Study.	10.1055/s-0039-1692715		0	0				Metabolic		Multiple	Amplicon	United States	pipeline	
MMC2-09731	4	2020	The clinical respiratory journal	Clinical characteristics of patients with bacterial pleuritis in the presence of Streptococcus anginosus group and obligate anaerobes detected by clone library analysis.	10.1111/crj.13127		0	0				Healthy		Other	Amplicon	Japan	pipeline	
MMC2-09739	4	2014	Pediatric research	The airway microbiome of intubated premature infants: characteristics and changes that predict the development of bronchopulmonary dysplasia.	10.1038/pr.2014.85		0	0				Cancer		Multiple	Amplicon	United States	pipeline	
MMC2-09745	4	2024	Nutritional neuroscience	Mood disturbance, but not overall diet quality, is associated with fecal microbiome diversity in free-living adults.	10.1080/1028415X.2023.2213484		0	0				Metabolic		Gut	Amplicon	United States	pipeline	
MMC2-09754	4	2025	Inflammation research : official journal of the European Histamine Research           Society ... [et al.]	Rare constituents of the nasal microbiome contribute to the acute exacerbation of chronic rhinosinusitis.	10.1007/s00011-025-01995-9		0	0				Respiratory		Nasal	Amplicon	China	pipeline	
MMC2-09760	4	2024	Oral diseases	Short-term use of Lacticaseibacillus rhamnosus SD11 and the oral microbiome: Low caries RCT study.	10.1111/odi.14681		0	0				Healthy		Oral	Amplicon	Thailand	pipeline	
MMC2-09762	4	2025	Zhonghua wei zhong bing ji jiu yi xue	[Effects of Yiqi Huoxue Jiedu formula on the gut microbiota in elderly patients with pulmonary-derived sepsis based on 16S rDNA sequencing: a multicenter prospective randomized double-blind controlled	10.3760/cma.j.cn121430-20240820-00709		0	0				Infectious		Multiple	Amplicon	China	pipeline	
MMC2-09765	4	2021	Photodiagnosis and photodynamic therapy	Modulation of skin microbiome in acne patients by aminolevulinic acid-photodynamic therapy.	10.1016/j.pdpdt.2021.102556		0	0				Skin		Skin	Amplicon	China	pipeline	
MMC2-09766	4	2019	Pediatric dermatology	The microbiome in preadolescent acne: Assessment and prospective analysis of the influence of benzoyl peroxide.	10.1111/pde.13741		0	0				Skin		Multiple	Amplicon	United States	pipeline	
MMC2-09775	4	2018	Rheumatology (Oxford, England)	Dysbiosis of the buccal mucosa microbiome in primary Sjögren's syndrome patients.	10.1093/rheumatology/key215		0	0				Healthy		Oral	Amplicon	Netherlands	pipeline	
MMC2-09776	4	2025	The Journal of antimicrobial chemotherapy	Gut microbiota and weight gain in people with HIV on integrase inhibitors: a five-year longitudinal study.	10.1093/jac/dkaf182		0	0				Metabolic		Gut	Amplicon	Spain	pipeline	
MMC2-09779	4	2023	Journal of digestive diseases	Impact of auricular percutaneous electrical nerve field stimulation on gut microbiome in adolescents with irritable bowel syndrome: A pilot study.	10.1111/1751-2980.13203		0	0				Gastrointestinal		Gut	Amplicon	United States	pipeline	
MMC2-09781	4	2016	Inflammatory bowel diseases	Early Changes in Microbial Community Structure Are Associated with Sustained Remission After Nutritional Treatment of Pediatric Crohn's Disease.	10.1097/MIB.0000000000000956		0	0				Gastrointestinal		Gut	Amplicon	Canada	pipeline	
MMC2-09789	4	2013	European journal of dermatology : EJD	Balance between beneficial microflora and Staphylococcus aureus colonisation: in vivo evaluation in patients with atopic dermatitis during hydrotherapy.	10.1684/ejd.2013.2210		0	0				Skin		Skin	Amplicon	France	pipeline	
MMC2-09793	4	2025	Acta microbiologica et immunologica Hungarica	Gut microbiome composition and its impact on response to allergen immunotherapy in adult patients with allergic rhinitis.	10.1556/030.2025.02661		0	0				Respiratory		Multiple	Amplicon	China	pipeline	
MMC2-09809	4	2025	Clinical implant dentistry and related research	Submucosal Microbiome Profiles in Paired and Unpaired Samples From Healthy and Peri-Implantitis Dental Implants.	10.1111/cid.13423		0	0				Oral		Oral	Amplicon	Colombia	pipeline	
MMC2-09811	4	2013	Acta paediatrica (Oslo, Norway : 1992)	Intestinal microbial profiles in extremely preterm infants with and without necrotizing enterocolitis.	10.1111/apa.12059		0	0				Gastrointestinal		Gut	Amplicon	Sweden	pipeline	
MMC2-09813	4	2025	European geriatric medicine	The gut microbiota genus Blautia is associated with skeletal muscle mass reduction in community-dwelling older Japanese adults: the Wakayama Study.	10.1007/s41999-024-01109-4		0	0				Liver		Gut	Amplicon	Japan	pipeline	
MMC2-09814	4	2025	Clinical nutrition ESPEN	Gut microbiome diversity is associated with muscle mass, strength and quality in post-stroke patients.	10.1016/j.clnesp.2025.02.027		0	0				Cardiovascular		Gut	Amplicon	Japan	pipeline	
MMC2-09820	4	2019	Investigative ophthalmology & visual science	Implicating Dysbiosis of the Gut Fungal Microbiome in Uveitis, an Inflammatory Disease of the Eye.	10.1167/iovs.18-26426		0	0				Ophthalmological		Multiple	Amplicon	India	pipeline	
MMC2-09826	4	2016	Digestive diseases and sciences	Fecal Microbiota Transplantation for Recurrent Clostridium difficile Infection in the Elderly: Long-Term Outcomes and Microbiota Changes.	10.1007/s10620-016-4229-8		0	0				Gastrointestinal		Gut	Amplicon	United States	pipeline	
MMC2-09830	4	2024	Science China. Life sciences	Missing microbes in infants and children in the COVID-19 pandemic: a study of 1,126 participants in Beijing, China.	10.1007/s11427-023-2488-0		0	0				Respiratory		Gut	Amplicon	China	pipeline	
MMC2-09836	4	2018	Journal of periodontal research	Smoking habit modulates peri-implant microbiome: A case-control study.	10.1111/jre.12597		0	0				Oral		Oral	Amplicon	Brazil	pipeline	
MMC2-09842	4	2024	Rhinology	Determinants of the microbiome spatial variability in chronic rhinosinusitis.	10.4193/Rhin22.423		0	0				Cancer		Nasal	Amplicon	Poland	pipeline	
MMC2-09845	4	2022	Clinical oral investigations	Microbiome differences in periodontal, peri-implant, and healthy sites: a cross-sectional pilot study.	10.1007/s00784-021-04253-4		0	0				Oral		Oral	Amplicon	United Kingdom	pipeline	
MMC2-09846	4	2021	Hepatology (Baltimore, Md.)	Microbiomics, Metabolomics, Predicted Metagenomics, and Hepatic Steatosis in a Population-Based Study of 1,355 Adults.	10.1002/hep.31417		0	0				Liver		Other	Amplicon	Netherlands	pipeline	
MMC2-09851	4	2025	Archives of oral biology	Distinct oral microbiome profiles in substance users in the high-incidence Mizo tribal community, Northeast India.	10.1016/j.archoralbio.2025.106418		0	0				Healthy	yes	Oral	Amplicon	India	reviewer_agrees	
MMC2-09856	4	2024	Food & function	Effects of Lactiplantibacillus plantarum CCFM1214 and Ligilactobacillus salivarius CCFM1215 on halitosis: a double-blind, randomized controlled trial.	10.1039/d4fo02280g		0	0				Oral		Oral	Amplicon	China	pipeline	
MMC2-09857	4	2025	Rhinology	Identification of host-microbiome interactions in nasal diseases using multiomics integration.	10.4193/Rhin24.386		0	0				Cancer		Nasal	Amplicon	China	pipeline	
MMC2-09863	4	2019	AIDS (London, England)	Monocyte-macrophage activation is associated with nonalcoholic fatty liver disease and liver fibrosis in HIV monoinfection independently of the gut microbiome and bacterial translocation.	10.1097/QAD.0000000000002133		0	0				Metabolic		Gut	Amplicon	United Kingdom	pipeline	
MMC2-09871	4	2023	The Journal of nutrition	Probiotic Supplementation, Hepatic Fibrosis, and the Microbiota Profile in Patients with Nonalcoholic Steatohepatitis: A Randomized Controlled Trial.	10.1016/j.tjnut.2023.05.019		0	0				Cancer		Gut	Amplicon	Canada	pipeline	
MMC2-09873	4	2024	Journal of periodontal research	Differences in maternal subgingival microbiome between preterm and term births: The MOHEPI study.	10.1111/jre.13292		0	0				Reproductive		Oral	Amplicon	South Korea	pipeline	
MMC2-09879	4	2023	Journal of prosthodontics : official journal of the American College of           Prosthodontists	Microbiological profile of peri-implantitis: Analyses of microbiome within dental implants.	10.1111/jopr.13653		0	0				Infectious		Oral	Amplicon	United States	pipeline	
MMC2-09886	4	2018	Diabetes, obesity & metabolism	Glucose-lowering effects and mechanisms of the bile acid-sequestering resin sevelamer.	10.1111/dom.13272		0	0				Metabolic		Multiple	Amplicon	Sweden	pipeline	
MMC2-09890	4	2022	Clinical microbiology and infection : the official publication of the European           Society of Clinical Microbiology and Infectious Diseases	Changes in the gut microbiota and risk of colonization by multidrug-resistant bacteria, infection, and death in critical care patients.	10.1016/j.cmi.2022.01.004		0	0				Infectious		Gut	Amplicon	Spain	pipeline	
MMC2-09893	4	2022	Journal of endodontics	Impact of an Enhanced Infection Control Protocol on the Microbial Community Profile in Molar Root Canal Treatment: An in Vivo NGS Molecular Study.	10.1016/j.joen.2022.08.008		0	0				Infectious		Oral	Amplicon	United Kingdom	pipeline	
MMC2-09894	4	2024	Journal of affective disorders	Differences in intestinal bacteria in traumatic injury survivors with and without probable posttraumatic stress disorder.	10.1016/j.jad.2024.06.075		0	0				Healthy		Gut	Amplicon	United States	pipeline	
MMC2-09898	4	2019	International forum of allergy & rhinology	The effect of maxillary sinus antrostomy size on the sinus microbiome.	10.1002/alr.22224		0	0				Respiratory		Nasal	Amplicon	United States	pipeline	
MMC2-09902	4	2022	The Journal of investigative dermatology	Altered Skin and Gut Microbiome in Hidradenitis Suppurativa.	10.1016/j.jid.2021.05.036		0	0				Gastrointestinal		Multiple	Amplicon	Ireland	pipeline	
MMC2-09907	4	2018	Inflammatory bowel diseases	No Significant Association Between the Fecal Microbiome and the Presence of Irritable Bowel Syndrome-type Symptoms in Patients with Quiescent Inflammatory Bowel Disease.	10.1093/ibd/izy052		0	0				Gastrointestinal		Gut	Amplicon	United Kingdom	reviewer_agrees	
MMC2-09917	4	2022	Diabetologia	Gut microbiota mediate melatonin signalling in association with type 2 diabetes.	10.1007/s00125-022-05747-w		0	0				Metabolic		Multiple	Amplicon	China	pipeline	
MMC2-09922	4	2017	Thorax	The lower airway microbiota in early cystic fibrosis lung disease: a longitudinal analysis.	10.1136/thoraxjnl-2016-209279		0	0				Respiratory		Pulmonary	Amplicon	United States	pipeline	
MMC2-09923	4	2014	Journal of periodontal research	16S rDNA-based metagenomic analysis of dental plaque and lung bacteria in patients with severe acute exacerbations of chronic obstructive pulmonary disease.	10.1111/jre.12159		0	0				Respiratory		Multiple	Amplicon	China	pipeline	
MMC2-09928	4	2019	Neuroscience letters	Alteration of the fecal microbiota in North-Eastern Han Chinese population with sporadic Parkinson's disease.	10.1016/j.neulet.2019.134297		0	0				Neurodegenerative		Gut	Amplicon	China	pipeline	
MMC2-09929	4	2018	Gastroenterology	Intestinal Dysbiosis Featuring Abundance of Ruminococcus gnavus Associates With Allergic Diseases in Infants.	10.1053/j.gastro.2017.09.006		0	0				Respiratory		Multiple	Amplicon	China	pipeline	
MMC2-09930	4	2025	Spine deformity	Gut microbiota alterations in adolescent idiopathic scoliosis: a comparison study with healthy control and congenital scoliosis.	10.1007/s43390-024-00988-8		0	0				Healthy		Gut	Amplicon	China	pipeline	
MMC2-09941	4	2019	Clinical microbiology and infection : the official publication of the European           Society of Clinical Microbiology and Infectious Diseases	The bacterial aetiology of pleural empyema. A descriptive and comparative metagenomic study.	10.1016/j.cmi.2018.11.030		0	0				Respiratory		Oral	Amplicon	United States	pipeline	
MMC2-09942	4	2019	Liver international : official journal of the International Association for the           Study of the Liver	Faecal microbiota from patients with cirrhosis has a low capacity to ferment non-digestible carbohydrates into short-chain fatty acids.	10.1111/liv.14106		0	0				Healthy		Gut	Amplicon	Canada	pipeline	
MMC2-09949	4	2024	Journal of affective disorders	Gut microbiome in atypical depression.	10.1016/j.jad.2024.01.060		0	0				Mental Health		Gut	Amplicon	Germany	pipeline	
MMC2-09952	4	2024	Journal of stroke and cerebrovascular diseases : the official journal of National           Stroke Association	The gut microbiome and serum metabolome are altered and interrelated in patients with intracranial atherosclerotic stenosis.	10.1016/j.jstrokecerebrovasdis.2024.107887		0	0				Cardiovascular		Multiple	Amplicon	China	pipeline	
MMC2-09953	4	2024	Odontology	Relationship of MMP-9 with the clinical course of apical periodontitis and the main bacterial species in the oral microbiota.	10.1007/s10266-023-00895-w		0	0				Cancer		Oral	Amplicon	Turkey	pipeline	
MMC2-09954	4	2021	Peritoneal dialysis international : journal of the International Society for           Peritoneal Dialysis	Clinical characteristics associated with the properties of gut microbiota in peritoneal dialysis patients.	10.1177/0896860820976983		0	0				Cardiovascular		Gut	Amplicon	China	pipeline	
MMC2-09958	4	2022	Anales de pediatria	Characterization of the nasopharyngeal microbiome in patients with Kawasaki disease.	10.1016/j.anpede.2022.08.001		0	0				Healthy		Nasal	Amplicon	Spain	pipeline	
MMC2-09961	4	2017	European journal of nutrition	Probiotics modulate gut microbiota and health status in Japanese cedar pollinosis patients during the pollen season.	10.1007/s00394-016-1264-3		0	0				Immune Complications		Multiple	Amplicon	Japan	pipeline	
MMC2-09962	4	2020	Journal of developmental origins of health and disease	Perturbations of gut microbiota in gestational diabetes mellitus patients induce hyperglycemia in germ-free mice.	10.1017/S2040174420000768		0	0				Metabolic		Multiple	Amplicon	China	t4_reviewer_accepts_proposal	
MMC2-09963	4	2019	Chest	Multiple Respiratory Microbiota Profiles Are Associated With Lower Airway Inflammation in Children With Protracted Bacterial Bronchitis.	10.1016/j.chest.2019.01.002		0	0				Respiratory		Pulmonary	Amplicon	Australia	pipeline	
MMC2-09964	4	2017	Digestive diseases and sciences	Effect of Aging on the Composition of Fecal Microbiota in Donors for FMT and Its Impact on Clinical Outcomes.	10.1007/s10620-017-4449-6		0	0				Infectious		Gut	Amplicon	United States	pipeline	
MMC2-09965	4	2019	Bone	Alterations of the gut microbiome and plasma proteome in Chinese patients with adolescent idiopathic scoliosis.	10.1016/j.bone.2018.11.017		0	0				Endocrine		Multiple	Amplicon	China	pipeline	
MMC2-09967	4	2025	Clinical laboratory	Abundance and Composition of the Meconium Microbiota in Preterm Infants with Infections, Feeding Intolerance, or Necrotizing Enterocolitis.	10.7754/Clin.Lab.2024.240911		0	0				Respiratory		Gut	Amplicon		pipeline	
MMC2-09976	4	2015	Movement disorders : official journal of the Movement Disorder Society	Gut microbiota are related to Parkinson's disease and clinical phenotype.	10.1002/mds.26069		0	0				Gastrointestinal		Gut	Amplicon	Finland	pipeline	
MMC2-09978	4	2019	Gastroenterology	Metabolic Functions of Gut Microbes Associate With Efficacy of Tumor Necrosis Factor Antagonists in Patients With Inflammatory Bowel Diseases.	10.1053/j.gastro.2019.07.025		0	0				Cancer		Gut	Amplicon	Germany	pipeline	
MMC2-09982	4	2023	The Journal of perinatal & neonatal nursing	The Salivary Microbiome During Pregnancy: Associations With Clinical and Sociodemographic Characteristics.	10.1097/JPN.0000000000000715		0	0				Reproductive		Oral	Amplicon	United States	pipeline	
MMC2-09990	4	2021	The Journal of allergy and clinical immunology	A population-based study on associations of stool microbiota with atopic diseases in school-age children.	10.1016/j.jaci.2021.04.001		0	0				Respiratory		Multiple	Amplicon	Netherlands	pipeline	
MMC2-09992	4	2018	The Journal of investigative dermatology	Longitudinal Study of the Psoriasis-Associated Skin Microbiome during Therapy with Ustekinumab in a Randomized Phase 3b Clinical Trial.	10.1016/j.jid.2018.03.1501		0	0				Infectious		Multiple	Amplicon	United States	t4_reviewer_accepts_proposal	
MMC2-09998	4	2019	Annals of the rheumatic diseases	Specific changes in faecal microbiota are associated with familial Mediterranean fever.	10.1136/annrheumdis-2019-215258		0	0				Cancer		Gut	Amplicon	France	pipeline	
MMC2-09999	4	2024	Auris, nasus, larynx	Characterization of microbial diversity and eosinophilic otitis media biomarkers using next-generation sequencing.	10.1016/j.anl.2024.10.012		0	0				Cancer		Multiple	Amplicon	Japan	pipeline	
MMC2-10001	4	2021	Journal of developmental origins of health and disease	Infant microbiota in colic: predictive associations with problem crying and subsequent child behavior.	10.1017/S2040174420000227		0	0				Infectious		Gut	Amplicon	Canada	pipeline	
MMC2-10002	4	2021	Journal of endocrinological investigation	Comparative assessment of gut microbial composition and function in patients with Graves' disease and Graves' orbitopathy.	10.1007/s40618-020-01298-2		0	0				Autoimmune		Gut	Amplicon	China	pipeline	
MMC2-10003	4	2019	Clinical science (London, England : 1979)	Disordered intestinal microbes are associated with the activity of Systemic Lupus Erythematosus.	10.1042/CS20180841		0	0				Autoimmune		Gut	Amplicon	China	pipeline	
MMC2-10005	4	2024	Ecotoxicology and environmental safety	Prenatal ozone exposure and variations of the gut microbiome: Evidence from a Chinese mother-infant cohort.	10.1016/j.ecoenv.2024.116861		0	0				Infectious		Gut	Amplicon	United States	pipeline	
MMC2-10010	4	2020	The Journal of surgical research	The Impact of Lactobacillus Probiotics on the Gut Microbiota in Children With Short Bowel Syndrome.	10.1016/j.jss.2020.01.024		0	0				Gastrointestinal		Gut	Amplicon	United States	reviewer_agrees	
MMC2-10013	4	2018	Science translational medicine	Gut microbiota composition and functional changes in inflammatory bowel disease and irritable bowel syndrome.	10.1126/scitranslmed.aap8914		0	0				Gastrointestinal		Gut	Shotgun	United States	pipeline	
MMC2-10014	4	2017	European journal of neurology	More than constipation - bowel symptoms in Parkinson's disease and their connection to gut microbiota.	10.1111/ene.13398		0	0				Gastrointestinal		Gut	Amplicon	Finland	pipeline	
MMC2-10019	4	2020	Journal of pediatric surgery	Microbial alteration of small bowel stoma effluents and colonic feces in infants with short bowel syndrome.	10.1016/j.jpedsurg.2019.08.004		0	0				Gastrointestinal		Gut	Amplicon	China	reviewer_agrees	
MMC2-10024	4	2018	The Journal of clinical endocrinology and metabolism	Gut Microbiota and the Polycystic Ovary Syndrome: Influence of Sex, Sex Hormones, and Obesity.	10.1210/jc.2017-02799		0	0				Metabolic		Gut	Amplicon	Spain	reviewer_agrees	
MMC2-10025	4	2016	The Journal of pediatrics	Randomized Control Trial of Human Recombinant Lactoferrin: A Substudy Reveals Effects on the Fecal Microbiome of Very Low Birth Weight Infants.	10.1016/j.jpeds.2016.02.074		0	0				Infectious		Gut	Amplicon	United States	pipeline	
MMC2-10028	4	2020	Childhood obesity (Print)	Overweight and Obesity in Children Are Associated with an Abundance of Firmicutes and Reduction of Bifidobacterium in Their Gastrointestinal Microbiota.	10.1089/chi.2019.0280		0	0				Metabolic		Gut	Amplicon	Trinidad and Tobago	pipeline	
MMC2-10029	4	2022	International psychogeriatrics	The intestinal microbiota as a predictor for antidepressant treatment outcome in geriatric depression: a prospective pilot study.	10.1017/S1041610221000120		0	0				Mental Health		Gut	Amplicon	United States	pipeline	
MMC2-10031	4	2018	Digestive diseases and sciences	Fecal and Mucosa-Associated Intestinal Microbiota in Patients with Diarrhea-Predominant Irritable Bowel Syndrome.	10.1007/s10620-018-5086-4		0	0				Gastrointestinal		Gut	Amplicon	United States	pipeline	
MMC2-10032	4	2018	Anaerobe	Differences in fecal microbial metabolites and microbiota of children with autism spectrum disorders.	10.1016/j.anaerobe.2017.12.007		0	0				Respiratory		Gut	Amplicon	United States	pipeline	
MMC2-10035	4	2025	Clinical oral investigations	Bacterial translocation signatures and subgingival microbiome in individuals with periodontitis.	10.1007/s00784-025-06363-9		0	0				Oral		Multiple	Amplicon	Colombia	pipeline	
MMC2-10042	4	2019	Revista espanola de enfermedades digestivas	An altered fecal microbiota profile in patients with non-alcoholic fatty liver disease (NAFLD) associated with obesity.	10.17235/reed.2019.6068/2018		0	0				Metabolic		Gut	Amplicon	Spain	pipeline	
MMC2-10049	4	2018	Acta obstetricia et gynecologica Scandinavica	Gut microbiome in gestational diabetes: a cross-sectional study of mothers and offspring 5 years postpartum.	10.1111/aogs.13252		0	0				Metabolic		Gut	Amplicon	Finland	pipeline	
MMC2-10050	4	2023	Journal of clinical periodontology	Subgingival microbiome in periodontal health, gingivitis and different stages of periodontitis.	10.1111/jcpe.13793		0	0				Oral		Oral	Amplicon	Spain	pipeline	
MMC2-10054	4	2021	Hepatology (Baltimore, Md.)	Eradication of Chronic HCV Infection: Improvement of Dysbiosis Only in Patients Without Liver Cirrhosis.	10.1002/hep.31700		0	0				Liver		Gut	Amplicon	Germany	pipeline	
MMC2-10056	4	2021	The Laryngoscope	Distinct Clinical Pathology and Microbiota in Chronic Rhinosinusitis With Nasal Polyps Endotypes.	10.1002/lary.28858		0	0				Cancer		Multiple	Amplicon	Sudan	pipeline	
MMC2-10058	4	2021	Pregnancy hypertension	Pregnant women who develop preeclampsia have lower abundance of the butyrate-producer Coprococcus in their gut microbiota.	10.1016/j.preghy.2021.01.002		0	0				Metabolic		Gut	Amplicon	Australia	pipeline	
MMC2-10061	4	2018	Thorax	Sputum microbiota is predictive of long-term clinical outcomes in young adults with cystic fibrosis.	10.1136/thoraxjnl-2018-211510		0	0				Respiratory		Pulmonary	Amplicon	Canada	pipeline	
MMC2-10062	4	2020	Beneficial microbes	Effect of Bifidobacterium infantis NLS super strain in symptomatic coeliac disease patients on long-term gluten-free diet - an exploratory study.	10.3920/BM2020.0016		0	0				Gastrointestinal		Multiple	Amplicon	United States	pipeline	
MMC2-10064	4	2017	Lancet (London, England)	Multidonor intensive faecal microbiota transplantation for active ulcerative colitis: a randomised placebo-controlled trial.	10.1016/S0140-6736(17)30182-4		0	0				Gastrointestinal		Gut	Amplicon	Australia	pipeline	
MMC2-10065	4	2021	Progress in neuro-psychopharmacology & biological psychiatry	Analysis of gut microbiota and intestinal integrity markers of inpatients with major depressive disorder.	10.1016/j.pnpbp.2020.110076		0	0				Mental Health		Gut	Amplicon	Poland	pipeline	
MMC2-10068	4	2018	American journal of nephrology	Gut Microbiota Dysbiosis in Children with Relapsing Idiopathic Nephrotic Syndrome.	10.1159/000487557		0	0				Immune Complications		Gut	Amplicon	Japan	pipeline	
MMC2-10070	4	2021	Nutrition, metabolism, and cardiovascular diseases : NMCD	Maternal gut microbiota displays minor changes in overweight and obese women with GDM.	10.1016/j.numecd.2021.03.029		0	0				Metabolic		Gut	Amplicon	Australia	pipeline	
MMC2-10073	4	2021	Journal of clinical apheresis	Adsorptive granulomonocytapheresis alters the gut bacterial microbiota in patients with active ulcerative colitis.	10.1002/jca.21887		0	0				Gastrointestinal		Gut	Amplicon	China	pipeline	
MMC2-10075	4	2018	Thyroid : official journal of the American Thyroid Association	Alterations of the Gut Microbiota in Hashimoto's Thyroiditis Patients.	10.1089/thy.2017.0395		0	0				Infectious		Gut	Amplicon	China	pipeline	
MMC2-10078	4	2020	Biochimie	Is the gut microbiota dysbiotic in patients with classical homocystinuria?	10.1016/j.biochi.2020.02.013		0	0				Genetic		Multiple	Amplicon	Brazil	reviewer_agrees	
MMC2-10079	4	2021	Amyotrophic lateral sclerosis & frontotemporal degeneration	The human gut microbiota in people with amyotrophic lateral sclerosis.	10.1080/21678421.2020.1828475		0	0				Gastrointestinal		Gut	Shotgun	United States	pipeline	
MMC2-10081	4	2024	Helicobacter	Long-term effects of fecal microbiota transplantation on gut microbiota after Helicobacter pylori eradication with bismuth quadruple therapy: A randomized controlled trial.	10.1111/hel.13079		0	0				Gastrointestinal		Gut	Shotgun	China	pipeline	
MMC2-10084	4	2016	Bioscience, biotechnology, and biochemistry	A preliminary investigation on the relationship between gut microbiota and gene expressions in peripheral mononuclear cells of infants with autism spectrum disorders.	10.1080/09168451.2016.1222267		0	0				Mental Health		Multiple	Amplicon	Japan	pipeline	
MMC2-10086	4	2017	The International journal of eating disorders	Gut microbiota and body composition in anorexia nervosa inpatients in comparison to athletes, overweight, obese, and normal weight controls.	10.1002/eat.22801		0	0				Metabolic		Gut	Amplicon	Austria	reviewer_agrees	
MMC2-10088	4	2014	Physiological genomics	Structural changes in the gut microbiome of constipated patients.	10.1152/physiolgenomics.00082.2014		0	0				Gastrointestinal		Gut	Amplicon	United States	pipeline	
MMC2-10094	4	2018	Gut	Gut microbial profile is altered in primary biliary cholangitis and partially restored after UDCA therapy.	10.1136/gutjnl-2016-313332		0	0				Liver		Multiple	Amplicon	United States	pipeline	
MMC2-10103	4	2019	Endocrine	Response of gut microbiota in type 2 diabetes to hypoglycemic agents.	10.1007/s12020-019-02041-5		0	0				Metabolic		Gut	Amplicon	China	pipeline	
MMC2-10104	4	2024	Journal of cardiovascular translational research	Gut Microbiota as Predictive Biomarker for Chronic Heart Failure in Patients with Different Nutritional Risk.	10.1007/s12265-024-10529-3		0	0				Metabolic		Gut	Amplicon	China	pipeline	
MMC2-10105	4	2021	Journal of periodontal research	Oral microbiota and atherothrombotic carotid plaque vulnerability in periodontitis patients. A cross-sectional study.	10.1111/jre.12826		0	0				Infectious		Multiple	Shotgun	France	pipeline	
MMC2-10109	4	2024	The Journal of heart and lung transplantation : the official publication of the           International Society for Heart Transplantation	Alterations in the sarcopenia index are associated with inflammation, gut, and oral microbiota among heart failure, left ventricular assist device, and heart transplant patients.	10.1016/j.healun.2024.04.069		0	0				Cancer		Multiple	Amplicon	United States	pipeline	
MMC2-10113	4	2019	Thorax	Early nasal microbiota and acute respiratory infections during the first years of life.	10.1136/thoraxjnl-2018-212629		0	0				Respiratory		Multiple	Amplicon	United States	pipeline	
MMC2-10115	4	2020	Diabetes research and clinical practice	The genus Sutterella is a potential contributor to glucose metabolism improvement after Roux-en-Y gastric bypass surgery in T2D.	10.1016/j.diabres.2020.108116		0	0				Healthy		Multiple	Amplicon	China	pipeline	
MMC2-10123	4	2025	Clinical rheumatology	MTX-induced gastrointestinal reactions in RA: Prevotella enrichment, gut dysbiosis, and PI3K/Akt/Ras/AMPK pathways.	10.1007/s10067-025-07406-y		0	0				Metabolic		Gut	Amplicon	China	pipeline	
MMC2-10125	4	2016	BJOG : an international journal of obstetrics and gynaecology	Impact of maternal intrapartum antibiotics, method of birth and breastfeeding on gut microbiota during the first year of life: a prospective cohort study.	10.1111/1471-0528.13601		0	0				Infectious		Gut	Amplicon	Canada	pipeline	
MMC2-10126	4	2019	Allergy	Temporal and long-term gut microbiota variation in allergic disease: A prospective study from infancy to school age.	10.1111/all.13485		0	0				Immune Complications		Gut	Amplicon	Sweden	pipeline	
MMC2-10130	4	2018	Acta dermato-venereologica	Patients with Acne Vulgaris Have a Distinct Gut Microbiota in Comparison with Healthy Controls.	10.2340/00015555-2968		0	0				Skin		Gut	Amplicon	China	pipeline	
MMC2-10134	4	2016	Clinical science (London, England : 1979)	Shifts in Lachnospira and Clostridium sp. in the 3-month stool microbiome are associated with preschool age asthma.	10.1042/CS20160349		0	0				Respiratory		Gut	Amplicon	Canada	pipeline	
MMC2-10144	4	2025	Pediatric research	Gut microbiome impact on childhood allergic rhinitis and house dust mite IgE responses.	10.1038/s41390-024-03645-y		0	0				Respiratory		Multiple	Shotgun	China	pipeline	
MMC2-10159	4	2020	Journal of science and medicine in sport	Is the gut microbiota bacterial abundance and composition associated with intestinal epithelial injury, systemic inflammatory profile, and gastrointestinal symptoms in response to exertional-heat stre	10.1016/j.jsams.2020.06.002		0	0				Infectious		Multiple	Amplicon	Australia	pipeline	
MMC2-10165	4	2024	The journal of obstetrics and gynaecology research	The gut microbiota composition and metabolites are different in women with hypertensive disorders of pregnancy and normotension: A pilot study.	10.1111/jog.15844		0	0				Reproductive		Gut	Amplicon	China	pipeline	
MMC2-10170	4	2022	Autism research : official journal of the International Society for Autism           Research	Alteration of the fecal microbiota in Chinese children with autism spectrum disorder.	10.1002/aur.2718		0	0				Infectious		Gut	Amplicon	United States	pipeline	
MMC2-10171	4	2024	Journal of endocrinological investigation	Gut microbiota, a potential cause of higher insulin sensitivity in children with Prader-Willi syndrome.	10.1007/s40618-023-02194-1		0	0				Metabolic		Gut	Shotgun	United States	pipeline	
MMC2-10175	4	2015	Gut	Iron fortification adversely affects the gut microbiome, increases pathogen abundance and induces intestinal inflammation in Kenyan infants.	10.1136/gutjnl-2014-307720		0	0				Gastrointestinal		Gut	Amplicon	Switzerland	pipeline	
MMC2-10177	4	2021	Nutrition, metabolism, and cardiovascular diseases : NMCD	Compositional and functional alterations of gut microbiota in patients with stroke.	10.1016/j.numecd.2021.08.045		0	0				Cardiovascular		Multiple	Amplicon	China	pipeline	
MMC2-10178	4	2021	Pediatric diabetes	Early markers of periodontal disease and altered oral microbiota are associated with glycemic control in children with type 1 diabetes.	10.1111/pedi.13170		0	0				Metabolic		Oral	Amplicon	Australia	pipeline	
MMC2-10184	4	2025	European journal of nutrition	Effects of konjac glucomannan on gastrointestinal symptoms and gut microbiota in athletes with functional constipation: a double-blind randomized controlled trial.	10.1007/s00394-025-03826-3		0	0				Gastrointestinal		Gut	Amplicon	China	pipeline	
MMC2-10191	4	2024	Nutritional neuroscience	The gut microbial signatures of patients with lacunar cerebral infarction.	10.1080/1028415X.2023.2242121		0	0				Infectious		Gut	Amplicon	China	pipeline	
MMC2-10196	4	2020	Diabetes & metabolism	Effects of 12-week treatment with dapagliflozin and gliclazide on faecal microbiome: Results of a double-blind randomized trial in patients with type 2 diabetes.	10.1016/j.diabet.2019.11.005		0	0				Metabolic		Multiple	Amplicon	Netherlands	t4_reviewer_accepts_proposal	
MMC2-10198	4	2017	Brain research	Gut microbiota in Parkinson disease in a northern German cohort.	10.1016/j.brainres.2017.04.019		0	0				Neurodegenerative		Gut	Amplicon	Germany	pipeline	
MMC2-10199	4	2020	Pharmacological research	Fecal bacteria can predict the efficacy of rifaximin in patients with diarrhea-predominant irritable bowel syndrome.	10.1016/j.phrs.2020.104936		0	0				Gastrointestinal		Gut	Amplicon	China	pipeline	
MMC2-10200	4	2017	Inflammatory bowel diseases	Changes in Intestinal Microbiota Following Combination Therapy with Fecal Microbial Transplantation and Antibiotics for Ulcerative Colitis.	10.1097/MIB.0000000000000975		0	0				Gastrointestinal		Gut	Amplicon	Japan	pipeline	
MMC2-10205	4	2019	Journal of Crohn's & colitis	IL23R-Protective Coding Variant Promotes Beneficial Bacteria and Diversity in the Ileal Microbiome in Healthy Individuals Without Inflammatory Bowel Disease.	10.1093/ecco-jcc/jjy188		0	0				Gastrointestinal		Gut	Amplicon	Australia	pipeline	
MMC2-10206	4	2020	Digestive diseases and sciences	Fecal Microbiota Transplantation in Pouchitis: Clinical, Endoscopic, Histologic, and Microbiota Results from a Pilot Study.	10.1007/s10620-019-05715-2		0	0				Gastrointestinal		Gut	Amplicon	United States	pipeline	
MMC2-10209	4	2025	Journal of pediatric surgery	Bacteroidetes/Firmicutes Ratio as an Early Biomarker for NEC Development in Preterm Infants.	10.1016/j.jpedsurg.2025.162606		0	0				Gastrointestinal		Gut	Amplicon	China	pipeline	
MMC2-10212	4	2020	European journal of nutrition	Gut microbiota is associated with adiposity markers and probiotics may impact specific genera.	10.1007/s00394-019-02034-0		0	0				Metabolic		Gut	Amplicon	Brazil	pipeline	
MMC2-10230	4	2023	Journal of the Formosan Medical Association = Taiwan yi zhi	Effects of direct anti-viral agents on the gut microbiota in patients with chronic hepatitis C.	10.1016/j.jfma.2022.08.022		0	0				Liver		Gut	Amplicon	China	pipeline	
MMC2-10234	4	2021	Experimental dermatology	Identification of gut microbiota signatures in symptomatic dermographism.	10.1111/exd.14326		0	0				Healthy		Gut	Amplicon	China	pipeline	
MMC2-10235	4	2024	European journal of clinical investigation	Gut microbiota and its relationship with early vascular ageing in a Spanish population (MIVAS study).	10.1111/eci.14228		0	0				Cardiovascular		Gut	Amplicon	Spain	pipeline	
MMC2-10238	4	2020	Journal of gastroenterology	The microbiome can predict mucosal healing in small intestine in patients with Crohn's disease.	10.1007/s00535-020-01728-1		0	0				Gastrointestinal		Gut	Amplicon	Japan	pipeline	
MMC2-10244	4	2018	The Journal of allergy and clinical immunology	Perturbations of gut microbiome genes in infants with atopic dermatitis according to feeding type.	10.1016/j.jaci.2017.11.045		0	0				Infectious		Gut	Both	South Korea	pipeline	
MMC2-10246	4	2019	Movement disorders : official journal of the Movement Disorder Society	Unraveling gut microbiota in Parkinson's disease and atypical parkinsonism.	10.1002/mds.27581		0	0				Neurodegenerative		Gut	Amplicon	Italy	pipeline	
MMC2-10247	4	2015	Clinical and experimental allergy : journal of the British Society for Allergy           and Clinical Immunology	High level of fecal calprotectin at age 2 months as a marker of intestinal inflammation predicts atopic dermatitis and asthma by age 6.	10.1111/cea.12522		0	0				Respiratory		Gut	Amplicon	Switzerland	pipeline	
MMC2-10253	4	2016	Inflammatory bowel diseases	Microbiome Survey of the Inflamed and Noninflamed Gut at Different Compartments Within the Gastrointestinal Tract of Inflammatory Bowel Disease Patients.	10.1097/MIB.0000000000000684		0	0				Gastrointestinal		Gut	Amplicon	Canada	pipeline	
MMC2-10255	4	2016	Journal of gastrointestinal and liver diseases : JGLD	Association of Enteric Protist Blastocystis spp. and Gut Microbiota with Hepatic Encephalopathy.	10.15403/jgld.2014.1121.254.yiz		0	0				Liver		Gut	Amplicon	Turkey	pipeline	
MMC2-10259	4	2020	The journal of maternal-fetal & neonatal medicine : the official journal of the           European Association of Perinatal Medicine, the Federation of Asia and Oceania            Perinatal Societies, the International Society of Perinatal Obstetricians	Preterm infant gut microbial patterns related to the development of necrotizing enterocolitis.	10.1080/14767058.2018.1490719		0	0				Gastrointestinal		Gut	Amplicon	United States	pipeline	
MMC2-10260	4	2020	Acta diabetologica	Metagenomic analysis reveals gestational diabetes mellitus-related microbial regulators of glucose tolerance.	10.1007/s00592-019-01434-2		0	0				Metabolic		Gut	Shotgun	United States	pipeline	
MMC2-10265	4	2020	Digestion	Higher Levels of Streptococcus in Upper Gastrointestinal Mucosa Associated with Symptoms in Patients with Functional Dyspepsia.	10.1159/000504090		0	0				Gastrointestinal		Multiple	Amplicon	Japan	reviewer_agrees	
MMC2-10266	4	2021	Microbial pathogenesis	Gut flora and metabolism are altered in epilepsy and partially restored after ketogenic diets.	10.1016/j.micpath.2021.104899		0	0				Neurological		Gut	Amplicon	China	pipeline	
MMC2-10267	4	2015	Digestive diseases and sciences	Fecal Microbiota in Patients with Irritable Bowel Syndrome Compared with Healthy Controls Using Real-Time Polymerase Chain Reaction: An Evidence of Dysbiosis.	10.1007/s10620-015-3607-y		0	0				Gastrointestinal		Gut	Amplicon	India	reviewer_agrees	
MMC2-10268	4	2017	The British journal of nutrition	Dietary intake of fat and fibre according to reference values relates to higher gut microbiota richness in overweight pregnant women.	10.1017/S0007114517002100		0	0				Metabolic		Multiple	Amplicon	Finland	pipeline	
MMC2-10269	4	2019	Clinical nutrition (Edinburgh, Scotland)	Altered host-gut microbes symbiosis in severely malnourished anorexia nervosa (AN) patients undergoing enteral nutrition: An explicative factor of functional intestinal disorders?	10.1016/j.clnu.2018.10.004		0	0				Infectious		Gut	Amplicon	Spain	pipeline	
MMC2-10270	4	2022	European journal of clinical investigation	Alterations in gut microbiota and elevated serum bilirubin in primary biliary cholangitis patients treated with ursodeoxycholic acid.	10.1111/eci.13714		0	0				Liver		Multiple	Amplicon	China	pipeline	
MMC2-10273	4	2016	Mucosal immunology	Altered gut microbiota profile in common variable immunodeficiency associates with levels of lipopolysaccharide and markers of systemic immune activation.	10.1038/mi.2016.18		0	0				Gastrointestinal		Multiple	Amplicon	Norway	pipeline	
MMC2-10276	4	2021	Journal of gastroenterology and hepatology	Self-reported bowel symptoms are associated with differences in overall gut microbiota composition and enrichment of Blautia in a population-based cohort.	10.1111/jgh.15104		0	0				Gastrointestinal		Gut	Amplicon	Sweden	pipeline	
MMC2-10278	4	2022	Biomedicine & pharmacotherapy = Biomedecine & pharmacotherapie	Gut microbiota of patients with type 2 diabetes and gastrointestinal intolerance to metformin differs in composition and functionality from tolerant patients.	10.1016/j.biopha.2021.112448		0	0				Metabolic		Gut	Amplicon	Spain	pipeline	
MMC2-10280	4	2022	Microbial pathogenesis	Analysis of gut microbiota in patients with epilepsy treated with valproate: Results from a three months observational prospective cohort study.	10.1016/j.micpath.2021.105340		0	0				Neurological		Gut	Amplicon	China	pipeline	
MMC2-10286	4	2016	American journal of transplantation : official journal of the American Society of           Transplantation and the American Society of Transplant Surgeons	Looking Beyond Respiratory Cultures: Microbiome-Cytokine Signatures of Bacterial Pneumonia and Tracheobronchitis in Lung Transplant Recipients.	10.1111/ajt.13676		0	0				Respiratory		Pulmonary	Amplicon	United States	pipeline	
MMC2-10287	4	2017	Journal of breath research	The tongue microbiome in healthy subjects and patients with intra-oral halitosis.	10.1088/1752-7163/aa7c24		0	0				Respiratory		Oral	Amplicon	Netherlands	pipeline	
MMC2-10288	4	2018	Clinical nutrition (Edinburgh, Scotland)	A randomized trial to determine the impact of a digestion resistant starch composition on the gut microbiome in older and mid-age adults.	10.1016/j.clnu.2017.03.025		0	0				Infectious		Gut	Amplicon	Canada	t4_reviewer_accepts_proposal	
MMC2-10290	4	2018	Helicobacter	Gut microbiome can be restored without adverse events after Helicobacter pylori eradication therapy in teenagers.	10.1111/hel.12541		0	0				Infectious		Gut	Amplicon	Japan	pipeline	
MMC2-10301	4	2019	Journal of breath research	Relationship of tongue coating microbiome on volatile sulfur compounds in healthy and halitosis adults.	10.1088/1752-7163/ab47b4	PRJNA504320	0	0				Oral		Oral	Amplicon	China	t4_reviewer_accepts_proposal	
MMC2-10302	4	2020	BJU international	The effect of the urinary and faecal microbiota on lower urinary tract symptoms measured by the International Prostate Symptom Score: analysis utilising next-generation sequencing.	10.1111/bju.14972		0	0				Mental Health		Multiple	Amplicon	United States	pipeline	
MMC2-10309	4	2016	International forum of allergy & rhinology	Investigation of bacterial repopulation after sinus surgery and perioperative antibiotics.	10.1002/alr.21630		0	0				Respiratory		Nasal	Amplicon	United States	pipeline	
MMC2-10314	4	2019	Hepatology international	Significant decrease in Faecalibacterium among gut microbiota in nonalcoholic fatty liver disease: a large BMI- and sex-matched population study.	10.1007/s12072-019-09987-8		0	0				Metabolic		Gut	Amplicon	Japan	pipeline	
MMC2-10322	4	2019	The Laryngoscope	Loss of Microbial Niche Specificity Between the Upper and Lower Airways in Patients With Cystic Fibrosis.	10.1002/lary.27454		0	0				Respiratory		Multiple	Amplicon	United States	pipeline	
MMC2-10324	4	2022	Hepatology international	Alterations of gut microbiome and metabolite profiles in choledocholithiasis concurrent with cholangitis.	10.1007/s12072-021-10231-5		0	0				Liver		Multiple	Shotgun	China	pipeline	
MMC2-10328	4	2019	Acta paediatrica (Oslo, Norway : 1992)	The gut microbiota of hand, foot and mouth disease patients demonstrates down-regulated butyrate-producing bacteria and up-regulated inflammation-inducing bacteria.	10.1111/apa.14644		0	0				Healthy		Multiple	Amplicon	China	pipeline	
MMC2-10332	4	2015	Gut	The HLA-DQ2 genotype selects for early intestinal microbiota composition in infants at high risk of developing coeliac disease.	10.1136/gutjnl-2014-306931		0	0				Gastrointestinal		Gut	Amplicon	Spain	pipeline	
MMC2-10336	4	2024	Nutrition, metabolism, and cardiovascular diseases : NMCD	Association of short-chain fatty acids and the gut microbiome with type 2 diabetes: Evidence from the Henan Rural Cohort.	10.1016/j.numecd.2024.03.014		0	0				Metabolic		Gut	Amplicon	China	pipeline	
MMC2-10340	4	2020	Helicobacter	Long-term changes in the gut microbiota after 14-day bismuth quadruple therapy in penicillin-allergic children.	10.1111/hel.12721		0	0				Gastrointestinal		Gut	Amplicon	China	pipeline	
MMC2-10346	4	2021	Journal of travel medicine	Role of gut microbiota in travel-related acquisition of extended spectrum β-lactamase-producing Enterobacteriaceae.	10.1093/jtm/taab022		0	0				Infectious		Gut	Amplicon	China	pipeline	
MMC2-10348	4	2025	Journal of thrombosis and haemostasis : JTH	Gut microbiome dysbiosis is not associated with portal vein thrombosis in patients with end-stage liver disease: a cross-sectional study.	10.1016/j.jtha.2024.12.036		0	0				Cardiovascular		Multiple	Shotgun	United States	pipeline	
MMC2-10358	4	2016	The British journal of nutrition	Host-microbiome interactions in human type 2 diabetes following prebiotic fibre (galacto-oligosaccharide) intake.	10.1017/S0007114516004086		0	0				Metabolic		Gut	Amplicon	United Kingdom	pipeline	
MMC2-10359	4	2019	Journal of pediatric gastroenterology and nutrition	Decreased Fecal Bacterial Diversity and Altered Microbiome in Children Colonized With Clostridium difficile.	10.1097/MPG.0000000000002210		0	0				Gastrointestinal		Gut	Amplicon	United States	pipeline	
MMC2-10372	4	2021	Experimental dermatology	Comparison of the skin microbiota in acne and rosacea.	10.1111/exd.14098		0	0				Skin		Skin	Amplicon	United States	pipeline	
MMC2-10373	4	2022	International journal of sports medicine	Fecal Microbiota Monitoring in Elite Soccer Players Along the 2019-2020 Competitive Season.	10.1055/a-1858-1810		0	0				Respiratory		Gut	Amplicon	Italy	pipeline	
MMC2-10381	4	2015	Blood	Low urinary indoxyl sulfate levels early after transplantation reflect a disrupted microbiome and are associated with poor outcome.	10.1182/blood-2015-04-638858		0	0				Immune Complications		Multiple	Amplicon	Germany	pipeline	
MMC2-10392	4	2020	Behavioural brain research	Analysis of gut mycobiota in first-episode, drug-naïve Chinese patients with schizophrenia: A pilot study.	10.1016/j.bbr.2019.112374		0	0				Mental Health		Gut	Amplicon	China	pipeline	
MMC2-10394	4	2018	Gastroenterology	Effects of Prebiotics vs a Diet Low in FODMAPs in Patients With Functional Gut Disorders.	10.1053/j.gastro.2018.06.045		0	0				Healthy		Gut	Amplicon	United Kingdom	pipeline	
MMC2-10398	4	2024	The Journal of nutrition	Erythrocyte Very Long-Chain Saturated Fatty Acids, Gut Microbiota-Bile Acid Axis, and Incident Coronary Artery Disease in Adults: A Prospective Cohort Study.	10.1016/j.tjnut.2024.08.005		0	0				Cardiovascular		Multiple	Amplicon	China	pipeline	
MMC2-10403	4	2024	The spine journal : official journal of the North American Spine Society	Does the gut microbiome influence disc health and disease? The interplay between dysbiosis, pathobionts, and disc inflammation: a pilot study.	10.1016/j.spinee.2024.06.020		0	0				Anatomical		Multiple	Amplicon	India	pipeline	
MMC2-10405	4	2025	Pediatrics and neonatology	Association of toll-like receptors with the airway-intestinal microbiota and pneumonia development in preterm infants - A case control study.	10.1016/j.pedneo.2024.10.008		0	0				Respiratory		Multiple	Amplicon	China	pipeline	
MMC2-10417	4	2021	Journal of the Chinese Medical Association : JCMA	Fecal microbiota profile in patients with inflammatory bowel disease in Taiwan.	10.1097/JCMA.0000000000000532		0	0				Gastrointestinal		Gut	Amplicon	China	pipeline	
MMC2-10425	4	2022	Journal of renal nutrition : the official journal of the Council on Renal           Nutrition of the National Kidney Foundation	Diet Quality and Protein-Bound Uraemic Toxins: Investigation of Novel Risk Factors and the Role of Microbiome in Chronic Kidney Disease.	10.1053/j.jrn.2021.10.003		0	0				Healthy		Gut	Shotgun	Australia	pipeline	
MMC2-10426	4	2021	Otolaryngology--head and neck surgery : official journal of American Academy of           Otolaryngology-Head and Neck Surgery	A Pilot Investigation of the Pediatric Nasal Microbiome.	10.1177/01945998211004161		0	0				Respiratory		Nasal	Amplicon	United States	pipeline	
MMC2-10433	4	2024	International urology and nephrology	Characterization of gut microbiota in patients with stage 3-4 chronic kidney disease: a retrospective cohort study.	10.1007/s11255-023-03893-7		0	0				Healthy		Gut	Amplicon	China	pipeline	
MMC2-10434	4	2025	Environmental research	Mediation role of gut microbiota in the association between ambient fine particulate matter components and cardiovascular disease: Evidence from a China cohort.	10.1016/j.envres.2025.121421		0	0				Cardiovascular		Gut	Amplicon	China	pipeline	
MMC2-10436	4	2022	International urology and nephrology	The influence of gut microbiome on progression of overactive bladder symptoms: a community-based 3-year longitudinal study in Aomori, Japan.	10.1007/s11255-021-03044-w		0	0				Gastrointestinal		Multiple	Amplicon	Japan	pipeline	
MMC2-10440	4	2017	Gastroenterology	Increased Tryptophan Metabolism Is Associated With Activity of Inflammatory Bowel Diseases.	10.1053/j.gastro.2017.08.028		0	0				Gastrointestinal		Multiple	Amplicon	Germany	pipeline	
MMC2-10442	4	2022	Journal of medical virology	Gut microbiota dysbiosis associated with plasma levels of Interferon-γ and viral load in patients with acute hepatitis E infection.	10.1002/jmv.27356		0	0				Liver		Multiple	Amplicon	Germany	pipeline	
MMC2-10444	4	2018	Nutrition, metabolism, and cardiovascular diseases : NMCD	Gut microbiome composition in lean patients with NASH is associated with liver damage independent of caloric intake: A prospective pilot study.	10.1016/j.numecd.2017.10.014		0	0				Metabolic		Gut	Amplicon	Italy	pipeline	
MMC2-10448	4	2024	European journal of pediatrics	Effect of Lactobacillus reuteri NCIMB 30351 drops on symptoms of infantile functional gastrointestinal disorders and gut microbiota in early infants: Results from a randomized, placebo-controlled clin	10.1007/s00431-024-05473-y		0	0				Gastrointestinal		Gut	Amplicon	Russia	pipeline	
MMC2-10453	4	2025	Annals of epidemiology	"Gut microbiome and obesity in late adolescence: A case-control study in ""Children of 1997"" birth cohort."	10.1016/j.annepidem.2024.12.009		0	0				Metabolic		Gut	Shotgun	United States	pipeline	
MMC2-10455	4	2021	Food & function	Effects of cranberry beverages on oxidative stress and gut microbiota in subjects with Helicobacter pylori infection: a randomized, double-blind, placebo-controlled trial.	10.1039/d1fo00467k		0	0				Infectious		Gut	Amplicon	China	pipeline	
MMC2-10456	4	2021	Nephrology, dialysis, transplantation : official publication of the European           Dialysis and Transplant Association - European Renal Association	Association of subjective global assessment of nutritional status with gut microbiota in hemodialysis patients: a case-control study.	10.1093/ndt/gfaa019		0	0				Metabolic		Gut	Amplicon	China	pipeline	
MMC2-10457	4	2024	Journal of investigative medicine : the official publication of the American           Federation for Clinical Research	Relationship between gut microbiome and bone deficits in primary hyperparathyroidism: A proof-of-concept pilot study.	10.1177/10815589241251695		0	0				Infectious		Multiple	Amplicon	Turkey	pipeline	
MMC2-10458	4	2016	Clinical infectious diseases : an official publication of the Infectious Diseases           Society of America	A Necrotizing Enterocolitis-Associated Gut Microbiota Is Present in the Meconium: Results of a Prospective Study.	10.1093/cid/ciw016		0	0				Gastrointestinal		Gut	Amplicon	Netherlands	reviewer_agrees	
MMC2-10462	4	2017	Experimental dermatology	Skin microbiome and acne vulgaris: Staphylococcus, a new actor in acne.	10.1111/exd.13296		0	0				Skin		Skin	Amplicon	United States	pipeline	
MMC2-10463	4	2025	Translational stroke research	Gut Microbiota Improve the Prediction of Stroke-Associated Pneumonia Risk and Outcomes in Acute Ischemic Stroke.	10.1007/s12975-025-01363-z		0	0				Respiratory		Multiple	Amplicon	China	pipeline	
MMC2-10467	4	2023	Clinical immunology (Orlando, Fla.)	Metagenome-wide association study of gut microbiome features for myositis.	10.1016/j.clim.2023.109738		0	0				Healthy		Multiple	Shotgun	China	pipeline	
MMC2-10469	4	2018	Journal of physiology and biochemistry	Maternal obesity is associated with gut microbial metabolic potential in offspring during infancy.	10.1007/s13105-017-0577-x		0	0				Metabolic		Gut	Amplicon	Spain	pipeline	
MMC2-10481	4	2019	Surgery for obesity and related diseases : official journal of the American           Society for Bariatric Surgery	Gut microbiota adaptation after weight loss by Roux-en-Y gastric bypass or sleeve gastrectomy bariatric surgeries.	10.1016/j.soard.2019.08.551		0	0				Metabolic		Multiple	Amplicon	Spain	pipeline	
MMC2-10484	4	2025	Arteriosclerosis, thrombosis, and vascular biology	Association Between Alternative Complement Pathway and Carotid Plaque and the Underlying Gut Microbial and Inflammatory Biomarkers: A Cohort Study.	10.1161/ATVBAHA.125.322968		0	0				Cardiovascular		Multiple	Shotgun	China	t4_reviewer_accepts_proposal	
MMC2-10485	4	2025	The American journal of the medical sciences	A cross-sectional study on gut microbiota and inflammation in patients with chronic kidney disease.	10.1016/j.amjms.2025.03.014		0	0				Infectious		Multiple	Amplicon	Saudi Arabia	pipeline	
MMC2-10486	4	2025	The American journal of clinical nutrition	Fried food consumption-related gut microbiota is associated with obesity, fat distribution, and cardiometabolic diseases: results from 2 large longitudinal cohorts with sibling comparison analyses.	10.1016/j.ajcnut.2025.06.025		0	0				Metabolic		Gut	Amplicon	United States	pipeline	
MMC2-10487	4	2019	Clinical drug investigation	Gut Microbiome in Psoriasis is Perturbed Differently During Secukinumab and Ustekinumab Therapy and Associated with Response to Treatment.	10.1007/s40261-019-00849-7		0	0				Skin		Gut	Amplicon	China	pipeline	
MMC2-10488	4	2016	Pediatric allergy and immunology : official publication of the European Society           of Pediatric Allergy and Immunology	Alterations in the gut microbiotas of children with food sensitization in early life.	10.1111/pai.12522		0	0				Infectious		Gut	Amplicon	China	pipeline	
MMC2-10489	4	2018	Journal of digestive diseases	Vitamin D administration leads to a shift of the intestinal bacterial composition in Crohn's disease patients, but not in healthy controls.	10.1111/1751-2980.12591		0	0	sample_alias	reviewer_note	yes	Gastrointestinal		Gut	Amplicon	Germany	reviewer_unsure	FLAG_unsure
MMC2-10497	4	2023	Archives of gerontology and geriatrics	Relationships between sarcopenia, nutrient intake, and gut microbiota in Chinese community-dwelling older women.	10.1016/j.archger.2023.105063		0	0				Infectious		Gut	Both	China	pipeline	
MMC2-10502	4	2025	Clinical nutrition ESPEN	Sucralose consumption modifies glucose homeostasis, gut microbiota, Curli protein, and related metabolites in healthy individuals: A randomized placebo-controlled, triple-blind trial.	10.1016/j.clnesp.2025.08.029		0	0				Healthy	yes	Multiple	Amplicon	Mexico	t4_reviewer_accepts_proposal	
MMC2-10506	4	2019	Journal of gastroenterology	Characterization of fungal dysbiosis in Japanese patients with inflammatory bowel disease.	10.1007/s00535-018-1530-7		0	0				Gastrointestinal		Gut	Amplicon	Japan	pipeline	
MMC2-10508	4	2023	Current research in translational medicine	The fecal microbiota of gravidas with fetal growth restriction newborns characterized by metagenomic sequencing.	10.1016/j.retram.2022.103354		0	0				Reproductive		Gut	Shotgun	China	pipeline	
MMC2-10513	4	2025	Allergy	Fecal microbiota transplantation against moderate-to-severe atopic dermatitis: A randomized, double-blind controlled explorer trial.	10.1111/all.16372		0	0				Skin		Multiple	Shotgun	China	pipeline	
MMC2-10523	4	2021	The Journal of allergy and clinical immunology	The sputum microbiome, airway inflammation, and mortality in chronic obstructive pulmonary disease.	10.1016/j.jaci.2020.02.040		0	0				Respiratory		Multiple	Amplicon	United Kingdom	pipeline	
MMC2-10525	4	2020	Gut	Alterations of gut microbiome in autoimmune hepatitis.	10.1136/gutjnl-2018-317836		0	0				Liver		Gut	Amplicon	United States	pipeline	
MMC2-10529	4	2024	Endocrine	Metformin-induced changes of the gut microbiota in patients with type 2 diabetes mellitus: results from a prospective cohort study.	10.1007/s12020-024-03828-x		0	0				Metabolic		Gut	Amplicon	China	pipeline	
MMC2-10534	4	2014	The Lancet. Respiratory medicine	The effect of long-term macrolide treatment on respiratory microbiota composition in non-cystic fibrosis bronchiectasis: an analysis from the randomised, double-blind, placebo-controlled BLESS trial.	10.1016/S2213-2600(14)70213-9		0	0				Respiratory		Pulmonary	Amplicon	United Kingdom	pipeline	
MMC2-10544	4	2017	Hepatology (Baltimore, Md.)	Gut microbiota profiling of pediatric nonalcoholic fatty liver disease and obese patients unveiled by an integrated meta-omics-based approach.	10.1002/hep.28572		0	0				Metabolic		Gut	Amplicon	Italy	pipeline	
MMC2-10548	4	2015	The Journal of clinical endocrinology and metabolism	Gut Microbiota Interacts With Brain Microstructure and Function.	10.1210/jc.2015-3076		0	0				Metabolic		Gut	Amplicon	Spain	pipeline	
MMC2-10549	4	2025	Molecular neurobiology	The Association Between Functional Variants in Long Non-coding RNAs and the Risk of Autism Spectrum Disorder Was Not Mediated by Gut Microbiota.	10.1007/s12035-024-04276-4		0	0				Mental Health		Gut	Amplicon	China	pipeline	
MMC2-10550	4	2025	International journal of biological macromolecules	Effect of fucoidan supplementation on glycolipid metabolism, systemic inflammation and gut microbiota in prediabetes: A randomized controlled trial.	10.1016/j.ijbiomac.2024.138415		0	0				Metabolic		Gut	Amplicon	China	pipeline	
MMC2-10552	4	2025	International urology and nephrology	Is there a correlation between TMAO plasma levels and archaea in the gut of patients undergoing hemodialysis?	10.1007/s11255-024-04273-5		0	0				Renal		Multiple	Amplicon	Saudi Arabia	pipeline	
MMC2-10554	4	2020	Nutrition (Burbank, Los Angeles County, Calif.)	Effect of multispecies probiotic on gut microbiota composition in individuals with intestinal constipation: A double-blind, placebo-controlled randomized trial.	10.1016/j.nut.2020.110890		0	0				Gastrointestinal		Gut	Amplicon	Brazil	pipeline	
MMC2-10555	4	2017	Allergy	Environmental and mucosal microbiota and their role in childhood asthma.	10.1111/all.13002		0	0				Respiratory		Multiple	Amplicon	Switzerland	pipeline	
MMC2-10564	4	2024	Hepatology international	The impact of artificial liver support system on intestinal microbiota and serum bile acid profiles in patients with acute-on-chronic liver failure: a prospective cohort study.	10.1007/s12072-024-10712-3		0	0				Liver		Multiple	Amplicon	China	t4_reviewer_accepts_proposal	
MMC2-10569	4	2019	The Journal of nutritional biochemistry	Association of serum bilirubin in newborns affected by jaundice with gut microbiota dysbiosis.	10.1016/j.jnutbio.2018.09.016		0	0				Liver		Multiple	Shotgun	China	pipeline	
MMC2-10572	4	2022	Gut	Microbiota engraftment after faecal microbiota transplantation in obese subjects with type 2 diabetes: a 24-week, double-blind, randomised controlled trial.	10.1136/gutjnl-2020-323617		0	0				Metabolic		Gut	Shotgun	China	pipeline	
MMC2-10573	4	2014	Inflammatory bowel diseases	Impaired innate immune function associated with fecal supernatant from Crohn's disease patients: insights into potential pathogenic role of the microbiome.	10.1097/MIB.0000000000000081		0	0				Gastrointestinal		Gut	Amplicon	United States	pipeline	
MMC2-10578	4	2020	Mycoses	Differences in foot skin microbiomes between patients with type 2 diabetes and healthy individuals.	10.1111/myc.13046		0	0				Metabolic		Skin	Amplicon	South Korea	pipeline	
MMC2-10585	4	2024	American heart journal	The gut microbiota and coronary artery calcification in Japanese men.	10.1016/j.ahj.2023.09.009		0	0				Cardiovascular		Gut	Amplicon	Japan	pipeline	
MMC2-10588	4	2025	Obesity surgery	Gut Microbiota Composition and Arterial Hypertension Improvement Post-Roux-en-Y Gastric Bypass: GATEWAY Trial Sub-Analysis After 5 Years.	10.1007/s11695-025-08355-w		0	0				Metabolic		Multiple	Shotgun	Brazil	pipeline	
MMC2-10590	4	2024	Life sciences	Gut microbiota dynamics and association with chronic kidney disease: A longitudinal study within the PREDIMED-Plus trial.	10.1016/j.lfs.2024.122863		0	0				Infectious		Gut	Amplicon	Spain	pipeline	
MMC2-10593	4	2024	Environmental research	The influence of pre- and postnatal exposure to air pollution and green spaces on infant's gut microbiota: Results from the MAMI birth cohort study.	10.1016/j.envres.2024.119283		0	0				Infectious		Gut	Amplicon	Spain	pipeline	
MMC2-10599	4	2023	Gastroenterology	Gut Microbiome Composition Is Associated With Future Onset of Crohn's Disease in Healthy First-Degree Relatives.	10.1053/j.gastro.2023.05.032		0	0				Gastrointestinal		Gut	Amplicon	United States	pipeline	
MMC2-10600	4	2022	Archives of medical research	Association of Gut Microbiota with Dietary-dependent Childhood Obesity.	10.1016/j.arcmed.2022.03.007		0	0				Metabolic		Gut	Shotgun	Mexico	pipeline	
MMC2-10603	4	2019	Experimental dermatology	Shifts in the skin microbiome associated with diaper dermatitis and emollient treatment amongst infants and toddlers in China.	10.1111/exd.14028		0	0				Infectious		Multiple	Amplicon	China	pipeline	
MMC2-10609	4	2024	Journal of the European Academy of Dermatology and Venereology : JEADV	Longitudinal analysis of the skin microbiome in association with hand eczema, hand hygiene practices and moisturizer use.	10.1111/jdv.19906		0	0				Respiratory		Skin	Amplicon	Norway	pipeline	
MMC2-10611	4	2017	Hepatobiliary & pancreatic diseases international : HBPD INT	Gut microbiota dysbiosis in patients with non-alcoholic fatty liver disease.	10.1016/S1499-3872(17)60019-5		0	0				Liver		Gut	Amplicon	China	pipeline	
MMC2-10615	4	2021	The Pediatric infectious disease journal	Nasopharyngeal Microbiota Analysis in Healthy and Otitis-prone Children: Focus on History of Spontaneous Tympanic Membrane Perforation.	10.1097/INF.0000000000002895		0	0				Respiratory		Multiple	Amplicon	Italy	pipeline	
MMC2-10630	4	2021	Clinical nutrition (Edinburgh, Scotland)	The associations of the gut microbiome composition and short-chain fatty acid concentrations with body fat distribution in children.	10.1016/j.clnu.2020.11.014		0	0				Metabolic		Gut	Amplicon	China	pipeline	
MMC2-10634	4	2021	World journal of urology	Altered gut microbiome associated with overactive bladder and daily urinary urgency.	10.1007/s00345-020-03243-7		0	0				Healthy		Multiple	Amplicon	Japan	pipeline	
MMC2-10636	4	2016	Clinical infectious diseases : an official publication of the Infectious Diseases           Society of America	Acute Appendicitis in Children Is Associated With a Local Expansion of Fusobacteria.	10.1093/cid/ciw208		0	0				Gastrointestinal		Gut	Amplicon		pipeline	
MMC2-10638	4	2021	Clinical infectious diseases : an official publication of the Infectious Diseases           Society of America	Microbiota-associated Risk Factors for Clostridioides difficile Acquisition in Hospitalized Patients: A Prospective, Multicentric Study.	10.1093/cid/ciaa871		0	0				Respiratory		Gut	Amplicon	Germany	pipeline	
MMC2-10641	4	2017	Gut	FODMAPs alter symptoms and the metabolome of patients with IBS: a randomised controlled trial.	10.1136/gutjnl-2015-311339		0	0				Healthy		Other	Amplicon	Canada	pipeline	
MMC2-10644	4	2018	Metabolic syndrome and related disorders	Variation in the Plasma Levels of Polyunsaturated Fatty Acids in Control vis-à-vis Nonalcoholic Fatty Liver Disease Subjects and Its Possible Association with Gut Microbiome.	10.1089/met.2018.0008		0	0				Liver		Multiple	Amplicon	India	pipeline	
MMC2-10646	4	2021	Expert review of gastroenterology & hepatology	Metabolome and microbiome alterations in tongue coating of gastric precancerous lesion patients.	10.1080/17474124.2021.1850259		0	0				Cancer		Multiple	Amplicon	United States	pipeline	
MMC2-10650	4	2019	Scandinavian journal of gastroenterology	The impact of proton pump inhibitors on the intestinal microbiota in chronic hepatitis C patients.	10.1080/00365521.2019.1647280		0	0				Liver		Gut	Amplicon	Germany	pipeline	
MMC2-10652	4	2021	Annals of hepatology	Deep stool microbiome analysis in cirrhosis reveals an association between short-chain fatty acids and hepatic encephalopathy.	10.1016/j.aohep.2021.100333		0	0				Liver		Gut	Shotgun	United States	pipeline	
MMC2-10657	4	2020	International urology and nephrology	The association between gut microbiome and erectile dysfunction: a community-based cross-sectional study in Japan.	10.1007/s11255-020-02443-9		0	0				Infectious		Gut	Amplicon	Japan	pipeline	
MMC2-10666	4	2016	Journal of the American College of Surgeons	Roles of Sphincter of Oddi Laxity in Bile Duct Microenvironment in Patients with Cholangiolithiasis: From the Perspective of the Microbiome and Metabolome.	10.1016/j.jamcollsurg.2015.12.009		0	0				Infectious		Other	Amplicon	China	pipeline	
MMC2-10667	4	2021	Biological research for nursing	Skin Physiology and its Microbiome as Factors Associated with the Recurrence of Pressure Injuries.	10.1177/1099800420941100		0	0				Healthy		Skin	Amplicon	Japan	pipeline	
MMC2-10673	4	2019	Seminars in arthritis and rheumatism	A double-blind randomized placebo-controlled trial of probiotics in systemic sclerosis associated gastrointestinal disease.	10.1016/j.semarthrit.2019.05.006		0	0				Healthy		Gut	Amplicon	Singapore	pipeline	
MMC2-10680	4	2024	Food & function	Gut microbiota-bile acid axis mediated the beneficial associations between dietary lignans and hyperuricemia: a prospective study.	10.1039/d4fo00961d		0	0				Healthy	yes	Multiple	Shotgun	China	t4_reviewer_accepts_proposal	
MMC2-10682	4	2016	The Journal of urology	Analysis of Gut Microbiome Reveals Significant Differences between Men with Chronic Prostatitis/Chronic Pelvic Pain Syndrome and Controls.	10.1016/j.juro.2016.02.2959		0	0				Healthy		Gut	Amplicon	United States	pipeline	
MMC2-10684	4	2025	International urology and nephrology	Potential Trimethylamine (TMA)-Producing Bacteria in patients with chronic kidney disease undergoing hemodialysis.	10.1007/s11255-024-04191-6		0	0				Infectious		Multiple	Amplicon	Saudi Arabia	pipeline	
MMC2-10692	4	2024	Ecotoxicology and environmental safety	Prenatal per- and polyfluoroalkyl substances exposure and gut microbiota of infants: A prospective cohort study.	10.1016/j.ecoenv.2023.115891		0	0				Healthy		Gut	Amplicon	Sweden	pipeline	
MMC2-10695	4	2025	Epilepsia	Patients with status epilepticus and new-onset refractory status epilepticus display drastically altered fecal microbiomes compared to chronic epilepsy patients.	10.1111/epi.18450		0	0				Neurological		Gut	Shotgun	United States	pipeline	
MMC2-10697	4	2023	Metabolic syndrome and related disorders	Gut Microbiota and Serum Metabolites in Individuals with Class III Obesity Without Type 2 Diabetes Mellitus: Pilot Analysis.	10.1089/met.2022.0071		0	0				Metabolic		Multiple	Amplicon	Slovakia	pipeline	
MMC2-10699	4	2023	European journal of sport science	Effects of exercise intensity on gut microbiome composition and function in people with type 2 diabetes.	10.1080/17461391.2022.2035436		0	0				Metabolic		Gut	Shotgun	United Kingdom	pipeline	
MMC2-10709	4	2016	Inflammatory bowel diseases	Mucosa-Associated Ileal Microbiota in New-Onset Pediatric Crohn's Disease.	10.1097/MIB.0000000000000776		0	0				Gastrointestinal		Gut	Amplicon	Canada	pipeline	
MMC2-10717	4	2022	The journal of maternal-fetal & neonatal medicine : the official journal of the           European Association of Perinatal Medicine, the Federation of Asia and Oceania            Perinatal Societies, the International Society of Perinatal Obstetricians	Meconium microbiota predicts clinical early-onset neonatal sepsis in preterm neonates.	10.1080/14767058.2020.1774870		0	0				Infectious		Gut	Amplicon	United States	pipeline	
MMC2-10722	4	2025	Zhonghua er bi yan hou tou jing wai ke za zhi = Chinese journal of           otorhinolaryngology head and neck surgery	[Correlation between short chain fatty acids in saliva and salivary microbiota in patients with laryngopharyngeal reflux disease].	10.3760/cma.j.cn115330-20250101-00002		0	0				Healthy		Oral	Amplicon	China	pipeline	
MMC2-10723	4	2025	Clinical oral investigations	Effects of chlorhexidine and a polyherbal mouthwash on the oral microbiome and user satisfaction: a randomized controlled trial.	10.1007/s00784-025-06627-4		0	0				Infectious		Oral	Amplicon	Thailand	pipeline	
MMC2-10724	4	2024	European journal of nutrition	Effect of prebiotic fiber on physical function and gut microbiota in adults, mostly women, with knee osteoarthritis and obesity: a randomized controlled trial.	10.1007/s00394-024-03415-w		0	0				Metabolic		Multiple	Amplicon	Canada	pipeline	
MMC2-10732	4	2021	Journal of dentistry	Casein phosphopeptide-amorphous calcium phosphate fluoride treatment enriches the symbiotic dental plaque microbiome in children.	10.1016/j.jdent.2021.103582		0	0				Oral		Oral	Amplicon	Singapore	pipeline	
MMC2-10733	4	2021	The Journal of dermatology	Patients with senile pruritus have a distinct skin microbiota and epidermal barrier in comparison with healthy controls.	10.1111/1346-8138.16153		0	0				Skin		Skin	Amplicon	China	pipeline	
MMC2-10738	4	2018	Internal medicine journal	The microbiome of translocated bacterial populations in patients with and without inflammatory bowel disease.	10.1111/imj.13998		0	0				Gastrointestinal		Gut	Amplicon	Australia	pipeline	
MMC2-10742	4	2021	Photodiagnosis and photodynamic therapy	The effects of ALA-PDT on microbiota in pilosebaceous units of patients with severe acne: A metagenomic study.	10.1016/j.pdpdt.2020.102050		0	0				Skin		Skin	Shotgun	China	pipeline	
MMC2-10746	4	2015	European journal of clinical microbiology & infectious diseases : official           publication of the European Society of Clinical Microbiology	Study of the diversity and short-chain fatty acids production by the bacterial community in overweight and obese Mexican children.	10.1007/s10096-015-2355-4		0	0				Metabolic		Gut	Amplicon	Mexico	pipeline	
MMC2-10754	4	2015	Scandinavian journal of gastroenterology	Molecular assessment of differences in the duodenal microbiome in subjects with irritable bowel syndrome.	10.3109/00365521.2015.1027261		0	0				Gastrointestinal		Gut	Amplicon	Greece	pipeline	
MMC2-10757	4	2019	Vascular and endovascular surgery	Insights From a Short-Term Protein-Calorie Restriction Exploratory Trial in Elective Carotid Endarterectomy Patients.	10.1177/1538574419856453		0	0				Healthy		Gut	Amplicon	United States	pipeline	
MMC2-10764	4	2023	Food & function	Lactobacillus paracasei ET-22 and derived postbiotics reduce halitosis and modulate oral microbiome dysregulation - a randomized, double-blind placebo-controlled clinical trial.	10.1039/d3fo02271d		0	0				Oral		Oral	Amplicon	China	pipeline	
MMC2-10765	4	2024	Journal of affective disorders	Core antibiotic resistance genes mediate gut microbiota to intervene in the treatment of major depressive disorder.	10.1016/j.jad.2024.07.106		0	0				Mental Health		Gut	Shotgun	China	pipeline	
MMC2-10767	4	2014	Digestive diseases and sciences	Gut bacterial translocation may aggravate microinflammation in hemodialysis patients.	10.1007/s10620-014-3202-7		0	0				Renal		Multiple	Amplicon	China	pipeline	
MMC2-10768	4	2025	The Journal of nutrition	Association of Prepregnancy Body Mass Index with Gut Microbiota Diversity and Abundance in Pregnant Women.	10.1016/j.tjnut.2025.02.006		0	0				Metabolic		Gut	Amplicon	United Kingdom	pipeline	
MMC2-10769	4	2025	Archivos de bronconeumologia	Clinical and Lung Microbiome Impact of Chronic Versus Intermittent Pseudomonas aeruginosa Infection in Bronchiectasis.	10.1016/j.arbres.2025.03.003		0	0				Respiratory		Multiple	Amplicon	Spain	pipeline	
MMC2-10771	4	2025	Clinical and experimental rheumatology	Differential gut microbiota and inflammatory cytokines contribute to IgA vasculitis.	10.55563/clinexprheumatol/ff61t7		0	0				Autoimmune		Gut	Amplicon	China	pipeline	
MMC2-10772	4	2025	Journal of Alzheimer's disease : JAD	Role of Ruminococcus gnavus in the elderly with cognitive impairment: A case-control study and an animal experiment.	10.1177/13872877251372522		0	0				Neurodegenerative		Gut	Amplicon	China	pipeline	
MMC2-10774	4	2021	Experimental dermatology	Association of early-life gut microbiome and lifestyle factors in the development of eczema in Hong Kong infants.	10.1111/exd.14280		0	0				Skin		Gut	Amplicon	China	pipeline	
MMC2-10775	4	2024	Pediatric transplantation	The distribution of intestinal flora after hematopoietic stem cell transplantation in children.	10.1111/petr.14678		0	0				Immune Complications		Gut	Amplicon	China	pipeline	
MMC2-10781	4	2019	Scandinavian journal of gastroenterology	An altered composition of the microbiome in microscopic colitis is driven towards the composition in healthy controls by treatment with budesonide.	10.1080/00365521.2019.1599064		0	0				Gastrointestinal		Gut	Amplicon	Denmark	pipeline	
MMC2-10783	4	2020	Clinical and experimental nephrology	Effect of sucroferric oxyhydroxide on gastrointestinal microbiome and uremic toxins in patients with chronic kidney disease undergoing hemodialysis.	10.1007/s10157-020-01892-x		0	0				Renal		Multiple	Amplicon	Japan	pipeline	
MMC2-10796	4	2017	The journal of international advanced otology	The Adenoid Microbiome in Recurrent Acute Otitis Media and Obstructive Sleep Apnea.	10.5152/iao.2017.4203		0	0				Respiratory		Multiple	Amplicon	United States	pipeline	
MMC2-10797	4	2025	Nursing research	Association of Gut Microbiota With Fatigue in Black Women With Polycystic Ovary Syndrome.	10.1097/NNR.0000000000000788		0	0				Reproductive		Gut	Amplicon		pipeline	
MMC2-10799	4	2023	Clinical nutrition (Edinburgh, Scotland)	Gut microbiota indole-3-propionic acid mediates neuroprotective effect of probiotic consumption in healthy elderly: A randomized, double-blind, placebo-controlled, multicenter trial and in vitro study	10.1016/j.clnu.2023.04.001		0	0				Healthy		Multiple	Amplicon	South Korea	pipeline	
MMC2-10806	4	2018	Zhonghua er ke za zhi = Chinese journal of pediatrics	[Specific changes of intestinal microflora in children with nonalcoholic fatty liver disease].	10.3760/cma.j.issn.0578-1310.2018.11.011		0	0				Liver		Gut	Amplicon	China	pipeline	
MMC2-10808	4	2021	Zhonghua yu fang yi xue za zhi [Chinese journal of preventive medicine]	[Correlation study between changes in intestinal microflora structure and immune indexes in newly treated patients with pulmonary tuberculosis].	10.3760/cma.j.cn112150-20210728-00721		0	0				Respiratory		Multiple	Amplicon	China	pipeline	
MMC2-10810	4	2025	Nutrition, metabolism, and cardiovascular diseases : NMCD	Habitual coarse grain intake, gut microbiota, and hyperuricemia in individuals with or at risk of metabolic syndrome: A post-hoc analysis.	10.1016/j.numecd.2025.104126		0	0				Metabolic		Gut	Amplicon	China	pipeline	
MMC2-10822	4	2023	Ecotoxicology and environmental safety	High dietary copper intake induces perturbations in the gut microbiota and affects host ovarian follicle development.	10.1016/j.ecoenv.2023.114810		0	0				Reproductive		Gut	Amplicon	China	pipeline	
MMC2-10823	4	2014	Journal of clinical periodontology	Subgingival microbiota of Sri Lankan tea labourers naïve to oral hygiene measures.	10.1111/jcpe.12230		0	0				Oral		Oral	Amplicon	China	pipeline	
MMC2-10828	4	2023	Progress in neuro-psychopharmacology & biological psychiatry	Profiling gut microbiota signatures associated with the deficit subtype of schizophrenia: Findings from a case-control study.	10.1016/j.pnpbp.2023.110834		0	0				Mental Health		Gut	Amplicon	Poland	pipeline	
MMC2-10836	4	2025	Clinical nutrition ESPEN	Maternal sleep and psychological status in the postpartum period are associated with functional protein alterations in breast milk:a mother-infant cohort study.	10.1016/j.clnesp.2025.03.167		0	0				Mental Health		Multiple	Amplicon	China	pipeline	
MMC2-10841	4	2024	Journal of Alzheimer's disease : JAD	Mediation of Regional Cerebral Blood Flow in the Relationship between Specific Gut Microbiota and Cognition in Vascular Cognitive Impairment.	10.3233/JAD-230709		0	0				Infectious		Multiple	Amplicon	China	pipeline	
MMC2-10842	4	2023	Chinese journal of integrative medicine	Efficacy of Biejiajian Pill on Intestinal Microbiota in Patients with Hepatitis B Cirrhosis/Liver Fibrosis: A Randomized Double-Blind Controlled Trial.	10.1007/s11655-023-3542-2		0	0				Liver		Gut	Amplicon	China	pipeline	
MMC2-10843	4	2024	Obesity (Silver Spring, Md.)	Early changes in the gut microbiota are associated with weight outcomes over 2 years following metabolic and bariatric surgery.	10.1002/oby.24168		0	0				Metabolic		Gut	Shotgun	United States	pipeline	
MMC2-10844	4	2025	Gastroenterology	Mechanistic Implications of the Mediterranean Diet in Patients With Newly Diagnosed Crohn's Disease: Multiomic Results From a Prospective Cohort.	10.1053/j.gastro.2024.12.031		0	0				Gastrointestinal		Multiple	Amplicon	United States	pipeline	
MMC2-10848	4	2025	International journal for vitamin and nutrition research. Internationale           Zeitschrift fur Vitamin- und Ernahrungsforschung. Journal international de            vitaminologie et de nutrition	Changes in Vitamin D and Gut Microbiota in Pediatric Hematopoietic Stem Cell Transplantation Patients with Bloodstream Infections.	10.31083/IJVNR26126		0	0				Infectious		Multiple	Amplicon	China	pipeline	
MMC2-10850	4	2024	Journal of clinical ultrasound : JCU	Fetal echogenic bowel may be related to intestinal microbiota: A prospective cohort study.	10.1002/jcu.23794		0	0				Infectious		Gut	Amplicon	China	pipeline	
MMC2-10855	4	2024	Journal of pediatric gastroenterology and nutrition	Reverse-engineered exclusive enteral nutrition in pediatric Crohn's disease: A pilot trial.	10.1002/jpn3.12196		0	0				Gastrointestinal		Gut	Shotgun	United States	pipeline	
MMC2-10861	4	2025	Geriatrics & gerontology international	Gut microbiome diversity and nutrition intake in post-stroke patients.	10.1111/ggi.70017		0	0				Metabolic		Gut	Amplicon	Japan	pipeline	
MMC2-10866	4	2025	Shock (Augusta, Ga.)	ROLE OF CHANGES IN LIPOPROTEINS, LIPIDOMES, AND GUT MICROBIOTA IN THE PATHOGENESIS OF PERSISTENT INFLAMMATION, IMMUNOSUPPRESSION, AND CATABOLISM SYNDROME: A PROSPECTIVE COHORT STUDY.	10.1097/SHK.0000000000002634		0	0				Healthy		Gut	Amplicon	China	pipeline	
MMC2-10874	4	2024	Metabolism: clinical and experimental	Metformin-induced changes in the gut microbiome and plasma metabolome are associated with cognition in men.	10.1016/j.metabol.2024.155941		0	0				Metabolic		Multiple	Shotgun	Sweden	pipeline	
MMC2-10881	4	2025	Journal of dietary supplements	A Mushroom Based Prebiotic Supplement Pilot Study Among Patients with Crohn's Disease.	10.1080/19390211.2025.2498127		0	0				Gastrointestinal		Gut	Shotgun	Israel	pipeline	
MMC2-10890	4	2025	The British journal of dermatology	Skin microbiome dynamics in patients with polymorphic light eruption in response to ultraviolet radiation.	10.1093/bjd/ljae464		0	0				Infectious		Skin	Amplicon	Germany	pipeline	
MMC2-10898	4	2019	Liver international : official journal of the International Association for the           Study of the Liver	Autotaxin, bile acid profile and effect of ileal bile acid transporter inhibition in primary biliary cholangitis patients with pruritus.	10.1111/liv.14069		0	0				Liver		Multiple	Amplicon	United Kingdom	pipeline	
MMC2-10900	4	2022	Diabetes care	The Gut Microbiome Composition Is Altered in Long-standing Type 1 Diabetes and Associates With Glycemic Control and Disease-Related Complications.	10.2337/dc21-2225		0	0				Metabolic		Gut	Shotgun	Netherlands	pipeline	
MMC2-10902	4	2024	American journal of respiratory and critical care medicine	Endotypes of Exacerbation in Bronchiectasis: An Observational Cohort Study.	10.1164/rccm.202310-1729OC		0	0				Respiratory		Pulmonary	Amplicon	United Kingdom	pipeline	
MMC2-10904	4	2016	Clinical microbiology and infection : the official publication of the European           Society of Clinical Microbiology and Infectious Diseases	Composition of human faecal microbiota in resistance to Campylobacter infection.	10.1016/j.cmi.2015.09.004		0	0				Infectious		Gut	Amplicon	Sweden	pipeline	
MMC2-10915	4	2015	Respirology (Carlton, Vic.)	Possible role of anaerobes in the pathogenesis of nontuberculous mycobacterial infection.	10.1111/resp.12536		0	0				Respiratory		Pulmonary	Amplicon	Japan	reviewer_agrees	
MMC2-10919	4	2024	Pharmacological research	Type 3 resistant starch from Canna edulis reduce lipid levels in patients with mild hyperlipidemia through altering gut microbiome: A double- blind randomized controlled trial.	10.1016/j.phrs.2024.107232		0	0				Metabolic		Multiple	Amplicon	China	pipeline	
MMC2-10923	4	2022	Clinical and experimental dermatology	Ketoconazole 2% cream alters the skin fungal microbiome in seborrhoeic dermatitis: a cohort study.	10.1111/ced.15115		0	0				Skin		Skin	Amplicon	China	pipeline	
MMC2-10927	4	2019	Clinical infectious diseases : an official publication of the Infectious Diseases           Society of America	Etiological Characterization of the Cutaneous Ulcer Syndrome in Papua New Guinea Using Shotgun Metagenomics.	10.1093/cid/ciy502		0	0				Infectious		Skin	Shotgun	Spain	pipeline	
MMC2-10930	4	2024	The American journal of clinical nutrition	Curcumin supplementation alleviates hepatic fat content associated with modulation of gut microbiota-dependent bile acid metabolism in patients with nonalcoholic simple fatty liver disease: a randomiz	10.1016/j.ajcnut.2024.05.017		0	0				Liver		Multiple	Amplicon	China	pipeline	
MMC2-10933	4	2017	Bulletin of experimental biology and medicine	Metagenomic Analysis of Gingival Sulcus Microbiota and Pathogenesis of Periodontitis Associated with Type 2 Diabetes Mellitus.	10.1007/s10517-017-3888-6		0	0				Metabolic		Oral	Both	Russia	pipeline	
MMC2-10934	4	2020	Oral diseases	Potential association between Fusobacterium nucleatum enrichment on oral mucosal surface and oral lichen planus.	10.1111/odi.13232		0	0				Oral		Oral	Amplicon	China	pipeline	
MMC2-10940	4	2019	Journal of cellular biochemistry	Microbial contributions to bronchial asthma occurrence in children: A metagenomic study.	10.1002/jcb.28658		0	0				Respiratory		Pulmonary	Amplicon	China	pipeline	
MMC2-10948	4	2013	Inflammatory bowel diseases	The duodenal microbiota composition of adult celiac disease patients is associated with the clinical manifestation of the disease.	10.1097/MIB.0b013e31828029a9		0	0				Gastrointestinal		Gut	Amplicon	Finland	pipeline	
MMC2-10952	4	2025	Clinical nutrition (Edinburgh, Scotland)	Association of trimethylamine N-oxide and metabolites with kidney function decline in patients with chronic kidney disease.	10.1016/j.clnu.2024.12.001		0	0				Metabolic		Multiple	Shotgun	China	pipeline	
MMC2-10953	4	2015	Journal of applied microbiology	Probiotic supplementation in systemic nickel allergy syndrome patients: study of its effects on lactic acid bacteria population and on clinical symptoms.	10.1111/jam.12685		0	0				Skin		Multiple	Amplicon	Italy	pipeline	
MMC2-10960	4	2024	Atherosclerosis	A universal plasma metabolites-derived signature predicts cardiovascular disease risk in MAFLD.	10.1016/j.atherosclerosis.2024.117526		0	0				Liver		Multiple	Amplicon	China	pipeline	
MMC2-10963	4	2018	Biomedical and environmental sciences : BES	Intestinal Microbial Community Differs between Acute Pancreatitis Patients and Healthy Volunteers.	10.3967/bes2018.010		0	0				Healthy		Gut	Amplicon	China	pipeline	
MMC2-10970	4	2021	The Journal of molecular diagnostics : JMD	Clinical Impact of Metagenomic Next-Generation Sequencing of Bronchoalveolar Lavage in the Diagnosis and Management of Pneumonia: A Multicenter Prospective Observational Study.	10.1016/j.jmoldx.2021.06.007		0	0				Respiratory		Pulmonary	Shotgun	United States	pipeline	
MMC2-10971	4	2020	Journal of Crohn's & colitis	Metabonomics and the Gut Microbiome Associated With Primary Response to Anti-TNF Therapy in Crohn's Disease.	10.1093/ecco-jcc/jjaa039		0	0				Cancer		Multiple	Amplicon	United Kingdom	pipeline	
MMC2-10973	4	2016	Journal of dairy science	Effects of synbiotic fermented milk containing Lactobacillus acidophilus La-5 and Bifidobacterium animalis ssp. lactis BB-12 on the fecal microbiota of adults with irritable bowel syndrome: A randomiz	10.3168/jds.2015-10743		0	0				Gastrointestinal		Gut	Amplicon	Slovenia	pipeline	
MMC2-10977	4	2022	Zhonghua er ke za zhi = Chinese journal of pediatrics	[Intestinal microbiome and its relationship with necrotizing enterocolitis in very low birth weight preterm infants].	10.3760/cma.j.cn112140-20211104-00928		0	0				Gastrointestinal		Gut	Amplicon	China	pipeline	
MMC2-10980	4	2020	Journal of gastrointestinal surgery : official journal of the Society for Surgery           of the Alimentary Tract	Alterations of the Rectal Microbiome Are Associated with the Development of Postoperative Ileus in Patients Undergoing Colorectal Surgery.	10.1007/s11605-020-04593-8		0	0				Infectious		Gut	Amplicon	United States	pipeline	
MMC2-10985	4	2019	Omics : a journal of integrative biology	Skin Microbiome Differences in Atopic Dermatitis and Healthy Controls in Egyptian Children and Adults, and Association with Serum Immunoglobulin E.	10.1089/omi.2019.0011		0	0				Skin		Multiple	Amplicon	Egypt	pipeline	
MMC2-10988	4	2017	Vaccine	10-valent pneumococcal conjugate vaccine (PCV10) decreases metabolic activity but not nasopharyngeal carriage of Streptococcus pneumoniae and Haemophilus influenzae.	10.1016/j.vaccine.2017.06.048		0	0				Respiratory		Nasal	Both	Brazil	pipeline	
MMC2-10997	4	2020	The British journal of dermatology	Acute exanthemas: a prospective study of 98 adult patients with an emphasis on cytokinic and metagenomic investigation.	10.1111/bjd.18166		0	0				Healthy		Skin	Shotgun	France	pipeline	
MMC2-11000	4	2012	American journal of transplantation : official journal of the American Society of           Transplantation and the American Society of Transplant Surgeons	Characterization of the ileal microbiota in rejecting and nonrejecting recipients of small bowel transplants.	10.1111/j.1600-6143.2011.03860.x		0	0				Immune Complications		Gut	Amplicon	United States	pipeline	
MMC2-11001	4	2021	Nutrition (Burbank, Los Angeles County, Calif.)	Possible clinical outcomes using early enteral nutrition in individuals with allogeneic hematopoietic stem cell transplantation: A single-center retrospective study.	10.1016/j.nut.2020.111093		0	0				Immune Complications		Gut	Amplicon	Japan	pipeline	
MMC2-11004	4	2013	JAMA	A culture-independent sequence-based metagenomics approach to the investigation of an outbreak of Shiga-toxigenic Escherichia coli O104:H4.	10.1001/jama.2013.3231		0	0				Gastrointestinal		Gut	Amplicon	United Kingdom	pipeline	
MMC2-11005	4	2012	Nephrology (Carlton, Vic.)	Gut bacterial translocation is associated with microinflammation in end-stage renal disease patients.	10.1111/j.1440-1797.2012.01647.x		0	0				Healthy		Multiple	Amplicon	China	pipeline	
MMC2-11008	4	2025	Journal of Crohn's & colitis	A pro-inflammatory diet is associated with growth and virulence of Escherichia coli in pediatric Crohn's disease.	10.1093/ecco-jcc/jjaf018		0	0				Gastrointestinal		Gut	Shotgun	United States	pipeline	
MMC2-11013	4	2023	Pediatric pulmonology	The upper airway microbiome in Hispanic children with cystic fibrosis.	10.1002/ppul.26484		0	0				Respiratory		Pulmonary	Amplicon	United States	pipeline	
MMC2-11023	4	2020	International journal of infectious diseases : IJID : official publication of the           International Society for Infectious Diseases	The clinical value of metagenomic next-generation sequencing in the microbiological diagnosis of skin and soft tissue infections.	10.1016/j.ijid.2020.09.007		0	0				Infectious		Skin	Amplicon	China	pipeline	
MMC2-11027	4	2014	Clinical oral implants research	Microbiological diversity of peri-implantitis biofilm by Sanger sequencing.	10.1111/clr.12231		0	0				Oral		Oral	Amplicon	Brazil	pipeline	
MMC2-11038	4	2023	The Journal of nutrition	An Alternative Oat-Containing, Ready-To-Use, Therapeutic Food Does Not Alter Intestinal Permeability or the 16S Ribosomal RNA Fecal Microbiome Configuration Among Children With Severe Malnutrition in 	10.1093/jn/nxac207		0	0				Metabolic		Gut	Amplicon	United States	pipeline	
MMC2-11044	4	2024	Obesity surgery	Liver Bacterial Colonization in Patients with Obesity and Gut Dysbiosis.	10.1007/s11695-023-06989-2		0	0				Metabolic		Gut	Amplicon	Italy	pipeline	
MMC2-11052	4	2017	Diabetes	Hypothalamic Inflammation in Human Obesity Is Mediated by Environmental and Genetic Factors.	10.2337/db17-0067		0	0				Metabolic		Gut	Amplicon	Greece	pipeline	
MMC2-11053	4	2024	Journal of pediatric gastroenterology and nutrition	Intestinal dysbiosis and inflammation in children with repaired esophageal atresia.	10.1002/jpn3.12053		0	0				Anatomical		Gut	Amplicon	Australia	pipeline	
MMC2-11058	4	2025	Journal of infection in developing countries	Detection of pathogens and epidemiological characteristics of community-acquired pneumonia in children using metagenomic next-generation sequencing.	10.3855/jidc.20668		0	0				Respiratory		Pulmonary	Amplicon	China	pipeline	
MMC2-11059	4	2023	Journal of tissue viability	Relationship between healing status and microbial dissimilarity in wound and peri-wound skin in pressure injuries.	10.1016/j.jtv.2022.10.006		0	0				Infectious		Skin	Amplicon	United States	pipeline	
MMC2-11061	4	2020	Respiratory medicine	Airway microbiota in children with bronchial mucus plugs caused by Mycoplasma pneumoniae pneumonia.	10.1016/j.rmed.2020.105902		0	0				Respiratory		Pulmonary	Amplicon	China	pipeline	
MMC2-11062	4	2015	Clinical infectious diseases : an official publication of the Infectious Diseases           Society of America	Clostridium butyricum Strains and Dysbiosis Linked to Necrotizing Enterocolitis in Preterm Neonates.	10.1093/cid/civ468		0	0				Gastrointestinal		Gut	Amplicon	France	pipeline	
MMC2-11070	4	2024	Nephrology (Carlton, Vic.)	Comprehensive mapping of saliva by multiomics in children with idiopathic nephrotic syndrome.	10.1111/nep.14308		0	0				Healthy		Oral	Amplicon	China	pipeline	
MMC2-11074	4	2023	Annals of allergy, asthma & immunology : official publication of the American           College of Allergy, Asthma, & Immunology	Associations of prenatal antibiotic exposure and delivery mode on childhood asthma inception.	10.1016/j.anai.2023.03.020		0	0				Respiratory		Multiple	Amplicon	South Korea	pipeline	
MMC2-11077	4	2024	Photodermatology, photoimmunology & photomedicine	The effects of long-pulsed alexandrite laser therapy on facial redness and skin microbiota compositions in rosacea: A prospective, multicentre, single-arm clinical trial.	10.1111/phpp.12921		0	0				Infectious		Skin	Amplicon	South Korea	pipeline	
MMC2-11081	4	2023	The Journal of nutrition	Effect of Ginger Root Powder on Gastrointestinal Bacteria Composition, Gastrointestinal Symptoms, Mental Health, Fatigue, and Quality of Life: A Double-Blind Placebo-Controlled Trial.	10.1016/j.tjnut.2023.09.002		0	0				Mental Health		Gut	Amplicon	Australia	pipeline	
MMC2-11083	4	2024	Journal of ethnopharmacology	Multi-omics analysis of Gwakhyangjeonggi-san for gastrointestinal complications in atopic dermatitis: A randomized, double-blinded, placebo-controlled, parallel-group clinical trial.	10.1016/j.jep.2023.117256		0	0				Skin		Gut	Amplicon	South Korea	pipeline	
MMC2-11087	4	2021	Journal of cystic fibrosis : official journal of the European Cystic Fibrosis           Society	Relationship between airway dysbiosis, inflammation and lung function in adults with cystic fibrosis.	10.1016/j.jcf.2020.12.022		0	0				Respiratory		Pulmonary	Amplicon	Germany	pipeline	
MMC2-11088	4	2013	Journal of pediatric gastroenterology and nutrition	Histamine-2 receptor blockers alter the fecal microbiota in premature infants.	10.1097/MPG.0b013e318282a8c2		0	0				Gastrointestinal		Gut	Amplicon	United States	pipeline	
MMC2-11093	4	2013	Thorax	Clinical measures of disease in adult non-CF bronchiectasis correlate with airway microbiota composition.	10.1136/thoraxjnl-2012-203105		0	0				Respiratory		Pulmonary	Amplicon	United Kingdom	pipeline	
MMC2-11094	4	2025	Diagnostic microbiology and infectious disease	Diagnostic value of metagenomic next-generation sequencing for bronchoalveolar lavage diagnostics in patients with lower respiratory tract infections.	10.1016/j.diagmicrobio.2024.116620		0	0				Respiratory		Pulmonary	Amplicon	China	pipeline	
MMC2-11096	4	2024	Acta microbiologica et immunologica Hungarica	Application of metagenomic next-generation sequencing in pathogen detection for patients with lower respiratory tract infections caused by multidrug-resistant organisms and analysis of related factors	10.1556/030.2024.02463		0	0				Respiratory		Pulmonary	Amplicon	China	pipeline	
MMC2-11104	4	2022	Voprosy pitaniia	[The effectiveness of BIFIFORM KIDS in the prevention of the incidence of acute respiratory infections in children].	10.33029/0042-8833-2022-91-4-97-106		0	0				Infectious		Multiple	Amplicon	Russia	pipeline	
MMC2-11105	4	2023	American journal of physiology. Gastrointestinal and liver physiology	Dietary fiber intake and fecal short-chain fatty acid concentrations are associated with lower plasma lipopolysaccharide-binding protein and inflammation.	10.1152/ajpgi.00176.2021		0	0				Metabolic		Multiple	Amplicon	United States	pipeline	
MMC2-11107	4	2023	The journal of nutrition, health & aging	Association of Dental Caries with Muscle Mass, Muscle Strength, and Sarcopenia: A Community-Based Study.	10.1007/s12603-022-1875-8		0	0				Oral		Multiple	Amplicon	China	pipeline	
MMC2-11111	4	2015	Journal of medical microbiology	The oral microbiome in human immunodeficiency virus (HIV)-positive individuals.	10.1099/jmm.0.000128		0	0				Respiratory		Oral	Amplicon	United Kingdom	reviewer_agrees	
MMC2-11114	4	2017	Oral diseases	Dysbiosis of oral buccal mucosa microbiota in patients with oral lichen planus.	10.1111/odi.12657		0	0				Oral		Oral	Amplicon	China	pipeline	
MMC2-11115	4	2022	Journal of cystic fibrosis : official journal of the European Cystic Fibrosis           Society	Comparison of microbial composition of cough swabs and sputum for pathogen detection in patients with cystic fibrosis.	10.1016/j.jcf.2021.08.031		0	0				Respiratory		Pulmonary	Amplicon	Netherlands	pipeline	
MMC2-11116	4	2022	Biomedicine & pharmacotherapy = Biomedecine & pharmacotherapie	Collinsella is associated with cumulative inflammatory burden in an established rheumatoid arthritis cohort.	10.1016/j.biopha.2022.113518		0	0				Metabolic		Gut	Amplicon	Spain	pipeline	
MMC2-11117	4	2021	Gastroenterology	Fecal Microbiota Transplantation Reduces Symptoms in Some Patients With Irritable Bowel Syndrome With Predominant Abdominal Bloating: Short- and Long-term Results From a Placebo-Controlled Randomized 	10.1053/j.gastro.2020.07.013		0	0				Gastrointestinal		Gut	Amplicon	Belgium	pipeline	
MMC2-11118	4	2017	Neurogastroenterology and motility	Effects of varying dietary content of fermentable short-chain carbohydrates on symptoms, fecal microenvironment, and cytokine profiles in patients with irritable bowel syndrome.	10.1111/nmo.12969		0	0				Cancer		Multiple	Amplicon	Norway	pipeline	
MMC2-11125	4	2018	Neurogastroenterology and motility	The effect of a multispecies probiotic on microbiota composition in a clinical trial of patients with diarrhea-predominant irritable bowel syndrome.	10.1111/nmo.13456		0	0				Gastrointestinal		Gut	Amplicon	Israel	pipeline	
MMC2-11128	4	2019	Journal of biophotonics	Detection of dental plaque and its potential pathogenicity using quantitative light-induced fluorescence.	10.1002/jbio.201800414		0	0				Oral		Oral	Amplicon	South Korea	pipeline	
MMC2-11133	4	2016	Clinical gastroenterology and hepatology : the official clinical practice journal           of the American Gastroenterological Association	Lactulose Challenge Determines Visceral Sensitivity and Severity of Symptoms in Patients With Irritable Bowel Syndrome.	10.1016/j.cgh.2015.09.039		0	0				Gastrointestinal		Gut	Amplicon	Sweden	pipeline	
MMC2-11135	4	2022	Journal of psychiatric research	Effects of 4G-beta-D-Galactosylsucrose in patients with depression: A randomized, double-blinded, placebo-controlled, parallel-group comparative study.	10.1016/j.jpsychires.2022.01.059		0	0				Mental Health		Gut	Amplicon	Japan	pipeline	
MMC2-11142	4	2025	Rheumatology (Oxford, England)	Lymphadenopathy in systemic lupus erythematosus: no microbial trigger found by shotgun metagenomics in a retrospective study on 38 patients.	10.1093/rheumatology/keae578		0	0				Infectious		Skin	Shotgun	France	pipeline	
MMC2-11145	4	2025	International journal of infectious diseases : IJID : official publication of the           International Society for Infectious Diseases	Etiology of initial treatment failure in non-immunosuppressed adult patients with community-acquired pneumonia.	10.1016/j.ijid.2025.108110		0	0				Respiratory		Pulmonary	Amplicon	China	pipeline	
MMC2-11153	4	2025	The Journal of infection	A comparative study of DNA- and RNA-metagenomic next-generation sequencing for pathogen detection in lower respiratory tract infections.	10.1016/j.jinf.2025.106659		0	0				Respiratory		Pulmonary	Amplicon	China	pipeline	
MMC2-11156	4	2013	Nature	Gut metagenome in European women with normal, impaired and diabetic glucose control.	10.1038/nature12198		0	0				Metabolic		Gut	Shotgun	Sweden	pipeline	
MMC2-11158	4	2024	Endocrine, metabolic & immune disorders drug targets	Role of Clinical Features, Pathogenic and Etiological Characteristics of Community-acquired Pneumonia with Type 2 Diabetes Mellitus in Early Diagnosis.	10.2174/0118715303273741231117060753		0	0				Respiratory		Other	Amplicon	China	pipeline	
MMC2-11163	4	2015	Digestive diseases and sciences	Multiple Opportunistic Pathogens, but Not Pre-existing Inflammation, May Be Associated with Necrotizing Enterocolitis.	10.1007/s10620-015-3830-6		0	0				Gastrointestinal		Gut	Amplicon	United States	pipeline	
MMC2-11166	4	2018	Neurogastroenterology and motility	Obesity increases the risk of small intestinal bacterial overgrowth (SIBO).	10.1111/nmo.13199		0	0				Metabolic		Gut	Amplicon	United States	pipeline	
MMC2-11171	4	2019	Hemodialysis international. International Symposium on Home Hemodialysis	Amylose resistant starch (HAM-RS2) supplementation increases the proportion of Faecalibacterium bacteria in end-stage renal disease patients: Microbial analysis from a randomized placebo-controlled tr	10.1111/hdi.12753		0	0				Healthy		Gut	Amplicon	United States	pipeline	
MMC2-11172	4	2019	Gastroenterology	Crohn's Disease Exclusion Diet Plus Partial Enteral Nutrition Induces Sustained Remission in a Randomized Controlled Trial.	10.1053/j.gastro.2019.04.021		0	0				Gastrointestinal		Gut	Amplicon	Israel	pipeline	
MMC2-11175	4	2023	Transplantation and cellular therapy	The clinical value of anal swabs for microbial detection in allogeneic haematopoietic stem cell transplantation.	10.1016/j.jtct.2023.07.018		0	0				Infectious		Multiple	Amplicon	China	pipeline	
MMC2-11183	4	2022	Clinical implant dentistry and related research	Impact of smoking on peri-implant bleeding on probing.	10.1111/cid.13062		0	0				Oral		Oral	Amplicon	Spain	pipeline	
MMC2-11197	4	2020	Clinical oral investigations	Identification of microorganisms in irreversible pulpitis and primary endodontic infections with respect to clinical and radiographic findings.	10.1007/s00784-019-03075-9		0	0				Infectious		Oral	Amplicon	United States	pipeline	
MMC2-11200	4	2020	Journal of dentistry	Identifying predictors of early childhood caries among Australian children using sequential modelling: Findings from the VicGen birth cohort study.	10.1016/j.jdent.2020.103276		0	0				Healthy		Oral	Amplicon	Australia	pipeline	
MMC2-11204	4	2024	Odontology	Comparison of dental plaque flora between intellectually disabled patients and healthy individuals: a cross-sectional study.	10.1007/s10266-023-00837-6		0	0				Oral		Oral	Amplicon	Japan	reviewer_agrees	
MMC2-11211	4	2023	Discovery medicine	Comparison of Third-Generation Sequencing Technology and Traditional Microbiological Detection in Pathogen Diagnosis of Lower Respiratory Tract Infection.	10.24976/Discov.Med.202335176.34		0	0				Respiratory		Pulmonary	Shotgun	China	pipeline	
MMC2-11228	4	2022	European journal of clinical nutrition	Gestational weight gain and visceral adiposity in adult offspring: Is there a link with the fecal abundance of Acidaminococcus genus?	10.1038/s41430-022-01182-7		0	0				Infectious		Gut	Amplicon	Brazil	pipeline	
MMC2-11240	4	2025	European archives of oto-rhino-laryngology : official journal of the European           Federation of Oto-Rhino-Laryngological Societies (EUFOS) : affiliated with the            German Society for Oto-Rhino-Laryngology - Head and Neck Surgery	Distinct inflammatory patterns and nasal bacterial dysbiosis in uncontrolled chronic rhinosinusitis.	10.1007/s00405-025-09376-y		0	0				Cancer		Multiple	Amplicon	China	pipeline	
MMC2-11245	4	2023	Biomedicine & pharmacotherapy = Biomedecine & pharmacotherapie	Adiposity is associated with expansion of the genus Dialister in rheumatoid arthritis patients.	10.1016/j.biopha.2023.114388		0	0				Metabolic		Gut	Amplicon	Spain	reviewer_agrees	
MMC2-11250	4	2022	Journal of pediatric gastroenterology and nutrition	Outcomes and Predictors of Sustained Remission After Drug Withdrawal in Pediatric Crohn Disease.	10.1097/MPG.0000000000003589		0	0				Gastrointestinal		Gut	Shotgun	Israel	pipeline	
MMC2-12342	4	2025	PloS one	Do Malassezia yeasts colonize the guts of people living with HIV?	10.1371/journal.pone.0322982		0	0				Infectious		Gut	Amplicon	France	pipeline	
MMC2-12343	4	2025	Gut microbes	Lachnospiraceae bacterium alleviates alcohol-associated liver disease by enhancing N-acetyl-glutamic acid levels and inhibiting ferroptosis through the KEAP1-NRF2 pathway.	10.1080/19490976.2025.2517821		0	0				Liver		Gut	Amplicon	China	pipeline	
MMC2-12344	4	2025	Saudi journal of gastroenterology : official journal of the Saudi Gastroenterology Association	Gut virome profile in new onset treatment na√Øve Saudi children with ulcerative colitis.	10.4103/sjg.sjg_24_25		0	0				Gastrointestinal		Gut	Shotgun	United States	pipeline	
MMC2-12347	4	2018	Scientific reports	Characterization of intestinal microbiota in alcoholic patients with and without alcoholic hepatitis or chronic alcoholic pancreatitis.	10.1038/s41598-018-23146-3		0	0				Liver		Gut	Amplicon	France	pipeline	
MMC2-12350	4	2020	Diabetes care	Erythrocyte n-6 Polyunsaturated Fatty Acids, Gut Microbiota, and Incident Type 2 Diabetes: A Prospective Cohort Study.	10.2337/dc20-0631		0	0				Metabolic		Gut	Amplicon	United Kingdom	pipeline	
MMC2-12354	4	2021	PloS one	Composition of cutaneous bacterial microbiome in seborrheic dermatitis patients: A cross-sectional study.	10.1371/journal.pone.0251136		0	0				Skin		Skin	Amplicon	Netherlands	pipeline	
MMC2-12363	4	2020	FASEB journal : official publication of the Federation of American Societies for Experimental Biology	The relationship between gut microbiota and short chain fatty acids in the renal calcium oxalate stones disease.	10.1096/fj.202000786R		0	0				Renal		Gut	Both	United States	pipeline	
MMC2-12365	4	2025	International journal of pediatric otorhinolaryngology	Metagenomic analysis of the middle ear microbiome: A next-generation sequencing approach in pediatric patients with and without effusion.	10.1016/j.ijporl.2025.112487		0	0				Respiratory		Other	Both	Turkey	pipeline	
MMC2-12371	4	2013	Journal of dental research	Microbial basis of oral malodor development in humans.	10.1177/0022034513507065		0	0				Healthy	yes	Oral	Amplicon	China	t4_reviewer_accepts_proposal	
MMC2-12373	4	2015	APMIS : acta pathologica, microbiologica, et immunologica Scandinavica	Analysis of microbiota in stable patients with chronic obstructive pulmonary disease.	10.1111/apm.12363		0	0				Respiratory		Pulmonary	Amplicon	Spain	pipeline	
MMC2-12379	4	2025	Nutrition research (New York, N.Y.)	Inhibitory control is related to fecal short-chain fatty acid concentrations in adults with overweight and obesity.	10.1016/j.nutres.2025.03.006		0	0				Metabolic		Gut	Amplicon	United States	pipeline	
MMC2-12383	4	2015	Beneficial microbes	Evaluation of Bacillus subtilis R0179 on gastrointestinal viability and general wellness: a randomised, double-blind, placebo-controlled trial in healthy adults.	10.3920/BM2014.0031		0	0				Healthy		Multiple	Amplicon	United States	pipeline	
MMC2-12385	4	2024	The Journal of infectious diseases	Diagnosis and Risk Factors of Prediabetes and Diabetes in People Living With Human Immunodeficiency Virus: Evaluation of Clinical and Microbiome Parameters.	10.1093/infdis/jiae167		0	0				Metabolic		Oral	Shotgun	Israel	pipeline	
MMC2-12386	4	2019	The Journal of allergy and clinical immunology	IL-17-high asthma with features of a psoriasis immunophenotype.	10.1016/j.jaci.2019.03.027		0	0				Respiratory		Pulmonary	Amplicon	United Kingdom	pipeline	
MMC2-12421	4	2025	Frontiers in cellular and infection microbiology	Sub-optimal menstrual materials and vaginal microbiome disruption in women relying on sex for livelihood.	10.3389/fcimb.2025.1662237	PRJNA1279642	0	0				Infectious		Vaginal	Amplicon		pipeline	
MMC2-12426	4	2025	Medicina (Kaunas, Lithuania)	Oral, Vaginal, and Placental Microbiota Profiles in Japanese Pregnancies with Preterm Birth and Chronic Abruption-Oligohydramnios Sequence (CAOS): A Cross-Sectional Study.	10.3390/medicina61122096	PRJDB37520	0	0				Reproductive		Multiple	Amplicon		pipeline	
MMC2-12443	4	2025	Scientific reports	Effect of orally administered L. crispatus M247 in favoring HR-HPV clearance and CST shift: results from a randomized, multi-center, placebo-controlled trial.	10.1038/s41598-025-20838-5		0	0				Infectious		Multiple	Amplicon	Pakistan	pipeline	
MMC2-12471	4	2025	BMC infectious diseases	Urinary tract infections in postmenopausal women revisited (UTIr): a prospective observational cohort study to explore the urobiomes of postmenopausal women with and without recurrent urinary tract in	10.1186/s12879-025-11269-8		0	0				Infectious		Multiple	Both	Netherlands	pipeline	
MMC2-12475	4	2025	Ultrasound in obstetrics & gynecology : the official journal of the International Society of Ultrasound in Obstetrics and Gynecology	Alterations in vaginal microbiome in women with short cervix: longitudinal study of microbial diversity and impact of vaginal progesterone treatment.	10.1002/uog.29269		0	0				Reproductive		Vaginal	Amplicon		pipeline	
MMC2-12478	4	2025	Urogynecology (Philadelphia, Pa.)	Resilience of the Urogenital Microbiota Following Urogynecologic Surgery.	10.1097/SPV.0000000000001526		0	0				Healthy		Multiple	Amplicon		pipeline	
MMC2-12480	4	2025	American journal of obstetrics and gynecology	Late preterm prelabor rupture of membrane (>33 weeks): the risk of intraamniotic inflammation and fetal inflammation is influenced by the cervical microbial ecosystem and cervical inflammation.	10.1016/j.ajog.2025.06.017		0	0				Infectious		Multiple	Amplicon		pipeline	
MMC2-12481	4	2025	Molecular nutrition & food research	Impact of the Probiotic on the Modulation of Vaginal Bacterial and Fungal Microbiota in HPV-Positive Women.	10.1002/mnfr.70142		0	0				STI		Vaginal	Amplicon		pipeline	
MMC2-12485	4	2025	European journal of obstetrics, gynecology, and reproductive biology	Effect of laparoscopic niche resection on vaginal microbiota and its relation to pregnancy rate.	10.1016/j.ejogrb.2025.114046		0	0				Reproductive		Vaginal	Amplicon		pipeline	
MMC2-12490	4	2025	The journal of maternal-fetal & neonatal medicine : the official journal of the European Association of Perinatal Medicine, the Federation of Asia and Oceania Perinatal Societies, the International Society of Perinatal Obstetricians	Microbial imbalances linked to early pregnancy loss: a comparative analysis of vaginal microbiota.	10.1080/14767058.2025.2496787		0	0				Reproductive		Vaginal	Amplicon		reviewer_agrees	
MMC2-12491	4	2025	Journal of medical virology	Vaginal Microbiome and Metabolome Profiles Among HPV Positive and HPV Negative Women Based on Stratification of Vaginitis.	10.1002/jmv.70385		0	0				Infectious		Vaginal	Amplicon		pipeline	
MMC2-12493	4	2025	European journal of obstetrics, gynecology, and reproductive biology	Probiotics in pregnancy and group B streptococcus colonization: A multicentric, randomized, placebo-controlled, double-blind study with a focus on vaginal microbioma.	10.1016/j.ejogrb.2025.113976		0	0				Infectious		Vaginal	Both	Italy	pipeline	
MMC2-12498	4	2025	The Lancet. Microbe	Effect of the vaginal live biotherapeutic LACTIN-V (Lactobacillus crispatus CTV-05) on vaginal microbiota and genital tract inflammation among women at high risk of HIV acquisition in South Africa: a 	10.1016/j.lanmic.2024.101037		0	0				STI		Vaginal	Amplicon	United States	pipeline	
MMC2-12505	4	2025	Archives of gynecology and obstetrics	Investigation of the female genital tract microbiome and its association with hydrosalpinx in women undergoing salpingectomy.	10.1007/s00404-025-07944-5		0	0				Infectious		Vaginal	Amplicon		pipeline	
MMC2-12546	4	2024	Climacteric : the journal of the International Menopause Society	Vaginal microbiome of women with premature ovarian insufficiency: a descriptive cross-sectional study.	10.1080/13697137.2024.2393140		0	0				Healthy		Vaginal	Amplicon		pipeline	
MMC2-12548	4	2024	Journal of obstetrics and gynaecology Canada : JOGC = Journal d'obstetrique et gynecologie du Canada : JOGC	A Description of the THRIVE (The Study of Host-Bacterial Relationships and Immune Function in Different Vaginal Environments) Bacterial Vaginosis Observational Study.	10.1016/j.jogc.2024.102667		0	0				Reproductive		Vaginal	Amplicon		pipeline	
MMC2-12553	4	2024	Nursing for women's health	A Cross-Sectional Comparative Study of Vaginal Microbiota and Spontaneous Abortion at a Tertiary Care Hospital in North Karnataka, India.	10.1016/j.nwh.2024.04.006		0	0				Infectious		Multiple	Amplicon		pipeline	
MMC2-12558	4	2024	Archives of gynecology and obstetrics	Characterization of the vaginal microbiota in Italian women with endometriosis: preliminary study.	10.1007/s00404-024-07631-x		0	0				Reproductive		Vaginal	Shotgun		pipeline	
MMC2-12566	4	2024	International journal of gynaecology and obstetrics: the official organ of the International Federation of Gynaecology and Obstetrics	Vaginal microbiome dysbiosis as a novel noninvasive biomarker for detection of chronic endometritis in infertile women.	10.1002/ijgo.15779		0	0				Reproductive		Vaginal	Amplicon		pipeline	
MMC2-12568	4	2024	Paediatric and perinatal epidemiology	A prospective cohort study examining the association between the periconceptual vaginal microbiota and first-trimester miscarriage in Kenyan women.	10.1111/ppe.13099		0	0				Infectious		Vaginal	Amplicon		pipeline	
MMC2-12570	4	2024	The Journal of infection	Vaginal anaerobes are associated with cervicitis: A case-control study.	10.1016/j.jinf.2024.106210		0	0				Infectious		Vaginal	Amplicon		pipeline	
MMC2-12571	4	2024	American journal of obstetrics and gynecology	Urinary microbiome community types associated with urinary incontinence severity in women.	10.1016/j.ajog.2023.10.036		0	0				Healthy		Multiple	Amplicon		pipeline	
MMC2-12575	4	2024	Journal of obstetrics and gynaecology : the journal of the Institute of Obstetrics and Gynaecology	Vaginal flora in HPV infection: a cross‑sectional analysis.	10.1080/01443615.2024.2361847		0	0				Infectious		Vaginal	Amplicon		pipeline	
MMC2-12578	4	2024	Archives of gynecology and obstetrics	Testing on bacterial vaginosis in a subfertile population and time to pregnancy: a prospective cohort study.	10.1007/s00404-024-07542-x		0	0				Reproductive		Vaginal	Amplicon		pipeline	
MMC2-12589	4	2024	Journal of assisted reproduction and genetics	Impact of vaginal microecological differences on pregnancy outcomes and endometrial microbiota in frozen embryo transfer cycles.	10.1007/s10815-024-03066-0		0	0				Infectious		Vaginal	Amplicon		pipeline	
MMC2-12590	4	2024	Reproductive sciences (Thousand Oaks, Calif.)	The Vaginal Microbiome Changes During Various Fertility Treatments.	10.1007/s43032-024-01484-0		0	0				Reproductive		Vaginal	Amplicon		pipeline	
MMC2-12597	4	2024	Microbes and infection	Role of vaginal microbiota in idiopathic infertility: a prospective study.	10.1016/j.micinf.2024.105308		0	0				Reproductive		Vaginal	Amplicon		pipeline	
MMC2-12606	4	2024	Microbial pathogenesis	Relationship between vaginal microbiota and chorioamnionitis: A prospective cohort study.	10.1016/j.micpath.2023.106458		0	0				Respiratory		Multiple	Amplicon	China	pipeline	
MMC2-12615	4	2024	Pediatrics and neonatology	Effect of probiotics on mother-to-neonate vertical transmission of group B streptococci: A prospective open-label randomized study.	10.1016/j.pedneo.2023.07.004		0	0				Infectious		Multiple	Shotgun		pipeline	
MMC2-12619	4	2024	American journal of perinatology	Cervicovaginal Microbial-Immune State and Group B Streptococcus Colonization in Pregnancy.	10.1055/s-0043-1772226		0	0				Infectious		Vaginal	Amplicon		pipeline	
MMC2-12624	4	2023	The European journal of contraception & reproductive health care : the official journal of the European Society of Contraception	The impact of combined contraceptive vaginal ring on vaginal environment: an observational, longitudinal study.	10.1080/13625187.2023.2228440		0	0				Infectious		Vaginal	Amplicon		pipeline	
MMC2-12634	4	2023	Clinical microbiology and infection : the official publication of the European Society of Clinical Microbiology and Infectious Diseases	Effects of azithromycin and doxycycline on the vaginal microbiota of women with urogenital Chlamydia trachomatis infection: a substudy of the Chlazidoxy randomized controlled trial.	10.1016/j.cmi.2023.04.020		0	0				Infectious		Multiple	Amplicon		pipeline	
MMC2-12635	4	2023	Reproductive biomedicine online	Comparative analysis of the vaginal microbiome of healthy and polycystic ovary syndrome women: a large cross-sectional study.	10.1016/j.rbmo.2023.02.002		0	0				Reproductive		Multiple	Amplicon		pipeline	
MMC2-12639	4	2023	BMC pregnancy and childbirth	Vaginal flora during pregnancy and subsequent risk of preterm birth or prelabor rupture of membranes: a nested case-control study from China.	10.1186/s12884-023-05564-y		0	0				Reproductive		Vaginal	Amplicon		pipeline	
MMC2-12647	4	2023	BMJ open	Impact of testosterone use on the vaginal microbiota of transgender men, including susceptibility to bacterial vaginosis: study protocol for a prospective, observational study.	10.1136/bmjopen-2023-073068		0	0				Reproductive		Vaginal	Amplicon		pipeline	
MMC2-12656	4	2023	Reproductive sciences (Thousand Oaks, Calif.)	Preterm Prelabor Rupture of Membranes Linked to Vaginal Bacteriome of Pregnant Females in the Early Second Trimester: a Case-Cohort Design.	10.1007/s43032-022-01153-0		0	0				Reproductive		Vaginal	Amplicon		pipeline	
MMC2-12657	4	2023	Journal of women's health (2002)	Vaginal Microbiota and Pregnancy Outcomes of Patients with Conization Histories.	10.1089/jwh.2022.0440		0	0				Reproductive		Vaginal	Amplicon		pipeline	
MMC2-12664	4	2022	Scientific reports	Transition in vaginal Lactobacillus species during pregnancy and prediction of preterm birth in Korean women.	10.1038/s41598-022-26058-5		0	0				Reproductive		Vaginal	Amplicon		pipeline	
MMC2-12668	4	2022	BioMed research international	Differential Effect of Vaginal Microbiota on Spontaneous Preterm Birth among Chinese Pregnant Women.	10.1155/2022/3536108		0	0				Metabolic		Vaginal	Amplicon		pipeline	
MMC2-12698	4	2022	The journal of sexual medicine	Vestibulodynia and the Vaginal Microbiome: A Case-Control Study.	10.1016/j.jsxm.2022.06.014		0	0				Infectious		Vaginal	Amplicon		pipeline	
MMC2-12699	4	2022	Frontiers in cellular and infection microbiology	Longitudinal Changes in the Composition of the Penile Microbiome Are Associated With Circumcision Status, HIV and HSV-2 Status, Sexual Practices, and Female Partner Microbiome Composition.	10.3389/fcimb.2022.916437		0	0				Infectious		Multiple	Amplicon		pipeline	
MMC2-12705	4	2022	Current microbiology	Vaginal Microbiota Is Stable and Mainly Dominated by Lactobacillus at Third Trimester of Pregnancy and Active Childbirth: A Longitudinal Study of Ten Mexican Women.	10.1007/s00284-022-02918-1		0	0				Reproductive		Vaginal	Amplicon		pipeline	
MMC2-12708	4	2022	Scientific reports	Ureaplasma and Prevotella colonization with Lactobacillus abundance during pregnancy facilitates term birth.	10.1038/s41598-022-13871-1		0	0				Infectious		Vaginal	Both		pipeline	
MMC2-12730	4	2022	PloS one	Vaginal microbiome of women with adenomyosis: A case-control study.	10.1371/journal.pone.0263283		0	0				Healthy		Vaginal	Amplicon		pipeline	
MMC2-12749	4	2022	The Journal of infectious diseases	Vaginal Microbiome Components as Correlates of Cervical Human Papillomavirus Infection.	10.1093/infdis/jiab547		0	0				Infectious		Vaginal	Amplicon		pipeline	
MMC2-12755	4	2021	Frontiers in immunology	Temporal Changes in Vaginal Microbiota and Genital Tract Cytokines Among South African Women Treated for Bacterial Vaginosis.	10.3389/fimmu.2021.730986		0	0				STI		Vaginal	Amplicon	United States	pipeline	
MMC2-12760	4	2021	BMC microbiology	Reproductive tract microbiota of women in childbearing age shifts upon gynecological infections and menstrual cycle.	10.1186/s12866-021-02300-4		0	0				Infectious		Multiple	Amplicon		pipeline	
MMC2-12776	4	2021	Zhonghua yu fang yi xue za zhi [Chinese journal of preventive medicine]	[The cervical microbiota characteristics in patients with human papillomavirus infection].	10.3760/cma.j.cn112150-20210224-00184		0	0				Infectious		Vaginal	Amplicon		pipeline	
MMC2-12785	4	2021	European journal of obstetrics, gynecology, and reproductive biology	Characterization of the vaginal and endometrial microbiome in patients with chronic endometritis.	10.1016/j.ejogrb.2021.05.045		0	0				Healthy		Vaginal	Amplicon		pipeline	
MMC2-12787	4	2021	BJOG : an international journal of obstetrics and gynaecology	Vaginal bacterial load in the second trimester is associated with early preterm birth recurrence: a nested case-control study.	10.1111/1471-0528.16816		0	0				Reproductive		Vaginal	Amplicon		pipeline	
MMC2-12791	4	2021	BJOG : an international journal of obstetrics and gynaecology	The vaginal microbiota composition of women undergoing assisted reproduction: a prospective cohort study.	10.1111/1471-0528.16782		0	0				Reproductive		Vaginal	Amplicon		pipeline	
MMC2-12798	4	2021	Nursing research	Associations Between Dysmenorrhea Symptom-Based Phenotypes and Vaginal Microbiome: A Pilot Study.	10.1097/NNR.0000000000000510		0	0				Healthy		Multiple	Amplicon		pipeline	
MMC2-12799	4	2021	Medicine	STROBE-sequencing analysis of the vaginal microecology of 4- to 6-year-old girls in Southwest China.	10.1097/MD.0000000000025362		0	0				Reproductive		Vaginal	Amplicon		pipeline	
MMC2-12802	4	2022	International urogynecology journal	Bacterial biofilm formation on vaginal ring pessaries used for pelvic organ prolapse.	10.1007/s00192-021-04717-x		0	0				Anatomical		Vaginal	Amplicon		pipeline	
MMC2-12807	4	2021	Archives of gynecology and obstetrics	Influence of Lactobacillus crispatus, Lactobacillus iners and Gardnerella vaginalis on bacterial vaginal composition in pregnant women.	10.1007/s00404-021-05978-z		0	0				Healthy		Vaginal	Amplicon		pipeline	
MMC2-12808	4	2022	The journal of maternal-fetal & neonatal medicine : the official journal of the European Association of Perinatal Medicine, the Federation of Asia and Oceania Perinatal Societies, the International Society of Perinatal Obstetricians	An exploratory study of associations with spontaneous preterm birth in primigravid pregnant women with a normal cervical length.	10.1080/14767058.2021.1879786		0	0				Reproductive		Vaginal	Amplicon		pipeline	
MMC2-12833	4	2021	American journal of perinatology	Effect of a Nonoptimal Cervicovaginal Microbiota and Psychosocial Stress on Recurrent Spontaneous Preterm Birth.	10.1055/s-0040-1717098		0	0				Reproductive		Vaginal	Amplicon		pipeline	
MMC2-12836	4	2020	Omics : a journal of integrative biology	Changes in Vaginal Microbiome in Pregnant and Nonpregnant Women with Bacterial Vaginosis: Toward Microbiome Diagnostics?	10.1089/omi.2020.0096		0	0				Reproductive		Vaginal	Amplicon		pipeline	
MMC2-12843	4	2020	Journal of infection and chemotherapy : official journal of the Japan Society of Chemotherapy	Vaginal microbiota associated with preterm delivery.	10.1016/j.jiac.2020.06.003		0	0				Reproductive		Vaginal	Amplicon		pipeline	
MMC2-12860	4	2020	Clinical endocrinology	Association between polycystic ovary syndrome and the vaginal microbiome: A case-control study.	10.1111/cen.14198		0	0				Reproductive		Vaginal	Amplicon	China	pipeline	
MMC2-12866	4	2020	American journal of obstetrics and gynecology	Characteristics of the vaginal microbiome in women with and without clinically confirmed vulvodynia.	10.1016/j.ajog.2020.02.039		0	0				Infectious		Vaginal	Amplicon		reviewer_agrees	
MMC2-12869	4	2020	BMJ open	Impact of preconception vaginal microbiota on women's risk of spontaneous preterm birth: protocol for a prospective case-cohort study.	10.1136/bmjopen-2019-035186		0	0				STI		Multiple	Amplicon		pipeline	
MMC2-12872	4	2020	Sexually transmitted diseases	Vaginal Microbiota and Mucosal Immune Markers in Women With Vulvovaginal Discomfort.	10.1097/OLQ.0000000000001143		0	0				Reproductive		Vaginal	Amplicon		pipeline	
MMC2-12873	4	2020	Clinical nutrition (Edinburgh, Scotland)	Dietary macronutrient intake and molecular-bacterial vaginosis: Role of fiber.	10.1016/j.clnu.2020.01.011		0	0				Metabolic		Vaginal	Amplicon		reviewer_agrees	
MMC2-12875	4	2020	Diagnostic microbiology and infectious disease	Vaginal bacterial profiles of aerobic vaginitis: a case-control study.	10.1016/j.diagmicrobio.2019.114981		0	0				Infectious		Vaginal	Amplicon		pipeline	
MMC2-12877	4	2020	Annals of epidemiology	Vaginal microbiome diversity and preterm birth: results of a nested case-control study in Peru.	10.1016/j.annepidem.2019.11.004		0	0				Reproductive		Vaginal	Amplicon		pipeline	
MMC2-12885	4	2020	American journal of obstetrics and gynecology	Cervicovaginal microbial communities deficient in Lactobacillus species are associated with second trimester short cervix.	10.1016/j.ajog.2019.11.1283		0	0				Reproductive		Vaginal	Amplicon		pipeline	
MMC2-12889	4	2019	Journal of perinatal medicine	Evidence that intra-amniotic infections are often the result of an ascending invasion - a molecular microbiological study.	10.1515/jpm-2019-0297		0	0				Infectious		Multiple	Amplicon	United States	pipeline	
MMC2-12893	4	2019	PloS one	Highly diverse anaerobe-predominant vaginal microbiota among HIV-infected pregnant women in Zambia.	10.1371/journal.pone.0223128		0	0				Infectious		Vaginal	Shotgun		pipeline	
MMC2-12895	4	2020	The Journal of infectious diseases	Nonoptimal Vaginal Microbiota After Azithromycin Treatment for Chlamydia trachomatis Infection.	10.1093/infdis/jiz499		0	0				Infectious		Vaginal	Amplicon		pipeline	
MMC2-12900	4	2019	Journal of clinical microbiology	Molecular Testing for Mycoplasma genitalium in the United States: Results from the AMES Prospective Multicenter Clinical Study.	10.1128/JCM.01125-19		0	0				Healthy		Vaginal	Amplicon		pipeline	
MMC2-12903	4	2020	American journal of obstetrics and gynecology	Defining the relationship between vaginal and urinary microbiomes.	10.1016/j.ajog.2019.08.011		0	0				Infectious		Multiple	Amplicon		pipeline	
MMC2-12916	4	2019	European journal of clinical microbiology & infectious diseases : official publication of the European Society of Clinical Microbiology	Detection of Methanobrevibacter smithii in vaginal samples collected from women diagnosed with bacterial vaginosis.	10.1007/s10096-019-03592-1		0	0				Reproductive		Vaginal	Amplicon		pipeline	
MMC2-12921	4	2019	Frontiers in cellular and infection microbiology	The Vaginal and Urinary Microbiomes in Premenopausal Women With Interstitial Cystitis/Bladder Pain Syndrome as Compared to Unaffected Controls: A Pilot Cross-Sectional Study.	10.3389/fcimb.2019.00092		0	0				Healthy		Multiple	Amplicon		pipeline	
MMC2-12927	4	2019	Emerging microbes & infections	Differential effects of depot medroxyprogesterone acetate administration on vaginal microbiome in Hispanic White and Black women.	10.1080/22221751.2018.1563458		0	0				Infectious		Vaginal	Amplicon		reviewer_agrees	
MMC2-12935	4	2019	Clinical infectious diseases : an official publication of the Infectious Diseases Society of America	Impact of Standard Bacterial Vaginosis Treatment on the Genital Microbiota, Immune Milieu, and Ex Vivo Human Immunodeficiency Virus Susceptibility.	10.1093/cid/ciy762		0	0				Infectious		Vaginal	Amplicon	United States	pipeline	
MMC2-12939	4	2018	International urogynecology journal	Urinary microbes and postoperative urinary tract infection risk in urogynecologic surgical patients.	10.1007/s00192-018-3767-3		0	0				Infectious		Multiple	Amplicon		pipeline	
MMC2-12942	4	2018	Journal of neonatal-perinatal medicine	The relationship of cervical microbiota diversity with race and disparities in preterm birth.	10.3233/NPM-17111		0	0				Reproductive		Vaginal	Amplicon		pipeline	
MMC2-12953	4	2019	BJOG : an international journal of obstetrics and gynaecology	Vaginal microbiome in early pregnancy and subsequent risk of spontaneous preterm birth: a case-control study.	10.1111/1471-0528.15299		0	0				Reproductive		Vaginal	Amplicon		pipeline	
MMC2-12958	4	2018	The Lancet. Infectious diseases	Evaluation of the association between the concentrations of key vaginal bacteria and the increased risk of HIV acquisition in African women from five cohorts: a nested case-control study.	10.1016/S1473-3099(18)30058-6		0	0				Infectious		Vaginal	Amplicon		pipeline	
MMC2-12961	4	2018	Sexually transmitted infections	Vaginal microbiota composition and association with prevalent	10.1136/sextrans-2017-053346		0	0				Infectious		Vaginal	Amplicon		pipeline	
MMC2-12965	4	2018	The Australian & New Zealand journal of obstetrics & gynaecology	A retrospective pilot study to determine whether the reproductive tract microbiota differs between women with a history of infertility and fertile women.	10.1111/ajo.12754		0	0				Infectious		Vaginal	Amplicon		pipeline	
MMC2-12987	4	2017	PloS one	The influence of sexual activity on the vaginal microbiota and Gardnerella vaginalis clade diversity in young women.	10.1371/journal.pone.0171856		0	0				Healthy		Multiple	Amplicon		pipeline	
MMC2-12990	4	2017	Journal of cellular physiology	Subclinical alteration of the cervical-vaginal microbiome in women with idiopathic infertility.	10.1002/jcp.25806		0	0				Reproductive		Vaginal	Amplicon		pipeline	
MMC2-12993	4	2017	Journal of clinical microbiology	Serotype Distribution, Population Structure, and Antimicrobial Resistance of Group B Streptococcus Strains Recovered from Colonized Pregnant Women.	10.1128/JCM.01615-16	SRR4414138; SRR4414182	2	2				Infectious		Gut	Shotgun	Canada	pipeline	
MMC2-12994	4	2016	American journal of obstetrics and gynecology	Evidence that the endometrial microbiota has an effect on implantation success or failure.	10.1016/j.ajog.2016.09.075		0	0				Metabolic		Vaginal	Amplicon	Spain	pipeline	
MMC2-12999	4	2017	Clinical infectious diseases : an official publication of the Infectious Diseases Society of America	The Cervicovaginal Microbiota in Women Notified for Chlamydia trachomatis Infection: A Case-Control Study at the Sexually Transmitted Infection Outpatient Clinic in Amsterdam, The Netherlands.	10.1093/cid/ciw586		0	0				Infectious		Vaginal	Amplicon		pipeline	
MMC2-13000	4	2016	The Journal of infectious diseases	The Cervicovaginal Microbiota and Its Associations With Human Papillomavirus Detection in HIV-Infected and HIV-Uninfected Women.	10.1093/infdis/jiw374		0	0				Infectious		Vaginal	Amplicon		pipeline	
MMC2-13007	4	2016	American journal of perinatology	The Gestational Vaginal Microbiome and Spontaneous Preterm Birth among Nulliparous African American Women.	10.1055/s-0036-1581057		0	0				Reproductive		Vaginal	Amplicon		pipeline	
MMC2-13012	4	2016	International urogynecology journal	Effects of pelvic organ prolapse ring pessary therapy on intravaginal microbial flora.	10.1007/s00192-015-2811-9		0	0				Anatomical		Vaginal	Amplicon		pipeline	
MMC2-13025	4	2015	PloS one	The vaginal microbiota over an 8- to 10-year period in a cohort of HIV-infected and HIV-uninfected women.	10.1371/journal.pone.0116894		0	0				Infectious		Vaginal	Amplicon		pipeline	
MMC2-13026	4	2014	PloS one	Intestinal microbiota is different in women with preterm birth: results from terminal restriction fragment length polymorphism analysis.	10.1371/journal.pone.0111374		0	0				Infectious		Multiple	Amplicon	Japan	pipeline	
MMC2-13029	4	2014	BMC infectious diseases	No indication for tissue tropism in urogenital and anorectal Chlamydia trachomatis infections using high-resolution multilocus sequence typing.	10.1186/1471-2334-14-464		0	0				Infectious		Multiple	Amplicon		pipeline	
MMC2-13035	4	2014	Pathogens and disease	The bacterial microbiome in paired vaginal and vestibular samples from women with vulvar vestibulitis syndrome.	10.1111/2049-632X.12197		0	0				Healthy		Vaginal	Amplicon		pipeline	
MMC2-13039	4	2014	Antiviral research	Comparison of the vaginal microbial communities in women with recurrent genital HSV receiving acyclovir intravaginal rings.	10.1016/j.antiviral.2013.12.004		0	0				STI		Vaginal	Amplicon		pipeline	
MMC2-13041	4	2013	PloS one	Detection of anorectal and cervicovaginal Chlamydia trachomatis infections following azithromycin treatment: prospective cohort study with multiple time-sequential measures of rRNA, DNA, quantitative 	10.1371/journal.pone.0081236		0	0				Infectious		Vaginal	Amplicon		pipeline	
MMC2-13042	4	2013	PloS one	Characterization of the vaginal microbiota among sexual risk behavior groups of women with bacterial vaginosis.	10.1371/journal.pone.0080254		0	0				Reproductive		Vaginal	Amplicon		pipeline	
MMC2-13044	4	2014	Reproductive sciences (Thousand Oaks, Calif.)	Diversity of the vaginal microbiome correlates with preterm birth.	10.1177/1933719113488838		0	0				Infectious		Vaginal	Amplicon		pipeline	
MMC2-13047	4	2013	PloS one	Composition of the vaginal microbiota in women of reproductive age--sensitive and specific molecular diagnosis of bacterial vaginosis is possible?	10.1371/journal.pone.0060670		0	0				Reproductive		Vaginal	Amplicon		pipeline	
MMC2-13053	4	2013	Microbial ecology	The restoration of the vaginal microbiota after treatment for bacterial vaginosis with metronidazole or probiotics.	10.1007/s00248-012-0154-3		0	0				Reproductive		Vaginal	Amplicon		pipeline	
